date,district,disease,cases,hospitalizations,tests_conducted,positive_rate,temperature,humidity,rainfall_mm,population,population_density
2025-11-08,Amritsar,COVID-19,14,3,38,36.84,22.9,47.8,0.0,2490000,1985.1
2025-11-09,Amritsar,COVID-19,12,1,26,46.15,23.8,55.8,0.0,2490000,2736.8
2025-11-10,Amritsar,COVID-19,11,2,52,21.15,25.2,58.8,0.0,2490000,1048.6
2025-11-11,Amritsar,COVID-19,11,2,37,29.73,24.8,54.7,0.2,2490000,1480.9
2025-11-12,Amritsar,COVID-19,14,2,44,31.82,29.0,49.0,0.0,2490000,2977.1
2025-11-13,Amritsar,COVID-19,15,1,70,21.43,24.9,57.2,0.0,2490000,1164.0
2025-11-14,Amritsar,COVID-19,16,3,49,32.65,23.1,47.3,0.0,2490000,1206.7
2025-11-15,Amritsar,COVID-19,14,3,29,48.28,27.2,56.8,0.0,2490000,1939.9
2025-11-16,Amritsar,COVID-19,16,1,43,37.21,28.3,45.0,0.0,2490000,1306.7
2025-11-17,Amritsar,COVID-19,18,3,51,35.29,25.2,52.6,0.0,2490000,1211.3
2025-11-18,Amritsar,COVID-19,15,3,34,44.12,25.0,47.2,0.0,2490000,2283.9
2025-11-19,Amritsar,COVID-19,14,2,67,20.9,24.9,53.5,0.0,2490000,832.0
2025-11-20,Amritsar,COVID-19,19,2,60,31.67,29.7,45.5,0.0,2490000,2574.7
2025-11-21,Amritsar,COVID-19,15,3,52,28.85,25.1,58.4,0.0,2490000,1209.5
2025-11-22,Amritsar,COVID-19,14,1,32,43.75,23.5,62.0,0.0,2490000,1054.0
2025-11-23,Amritsar,COVID-19,13,2,50,26.0,26.2,49.9,0.0,2490000,1122.8
2025-11-24,Amritsar,COVID-19,11,1,54,20.37,25.7,60.4,0.0,2490000,961.1
2025-11-25,Amritsar,COVID-19,17,2,54,31.48,28.1,50.5,0.0,2490000,1298.7
2025-11-26,Amritsar,COVID-19,18,3,42,42.86,28.9,57.9,0.0,2490000,1218.4
2025-11-27,Amritsar,COVID-19,18,1,36,50.0,27.4,48.4,0.0,2490000,2933.7
2025-11-28,Amritsar,COVID-19,13,2,52,25.0,26.9,53.0,0.0,2490000,1715.6
2025-11-29,Amritsar,COVID-19,19,4,87,21.84,32.0,59.4,0.0,2490000,1200.8
2025-11-30,Amritsar,COVID-19,16,2,54,29.63,32.5,52.5,0.2,2490000,2280.9
2025-12-01,Amritsar,COVID-19,13,3,64,20.31,26.5,55.7,0.0,2490000,2365.7
2025-12-02,Amritsar,COVID-19,12,2,31,38.71,28.1,55.9,0.0,2490000,1010.3
2025-12-03,Amritsar,COVID-19,21,4,93,22.58,30.2,57.1,0.0,2490000,1730.3
2025-12-04,Amritsar,COVID-19,16,3,76,21.05,30.3,57.7,1.4,2490000,1262.0
2025-12-05,Amritsar,COVID-19,17,2,34,50.0,29.9,54.6,0.0,2490000,1182.3
2025-12-06,Amritsar,COVID-19,16,3,68,23.53,30.3,63.1,0.0,2490000,1220.8
2025-12-07,Amritsar,COVID-19,15,3,70,21.43,30.0,54.5,1.0,2490000,2990.5
2025-12-08,Amritsar,COVID-19,20,4,63,31.75,29.1,61.5,1.8,2490000,1627.2
2025-12-09,Amritsar,COVID-19,14,3,48,29.17,32.3,62.5,3.3,2490000,1950.3
2025-12-10,Amritsar,COVID-19,14,2,44,31.82,29.1,62.3,0.0,2490000,1090.1
2025-12-11,Amritsar,COVID-19,16,3,65,24.62,26.1,61.0,0.0,2490000,2332.4
2025-12-12,Amritsar,COVID-19,19,4,65,29.23,28.9,70.1,0.9,2490000,1426.3
2025-12-13,Amritsar,COVID-19,18,2,41,43.9,28.1,64.0,0.0,2490000,842.7
2025-12-14,Amritsar,COVID-19,17,3,62,27.42,32.2,60.1,0.0,2490000,2565.8
2025-12-15,Amritsar,COVID-19,16,2,36,44.44,30.2,56.9,0.0,2490000,1334.7
2025-12-16,Amritsar,COVID-19,15,2,62,24.19,32.2,60.7,0.0,2490000,834.1
2025-12-17,Amritsar,COVID-19,20,4,70,28.57,33.0,65.7,0.0,2490000,886.0
2025-12-18,Amritsar,COVID-19,23,5,52,44.23,29.4,60.4,0.0,2490000,1821.5
2025-12-19,Amritsar,COVID-19,13,2,32,40.62,30.7,64.9,0.0,2490000,924.5
2025-12-20,Amritsar,COVID-19,17,2,34,50.0,33.3,63.6,0.0,2490000,1263.5
2025-12-21,Amritsar,COVID-19,19,2,82,23.17,31.3,60.1,0.0,2490000,863.7
2025-12-22,Amritsar,COVID-19,19,3,42,45.24,31.1,68.5,0.0,2490000,1867.8
2025-12-23,Amritsar,COVID-19,20,4,66,30.3,32.3,72.8,0.0,2490000,842.8
2025-12-24,Amritsar,COVID-19,14,1,63,22.22,31.9,66.7,0.4,2490000,2103.0
2025-12-25,Amritsar,COVID-19,18,4,59,30.51,31.9,62.3,2.2,2490000,2668.9
2025-12-26,Amritsar,COVID-19,16,2,48,33.33,33.2,74.0,0.0,2490000,1010.0
2025-12-27,Amritsar,COVID-19,19,4,69,27.54,34.6,67.0,0.0,2490000,1984.0
2025-12-28,Amritsar,COVID-19,21,4,48,43.75,29.6,73.2,0.0,2490000,1489.9
2025-12-29,Amritsar,COVID-19,14,2,59,23.73,31.7,63.3,2.8,2490000,1295.7
2025-12-30,Amritsar,COVID-19,15,3,65,23.08,32.3,74.0,0.0,2490000,1201.1
2025-12-31,Amritsar,COVID-19,16,3,73,21.92,34.1,68.7,0.0,2490000,1648.2
2026-01-01,Amritsar,COVID-19,17,2,61,27.87,28.2,62.9,2.4,2490000,2920.1
2026-01-02,Amritsar,COVID-19,19,2,42,45.24,34.0,75.7,0.0,2490000,1734.5
2026-01-03,Amritsar,COVID-19,24,3,65,36.92,35.3,78.6,2.5,2490000,2260.5
2026-01-04,Amritsar,COVID-19,17,3,71,23.94,34.0,74.2,0.0,2490000,1106.3
2026-01-05,Amritsar,COVID-19,17,3,49,34.69,30.4,66.3,2.3,2490000,1432.3
2026-01-06,Amritsar,COVID-19,21,4,104,20.19,33.5,69.5,0.0,2490000,2570.8
2026-01-07,Amritsar,COVID-19,20,3,67,29.85,36.4,69.2,2.0,2490000,1180.7
2026-01-08,Amritsar,COVID-19,16,2,45,35.56,33.3,71.9,6.9,2490000,2371.8
2026-01-09,Amritsar,COVID-19,22,2,100,22.0,33.1,66.5,1.9,2490000,1172.9
2026-01-10,Amritsar,COVID-19,15,2,31,48.39,34.0,72.0,0.0,2490000,2989.9
2026-01-11,Amritsar,COVID-19,11,1,44,25.0,33.2,68.2,0.0,2490000,1179.3
2026-01-12,Amritsar,COVID-19,16,3,58,27.59,33.6,67.7,0.0,2490000,1902.8
2026-01-13,Amritsar,COVID-19,20,3,61,32.79,36.4,63.7,1.7,2490000,1553.2
2026-01-14,Amritsar,COVID-19,26,3,73,35.62,33.8,72.2,0.0,2490000,902.6
2026-01-15,Amritsar,COVID-19,18,3,69,26.09,29.8,78.5,1.3,2490000,1295.1
2026-01-16,Amritsar,COVID-19,21,3,92,22.83,38.2,65.4,0.0,2490000,2154.8
2026-01-17,Amritsar,COVID-19,17,2,72,23.61,36.4,66.8,3.9,2490000,2620.0
2026-01-18,Amritsar,COVID-19,15,2,74,20.27,30.7,78.0,2.7,2490000,840.3
2026-01-19,Amritsar,COVID-19,18,2,53,33.96,32.7,83.4,7.0,2490000,2578.7
2026-01-20,Amritsar,COVID-19,18,2,65,27.69,37.5,73.1,0.0,2490000,1782.7
2026-01-21,Amritsar,COVID-19,18,3,88,20.45,35.1,74.1,0.5,2490000,996.8
2026-01-22,Amritsar,COVID-19,18,4,72,25.0,34.0,77.5,0.8,2490000,990.9
2026-01-23,Amritsar,COVID-19,23,3,84,27.38,35.0,81.8,2.6,2490000,1261.6
2026-01-24,Amritsar,COVID-19,18,2,38,47.37,37.6,72.0,2.0,2490000,1557.1
2026-01-25,Amritsar,COVID-19,20,2,63,31.75,32.9,76.1,2.1,2490000,1024.8
2026-01-26,Amritsar,COVID-19,12,2,31,38.71,38.1,79.8,0.8,2490000,1448.3
2026-01-27,Amritsar,COVID-19,22,2,44,50.0,36.8,71.3,0.0,2490000,1430.7
2026-01-28,Amritsar,COVID-19,18,4,62,29.03,35.2,75.2,0.0,2490000,1175.5
2026-01-29,Amritsar,COVID-19,21,3,81,25.93,34.4,71.6,2.2,2490000,888.4
2026-01-30,Amritsar,COVID-19,23,4,70,32.86,35.0,66.9,4.3,2490000,1670.5
2026-01-31,Amritsar,COVID-19,18,1,88,20.45,32.8,79.4,0.0,2490000,1423.1
2026-02-01,Amritsar,COVID-19,21,2,99,21.21,32.3,78.2,4.0,2490000,2027.4
2026-02-02,Amritsar,COVID-19,18,2,63,28.57,35.2,76.5,0.0,2490000,978.3
2026-02-03,Amritsar,COVID-19,15,2,51,29.41,35.8,72.0,0.0,2490000,962.7
2026-02-04,Amritsar,COVID-19,20,2,59,33.9,35.8,74.3,5.1,2490000,1256.5
2026-02-05,Amritsar,COVID-19,20,3,86,23.26,36.2,74.2,0.8,2490000,1614.7
2026-02-06,Amritsar,COVID-19,20,4,61,32.79,34.0,77.9,0.0,2490000,1754.2
2026-02-07,Amritsar,COVID-19,18,3,39,46.15,31.7,70.8,4.0,2490000,1049.6
2026-02-08,Amritsar,COVID-19,14,2,48,29.17,36.9,77.8,4.7,2490000,1380.7
2026-02-09,Amritsar,COVID-19,35,4,141,24.82,36.3,73.9,4.4,2490000,867.7
2026-02-10,Amritsar,COVID-19,47,8,116,40.52,36.7,79.7,1.4,2490000,1258.7
2026-02-11,Amritsar,COVID-19,51,7,254,20.08,36.5,73.8,0.0,2490000,2599.8
2026-02-12,Amritsar,COVID-19,44,9,136,32.35,36.6,79.8,3.4,2490000,843.7
2026-02-13,Amritsar,COVID-19,55,12,185,29.73,32.7,77.2,8.9,2490000,1182.4
2026-02-14,Amritsar,COVID-19,76,10,369,20.6,36.6,71.9,3.5,2490000,1336.3
2026-02-15,Amritsar,COVID-19,69,13,327,21.1,32.9,75.9,5.1,2490000,1900.3
2026-02-16,Amritsar,COVID-19,98,22,425,23.06,35.1,78.7,0.0,2490000,2985.9
2026-02-17,Amritsar,COVID-19,85,14,278,30.58,33.7,83.3,2.0,2490000,1734.5
2026-02-18,Amritsar,COVID-19,90,11,216,41.67,35.9,75.6,0.3,2490000,1237.0
2026-02-19,Amritsar,COVID-19,128,19,517,24.76,37.9,83.0,0.0,2490000,1587.2
2026-02-20,Amritsar,COVID-19,115,25,524,21.95,33.7,72.9,2.1,2490000,1940.1
2026-02-21,Amritsar,COVID-19,102,11,273,37.36,34.9,78.5,2.0,2490000,978.6
2026-02-22,Amritsar,COVID-19,125,13,622,20.1,33.5,82.3,1.0,2490000,1110.5
2026-02-23,Amritsar,COVID-19,146,14,373,39.14,37.7,80.6,4.8,2490000,1111.2
2026-02-24,Amritsar,COVID-19,142,18,652,21.78,34.8,79.3,4.6,2490000,1652.3
2026-02-25,Amritsar,COVID-19,88,21,288,30.56,37.5,80.0,0.2,2490000,1169.6
2026-02-26,Amritsar,COVID-19,135,13,270,50.0,32.3,88.2,3.9,2490000,1155.2
2026-02-27,Amritsar,COVID-19,140,20,342,40.94,33.4,77.1,2.5,2490000,1199.2
2026-02-28,Amritsar,COVID-19,128,14,419,30.55,36.9,84.3,2.8,2490000,864.3
2026-03-01,Amritsar,COVID-19,110,22,432,25.46,32.9,75.7,4.6,2490000,924.1
2026-03-02,Amritsar,COVID-19,96,18,344,27.91,32.0,79.6,6.9,2490000,1081.4
2026-03-03,Amritsar,COVID-19,118,16,476,24.79,35.9,81.4,8.3,2490000,894.1
2026-03-04,Amritsar,COVID-19,103,19,246,41.87,36.7,77.2,3.5,2490000,850.4
2026-03-05,Amritsar,COVID-19,79,11,166,47.59,33.9,80.2,4.9,2490000,1250.2
2026-03-06,Amritsar,COVID-19,90,11,251,35.86,32.3,78.8,6.3,2490000,1978.1
2026-03-07,Amritsar,COVID-19,92,15,204,45.1,35.1,81.8,0.4,2490000,2864.7
2026-03-08,Amritsar,COVID-19,84,11,287,29.27,32.7,89.0,10.4,2490000,1356.5
2026-03-09,Amritsar,COVID-19,49,11,225,21.78,36.1,78.0,10.9,2490000,902.5
2026-03-10,Amritsar,COVID-19,56,6,134,41.79,31.9,75.2,5.1,2490000,2179.5
2026-03-11,Amritsar,COVID-19,38,5,116,32.76,36.3,83.8,2.5,2490000,885.4
2026-03-12,Amritsar,COVID-19,39,4,140,27.86,36.6,82.5,3.0,2490000,1045.6
2026-03-13,Amritsar,COVID-19,42,8,134,31.34,34.8,75.5,3.4,2490000,1086.2
2026-03-14,Amritsar,COVID-19,17,3,80,21.25,31.2,71.1,3.2,2490000,1492.7
2026-03-15,Amritsar,COVID-19,17,2,71,23.94,32.0,75.7,0.0,2490000,3046.8
2026-03-16,Amritsar,COVID-19,14,2,55,25.45,35.9,80.8,6.6,2490000,1398.2
2026-03-17,Amritsar,COVID-19,21,2,46,45.65,35.0,77.5,2.3,2490000,2471.7
2026-03-18,Amritsar,COVID-19,16,2,68,23.53,31.7,80.3,8.3,2490000,1020.5
2026-03-19,Amritsar,COVID-19,22,2,78,28.21,34.4,75.1,2.9,2490000,880.8
2026-03-20,Amritsar,COVID-19,23,4,96,23.96,30.5,82.0,2.6,2490000,1288.2
2026-03-21,Amritsar,COVID-19,19,4,91,20.88,33.7,83.8,1.6,2490000,2260.9
2026-03-22,Amritsar,COVID-19,20,2,92,21.74,29.0,79.1,7.3,2490000,2078.2
2026-03-23,Amritsar,COVID-19,17,2,67,25.37,31.9,86.5,2.0,2490000,1238.2
2026-03-24,Amritsar,COVID-19,18,3,40,45.0,32.4,78.3,4.1,2490000,893.0
2026-03-25,Amritsar,COVID-19,21,3,55,38.18,32.6,82.1,5.6,2490000,1638.3
2026-03-26,Amritsar,COVID-19,13,1,48,27.08,29.7,81.3,4.2,2490000,879.6
2026-03-27,Amritsar,COVID-19,25,3,117,21.37,33.4,85.0,3.7,2490000,1848.9
2026-03-28,Amritsar,COVID-19,14,1,33,42.42,32.1,77.2,3.6,2490000,2108.3
2026-03-29,Amritsar,COVID-19,20,4,52,38.46,31.9,76.6,3.7,2490000,1642.6
2026-03-30,Amritsar,COVID-19,14,2,50,28.0,32.1,73.5,10.5,2490000,1141.8
2026-03-31,Amritsar,COVID-19,15,2,38,39.47,30.9,80.5,9.0,2490000,1529.9
2026-04-01,Amritsar,COVID-19,22,4,103,21.36,26.2,73.6,4.6,2490000,2264.5
2026-04-02,Amritsar,COVID-19,18,2,51,35.29,31.6,70.2,4.9,2490000,2103.8
2026-04-03,Amritsar,COVID-19,21,4,69,30.43,32.0,77.7,4.7,2490000,1227.1
2026-04-04,Amritsar,COVID-19,19,2,65,29.23,31.0,76.4,3.4,2490000,1178.6
2026-04-05,Amritsar,COVID-19,17,1,39,43.59,32.0,69.9,4.2,2490000,979.2
2026-04-06,Amritsar,COVID-19,17,3,41,41.46,30.3,80.3,1.5,2490000,1161.0
2026-04-07,Amritsar,COVID-19,16,2,52,30.77,28.6,76.2,1.8,2490000,1704.0
2026-04-08,Amritsar,COVID-19,16,2,72,22.22,31.4,78.6,1.2,2490000,1210.1
2026-04-09,Amritsar,COVID-19,16,3,74,21.62,27.7,76.5,0.0,2490000,2529.0
2026-04-10,Amritsar,COVID-19,16,2,48,33.33,26.8,77.6,7.9,2490000,1980.3
2026-04-11,Amritsar,COVID-19,16,2,78,20.51,30.7,83.0,0.5,2490000,1280.7
2026-04-12,Amritsar,COVID-19,20,2,75,26.67,30.6,64.4,3.0,2490000,1100.1
2026-04-13,Amritsar,COVID-19,16,3,52,30.77,30.7,78.3,3.0,2490000,1146.8
2026-04-14,Amritsar,COVID-19,14,3,51,27.45,30.4,86.3,6.9,2490000,1328.1
2026-04-15,Amritsar,COVID-19,22,2,108,20.37,26.5,70.7,5.7,2490000,1532.2
2026-04-16,Amritsar,COVID-19,21,4,91,23.08,28.9,71.0,9.3,2490000,902.8
2026-04-17,Amritsar,COVID-19,19,3,72,26.39,29.8,76.0,4.9,2490000,2697.4
2026-04-18,Amritsar,COVID-19,13,3,42,30.95,30.8,75.6,3.8,2490000,1567.6
2026-04-19,Amritsar,COVID-19,17,2,75,22.67,30.2,61.6,8.5,2490000,1261.3
2026-04-20,Amritsar,COVID-19,20,2,50,40.0,30.8,68.7,6.3,2490000,1744.1
2026-04-21,Amritsar,COVID-19,13,2,34,38.24,30.0,68.8,2.2,2490000,906.8
2026-04-22,Amritsar,COVID-19,18,2,58,31.03,27.7,70.4,5.9,2490000,1057.4
2026-04-23,Amritsar,COVID-19,14,2,37,37.84,26.8,76.9,9.7,2490000,1305.6
2026-04-24,Amritsar,COVID-19,17,3,38,44.74,27.0,74.9,2.4,2490000,881.1
2026-04-25,Amritsar,COVID-19,16,3,56,28.57,28.8,72.6,3.5,2490000,2580.6
2026-04-26,Amritsar,COVID-19,16,3,49,32.65,26.8,69.3,5.2,2490000,2781.9
2026-04-27,Amritsar,COVID-19,15,2,58,25.86,26.8,75.9,3.6,2490000,1026.1
2026-04-28,Amritsar,COVID-19,18,4,67,26.87,29.0,75.1,0.0,2490000,919.8
2026-04-29,Amritsar,COVID-19,15,1,39,38.46,27.0,74.4,4.4,2490000,2059.2
2026-04-30,Amritsar,COVID-19,11,1,23,47.83,24.9,67.2,1.5,2490000,1090.8
2026-05-01,Amritsar,COVID-19,16,2,62,25.81,21.7,80.2,7.9,2490000,859.3
2026-05-02,Amritsar,COVID-19,16,2,79,20.25,25.8,77.9,1.4,2490000,1283.3
2026-05-03,Amritsar,COVID-19,14,1,29,48.28,25.8,75.3,4.9,2490000,955.5
2026-05-04,Amritsar,COVID-19,13,3,40,32.5,27.7,68.2,1.8,2490000,1172.9
2026-05-05,Amritsar,COVID-19,16,2,73,21.92,28.0,81.5,5.2,2490000,2077.9
2026-05-06,Amritsar,COVID-19,16,3,72,22.22,26.9,71.2,7.9,2490000,865.2
2025-11-08,Amritsar,Chikungunya,19,2,58,32.76,25.4,49.8,0.0,2490000,2121.6
2025-11-09,Amritsar,Chikungunya,15,2,39,38.46,24.9,48.4,0.0,2490000,994.7
2025-11-10,Amritsar,Chikungunya,15,3,37,40.54,27.1,57.7,0.0,2490000,1929.3
2025-11-11,Amritsar,Chikungunya,12,2,35,34.29,23.7,51.3,1.8,2490000,1249.1
2025-11-12,Amritsar,Chikungunya,14,1,28,50.0,25.0,52.0,0.0,2490000,2115.0
2025-11-13,Amritsar,Chikungunya,13,1,49,26.53,29.4,54.5,0.0,2490000,1459.3
2025-11-14,Amritsar,Chikungunya,15,3,57,26.32,24.5,50.9,0.0,2490000,1048.5
2025-11-15,Amritsar,Chikungunya,14,1,35,40.0,24.6,56.7,0.0,2490000,2318.7
2025-11-16,Amritsar,Chikungunya,16,2,34,47.06,31.1,57.4,0.0,2490000,1490.6
2025-11-17,Amritsar,Chikungunya,21,3,66,31.82,27.1,46.3,0.0,2490000,939.0
2025-11-18,Amritsar,Chikungunya,20,2,68,29.41,28.1,49.0,0.0,2490000,2477.4
2025-11-19,Amritsar,Chikungunya,18,4,87,20.69,26.9,46.7,0.0,2490000,855.8
2025-11-20,Amritsar,Chikungunya,15,2,68,22.06,26.2,59.1,0.0,2490000,832.4
2025-11-21,Amritsar,Chikungunya,18,4,63,28.57,22.9,54.8,5.1,2490000,884.2
2025-11-22,Amritsar,Chikungunya,17,3,42,40.48,29.5,56.5,0.0,2490000,2045.2
2025-11-23,Amritsar,Chikungunya,18,2,59,30.51,23.7,53.0,0.0,2490000,841.2
2025-11-24,Amritsar,Chikungunya,16,2,66,24.24,28.2,56.1,0.0,2490000,2392.5
2025-11-25,Amritsar,Chikungunya,19,3,57,33.33,30.4,54.3,0.0,2490000,2121.8
2025-11-26,Amritsar,Chikungunya,21,3,60,35.0,27.0,69.1,0.0,2490000,1968.0
2025-11-27,Amritsar,Chikungunya,17,2,72,23.61,27.3,54.9,0.0,2490000,1642.4
2025-11-28,Amritsar,Chikungunya,17,1,71,23.94,30.8,61.3,0.0,2490000,855.9
2025-11-29,Amritsar,Chikungunya,16,3,66,24.24,28.2,57.9,0.0,2490000,1662.7
2025-11-30,Amritsar,Chikungunya,17,3,37,45.95,32.5,59.2,0.3,2490000,1149.3
2025-12-01,Amritsar,Chikungunya,15,2,53,28.3,29.5,49.9,0.0,2490000,2368.4
2025-12-02,Amritsar,Chikungunya,17,3,44,38.64,26.8,54.5,0.0,2490000,1257.5
2025-12-03,Amritsar,Chikungunya,23,5,110,20.91,29.9,63.8,0.0,2490000,1291.5
2025-12-04,Amritsar,Chikungunya,15,2,34,44.12,28.5,49.2,0.0,2490000,2016.5
2025-12-05,Amritsar,Chikungunya,19,2,70,27.14,31.5,58.7,2.8,2490000,1395.6
2025-12-06,Amritsar,Chikungunya,18,2,87,20.69,28.8,60.0,0.0,2490000,2071.7
2025-12-07,Amritsar,Chikungunya,21,4,95,22.11,30.0,49.8,0.0,2490000,1680.1
2025-12-08,Amritsar,Chikungunya,15,2,49,30.61,26.7,53.9,0.8,2490000,1252.6
2025-12-09,Amritsar,Chikungunya,18,2,82,21.95,29.5,53.6,0.4,2490000,1123.0
2025-12-10,Amritsar,Chikungunya,14,2,43,32.56,29.5,64.3,0.0,2490000,1659.8
2025-12-11,Amritsar,Chikungunya,19,3,86,22.09,28.2,63.0,0.0,2490000,1853.1
2025-12-12,Amritsar,Chikungunya,14,3,68,20.59,30.6,60.6,4.7,2490000,1134.0
2025-12-13,Amritsar,Chikungunya,16,2,53,30.19,30.3,62.4,0.0,2490000,1683.6
2025-12-14,Amritsar,Chikungunya,20,2,59,33.9,28.4,64.1,0.0,2490000,1902.9
2025-12-15,Amritsar,Chikungunya,18,1,89,20.22,31.3,56.0,0.0,2490000,1106.9
2025-12-16,Amritsar,Chikungunya,15,2,69,21.74,30.1,51.7,0.0,2490000,2066.2
2025-12-17,Amritsar,Chikungunya,17,3,78,21.79,29.6,62.7,0.0,2490000,975.2
2025-12-18,Amritsar,Chikungunya,15,1,72,20.83,33.7,60.1,0.0,2490000,1728.9
2025-12-19,Amritsar,Chikungunya,19,4,86,22.09,26.7,66.1,0.0,2490000,1416.1
2025-12-20,Amritsar,Chikungunya,20,2,93,21.51,34.4,60.7,0.0,2490000,1506.6
2025-12-21,Amritsar,Chikungunya,17,3,79,21.52,34.2,65.8,0.2,2490000,2113.2
2025-12-22,Amritsar,Chikungunya,17,3,63,26.98,34.3,63.3,2.5,2490000,1266.7
2025-12-23,Amritsar,Chikungunya,18,3,49,36.73,31.1,68.1,0.0,2490000,1622.7
2025-12-24,Amritsar,Chikungunya,17,2,78,21.79,31.2,65.3,0.0,2490000,1069.5
2025-12-25,Amritsar,Chikungunya,20,4,54,37.04,32.5,64.9,0.0,2490000,1412.6
2025-12-26,Amritsar,Chikungunya,14,2,43,32.56,31.9,67.3,0.0,2490000,876.4
2025-12-27,Amritsar,Chikungunya,21,4,52,40.38,32.0,62.6,0.0,2490000,2697.3
2025-12-28,Amritsar,Chikungunya,14,2,67,20.9,35.4,68.0,2.0,2490000,1018.5
2025-12-29,Amritsar,Chikungunya,20,2,64,31.25,29.5,79.2,0.0,2490000,1864.6
2025-12-30,Amritsar,Chikungunya,22,4,49,44.9,35.0,68.3,0.0,2490000,885.0
2025-12-31,Amritsar,Chikungunya,14,1,43,32.56,29.6,60.2,0.0,2490000,972.7
2026-01-01,Amritsar,Chikungunya,19,2,88,21.59,32.0,72.4,2.7,2490000,1942.0
2026-01-02,Amritsar,Chikungunya,20,2,60,33.33,34.7,77.1,2.9,2490000,1254.9
2026-01-03,Amritsar,Chikungunya,23,2,98,23.47,32.1,71.7,0.0,2490000,2490.1
2026-01-04,Amritsar,Chikungunya,14,2,44,31.82,31.8,69.1,3.3,2490000,1427.8
2026-01-05,Amritsar,Chikungunya,22,3,95,23.16,32.9,61.7,0.0,2490000,1668.5
2026-01-06,Amritsar,Chikungunya,21,2,54,38.89,34.5,69.5,0.0,2490000,1001.3
2026-01-07,Amritsar,Chikungunya,16,2,43,37.21,32.7,62.5,0.0,2490000,2721.9
2026-01-08,Amritsar,Chikungunya,20,2,62,32.26,33.4,63.1,0.0,2490000,1080.6
2026-01-09,Amritsar,Chikungunya,20,2,48,41.67,32.9,63.2,3.1,2490000,1327.0
2026-01-10,Amritsar,Chikungunya,20,2,68,29.41,32.9,72.3,0.0,2490000,1710.1
2026-01-11,Amritsar,Chikungunya,16,2,33,48.48,34.6,76.5,0.0,2490000,900.8
2026-01-12,Amritsar,Chikungunya,22,3,84,26.19,36.5,77.6,1.8,2490000,1076.0
2026-01-13,Amritsar,Chikungunya,26,5,99,26.26,28.0,79.5,2.9,2490000,1045.2
2026-01-14,Amritsar,Chikungunya,26,3,52,50.0,34.8,82.9,0.0,2490000,1225.4
2026-01-15,Amritsar,Chikungunya,15,1,33,45.45,35.0,72.5,0.0,2490000,995.9
2026-01-16,Amritsar,Chikungunya,26,6,86,30.23,35.5,65.3,0.0,2490000,1745.2
2026-01-17,Amritsar,Chikungunya,21,3,97,21.65,33.8,70.2,1.0,2490000,1385.7
2026-01-18,Amritsar,Chikungunya,21,3,91,23.08,35.2,72.2,1.5,2490000,2084.4
2026-01-19,Amritsar,Chikungunya,18,3,38,47.37,35.0,73.5,3.8,2490000,1004.6
2026-01-20,Amritsar,Chikungunya,18,2,87,20.69,35.4,68.1,0.0,2490000,1052.3
2026-01-21,Amritsar,Chikungunya,20,3,54,37.04,34.6,82.3,0.0,2490000,844.1
2026-01-22,Amritsar,Chikungunya,19,2,48,39.58,33.8,80.6,2.5,2490000,1967.8
2026-01-23,Amritsar,Chikungunya,19,3,80,23.75,37.5,75.7,0.0,2490000,1933.7
2026-01-24,Amritsar,Chikungunya,17,2,82,20.73,33.7,77.0,0.0,2490000,981.9
2026-01-25,Amritsar,Chikungunya,36,7,142,25.35,33.1,77.7,0.4,2490000,2468.2
2026-01-26,Amritsar,Chikungunya,36,4,92,39.13,37.1,79.4,0.0,2490000,1206.1
2026-01-27,Amritsar,Chikungunya,37,3,127,29.13,36.8,72.5,1.2,2490000,2698.2
2026-01-28,Amritsar,Chikungunya,57,7,211,27.01,33.1,75.3,6.1,2490000,960.9
2026-01-29,Amritsar,Chikungunya,42,9,171,24.56,36.3,78.7,6.1,2490000,832.7
2026-01-30,Amritsar,Chikungunya,57,6,240,23.75,33.0,71.3,4.1,2490000,1070.7
2026-01-31,Amritsar,Chikungunya,83,19,378,21.96,33.2,71.8,6.0,2490000,851.9
2026-02-01,Amritsar,Chikungunya,82,9,261,31.42,36.6,77.1,6.4,2490000,1782.1
2026-02-02,Amritsar,Chikungunya,85,16,234,36.32,33.6,74.6,0.0,2490000,1817.8
2026-02-03,Amritsar,Chikungunya,101,13,497,20.32,39.3,75.8,2.0,2490000,1487.7
2026-02-04,Amritsar,Chikungunya,110,11,374,29.41,32.1,79.6,0.0,2490000,1484.7
2026-02-05,Amritsar,Chikungunya,121,27,410,29.51,35.8,73.0,3.6,2490000,1027.9
2026-02-06,Amritsar,Chikungunya,117,19,279,41.94,35.1,71.7,0.2,2490000,1065.1
2026-02-07,Amritsar,Chikungunya,135,15,385,35.06,38.5,65.2,3.3,2490000,917.9
2026-02-08,Amritsar,Chikungunya,118,17,549,21.49,30.0,80.8,0.0,2490000,1040.8
2026-02-09,Amritsar,Chikungunya,113,19,491,23.01,37.1,80.7,4.7,2490000,1682.0
2026-02-10,Amritsar,Chikungunya,143,25,434,32.95,36.7,79.4,0.8,2490000,1092.6
2026-02-11,Amritsar,Chikungunya,137,15,378,36.24,34.9,81.2,9.1,2490000,882.4
2026-02-12,Amritsar,Chikungunya,157,22,752,20.88,36.2,73.0,4.7,2490000,1234.8
2026-02-13,Amritsar,Chikungunya,132,29,508,25.98,36.6,86.4,1.9,2490000,941.8
2026-02-14,Amritsar,Chikungunya,151,34,365,41.37,30.2,79.9,1.8,2490000,1199.1
2026-02-15,Amritsar,Chikungunya,146,30,697,20.95,34.8,83.5,5.4,2490000,1396.5
2026-02-16,Amritsar,Chikungunya,132,13,278,47.48,33.7,76.6,0.0,2490000,947.0
2026-02-17,Amritsar,Chikungunya,123,15,496,24.8,31.4,84.4,3.4,2490000,1004.3
2026-02-18,Amritsar,Chikungunya,98,11,257,38.13,37.0,77.9,1.9,2490000,1879.0
2026-02-19,Amritsar,Chikungunya,105,16,413,25.42,37.0,66.6,2.0,2490000,1584.4
2026-02-20,Amritsar,Chikungunya,106,25,507,20.91,35.9,71.0,5.7,2490000,1005.3
2026-02-21,Amritsar,Chikungunya,87,20,380,22.89,31.8,79.7,8.2,2490000,2025.1
2026-02-22,Amritsar,Chikungunya,64,15,200,32.0,31.3,84.3,0.9,2490000,3032.6
2026-02-23,Amritsar,Chikungunya,71,10,325,21.85,33.4,77.6,0.0,2490000,1436.4
2026-02-24,Amritsar,Chikungunya,54,5,122,44.26,34.6,83.8,8.0,2490000,1114.4
2026-02-25,Amritsar,Chikungunya,59,11,206,28.64,37.5,79.2,3.1,2490000,841.3
2026-02-26,Amritsar,Chikungunya,42,10,86,48.84,36.1,75.9,1.3,2490000,851.6
2026-02-27,Amritsar,Chikungunya,33,4,123,26.83,35.0,78.0,1.2,2490000,1590.2
2026-02-28,Amritsar,Chikungunya,40,7,172,23.26,36.9,78.1,3.0,2490000,1734.7
2026-03-01,Amritsar,Chikungunya,17,1,43,39.53,35.6,67.3,5.1,2490000,1613.4
2026-03-02,Amritsar,Chikungunya,25,3,113,22.12,31.9,87.7,6.7,2490000,1322.9
2026-03-03,Amritsar,Chikungunya,22,3,93,23.66,33.5,85.9,4.1,2490000,909.9
2026-03-04,Amritsar,Chikungunya,22,4,55,40.0,34.0,80.7,2.3,2490000,1591.8
2026-03-05,Amritsar,Chikungunya,17,3,43,39.53,36.5,88.6,3.1,2490000,972.1
2026-03-06,Amritsar,Chikungunya,23,2,83,27.71,33.6,73.3,1.6,2490000,857.3
2026-03-07,Amritsar,Chikungunya,25,6,101,24.75,31.2,70.8,5.7,2490000,899.2
2026-03-08,Amritsar,Chikungunya,16,3,46,34.78,35.9,84.5,1.2,2490000,1221.7
2026-03-09,Amritsar,Chikungunya,21,3,59,35.59,35.2,77.1,0.7,2490000,1647.2
2026-03-10,Amritsar,Chikungunya,24,4,73,32.88,32.6,79.1,0.9,2490000,1091.0
2026-03-11,Amritsar,Chikungunya,17,2,35,48.57,35.4,85.5,5.4,2490000,1453.9
2026-03-12,Amritsar,Chikungunya,23,3,50,46.0,31.0,67.6,1.3,2490000,1077.5
2026-03-13,Amritsar,Chikungunya,25,4,88,28.41,29.5,84.3,5.5,2490000,1131.8
2026-03-14,Amritsar,Chikungunya,19,3,87,21.84,30.7,84.7,4.2,2490000,1463.9
2026-03-15,Amritsar,Chikungunya,20,2,46,43.48,34.2,76.6,7.6,2490000,2480.9
2026-03-16,Amritsar,Chikungunya,18,2,83,21.69,32.3,80.8,0.0,2490000,2119.2
2026-03-17,Amritsar,Chikungunya,22,4,49,44.9,35.4,76.6,3.5,2490000,1821.1
2026-03-18,Amritsar,Chikungunya,22,4,72,30.56,32.3,76.7,3.6,2490000,1376.0
2026-03-19,Amritsar,Chikungunya,17,3,39,43.59,30.4,89.0,4.6,2490000,2612.5
2026-03-20,Amritsar,Chikungunya,24,4,111,21.62,33.5,76.7,6.2,2490000,1001.3
2026-03-21,Amritsar,Chikungunya,25,5,119,21.01,33.5,82.1,2.9,2490000,2921.3
2026-03-22,Amritsar,Chikungunya,18,2,44,40.91,33.7,77.6,2.0,2490000,1844.8
2026-03-23,Amritsar,Chikungunya,20,3,71,28.17,36.1,78.9,4.7,2490000,1253.3
2026-03-24,Amritsar,Chikungunya,17,2,79,21.52,31.7,79.4,5.7,2490000,875.9
2026-03-25,Amritsar,Chikungunya,17,3,77,22.08,32.2,70.4,6.2,2490000,1420.1
2026-03-26,Amritsar,Chikungunya,19,4,90,21.11,31.2,80.3,8.8,2490000,1711.0
2026-03-27,Amritsar,Chikungunya,22,4,92,23.91,31.5,75.1,4.6,2490000,1975.0
2026-03-28,Amritsar,Chikungunya,19,2,58,32.76,31.1,82.1,0.0,2490000,2033.6
2026-03-29,Amritsar,Chikungunya,18,3,84,21.43,30.4,76.2,9.2,2490000,1131.6
2026-03-30,Amritsar,Chikungunya,17,1,77,22.08,33.6,84.9,10.5,2490000,991.6
2026-03-31,Amritsar,Chikungunya,20,2,70,28.57,32.9,74.8,7.1,2490000,1059.3
2026-04-01,Amritsar,Chikungunya,17,2,43,39.53,32.0,73.6,11.4,2490000,1992.3
2026-04-02,Amritsar,Chikungunya,15,2,64,23.44,29.5,74.7,9.9,2490000,1045.2
2026-04-03,Amritsar,Chikungunya,15,2,36,41.67,33.2,87.4,0.0,2490000,2255.9
2026-04-04,Amritsar,Chikungunya,20,4,62,32.26,29.2,72.8,5.2,2490000,1378.1
2026-04-05,Amritsar,Chikungunya,15,1,46,32.61,28.6,75.2,4.3,2490000,2297.0
2026-04-06,Amritsar,Chikungunya,17,2,84,20.24,27.0,76.1,2.8,2490000,1634.5
2026-04-07,Amritsar,Chikungunya,16,3,68,23.53,32.1,79.6,4.8,2490000,853.7
2026-04-08,Amritsar,Chikungunya,20,3,95,21.05,31.0,79.0,8.0,2490000,952.2
2026-04-09,Amritsar,Chikungunya,20,2,48,41.67,30.9,81.8,5.4,2490000,948.6
2026-04-10,Amritsar,Chikungunya,22,3,44,50.0,30.6,79.2,1.1,2490000,945.4
2026-04-11,Amritsar,Chikungunya,19,4,39,48.72,30.2,73.3,15.1,2490000,995.4
2026-04-12,Amritsar,Chikungunya,22,2,46,47.83,28.2,76.2,5.4,2490000,1159.3
2026-04-13,Amritsar,Chikungunya,18,3,48,37.5,28.9,83.2,9.1,2490000,1158.8
2026-04-14,Amritsar,Chikungunya,18,2,87,20.69,32.0,80.1,6.0,2490000,1254.8
2026-04-15,Amritsar,Chikungunya,16,3,33,48.48,27.7,77.6,9.0,2490000,1243.4
2026-04-16,Amritsar,Chikungunya,15,2,44,34.09,31.6,71.5,10.9,2490000,1436.2
2026-04-17,Amritsar,Chikungunya,13,3,45,28.89,29.3,74.4,1.6,2490000,1246.6
2026-04-18,Amritsar,Chikungunya,18,2,46,39.13,28.4,69.1,4.7,2490000,2368.0
2026-04-19,Amritsar,Chikungunya,16,3,42,38.1,30.2,79.1,6.7,2490000,903.5
2026-04-20,Amritsar,Chikungunya,17,4,47,36.17,27.7,80.1,7.5,2490000,1963.3
2026-04-21,Amritsar,Chikungunya,16,1,51,31.37,28.4,70.8,4.8,2490000,2804.5
2026-04-22,Amritsar,Chikungunya,16,3,42,38.1,27.1,77.2,7.3,2490000,2598.7
2026-04-23,Amritsar,Chikungunya,21,3,70,30.0,26.3,82.0,3.9,2490000,1017.6
2026-04-24,Amritsar,Chikungunya,17,2,81,20.99,26.6,74.2,7.9,2490000,1138.4
2026-04-25,Amritsar,Chikungunya,16,2,54,29.63,27.0,72.2,1.3,2490000,857.5
2026-04-26,Amritsar,Chikungunya,13,1,41,31.71,30.1,72.0,4.7,2490000,1562.3
2026-04-27,Amritsar,Chikungunya,17,1,58,29.31,26.8,79.7,5.9,2490000,994.8
2026-04-28,Amritsar,Chikungunya,15,2,44,34.09,27.6,67.8,6.3,2490000,1176.7
2026-04-29,Amritsar,Chikungunya,14,2,53,26.42,25.6,68.6,0.0,2490000,1216.6
2026-04-30,Amritsar,Chikungunya,15,3,41,36.59,24.0,77.8,5.7,2490000,1468.5
2026-05-01,Amritsar,Chikungunya,16,3,34,47.06,33.0,71.6,3.6,2490000,1360.5
2026-05-02,Amritsar,Chikungunya,17,2,43,39.53,25.9,78.4,5.4,2490000,867.3
2026-05-03,Amritsar,Chikungunya,13,3,46,28.26,28.5,72.3,0.7,2490000,2244.2
2026-05-04,Amritsar,Chikungunya,15,2,65,23.08,25.8,63.9,4.4,2490000,1575.1
2026-05-05,Amritsar,Chikungunya,19,3,85,22.35,24.1,72.1,5.2,2490000,870.9
2026-05-06,Amritsar,Chikungunya,14,3,60,23.33,24.9,69.8,7.1,2490000,1137.8
2025-11-08,Amritsar,Dengue,7,1,19,36.84,25.9,50.4,0.3,2490000,926.1
2025-11-09,Amritsar,Dengue,8,0,34,23.53,29.6,57.9,0.0,2490000,1745.8
2025-11-10,Amritsar,Dengue,10,1,42,23.81,24.8,55.0,0.0,2490000,849.9
2025-11-11,Amritsar,Dengue,9,1,26,34.62,28.7,55.2,4.1,2490000,1408.0
2025-11-12,Amritsar,Dengue,14,3,45,31.11,23.0,59.5,0.0,2490000,1639.3
2025-11-13,Amritsar,Dengue,11,1,51,21.57,25.3,52.5,0.0,2490000,2310.8
2025-11-14,Amritsar,Dengue,12,1,55,21.82,24.4,61.4,0.0,2490000,1270.1
2025-11-15,Amritsar,Dengue,13,3,47,27.66,26.8,53.6,0.0,2490000,2645.1
2025-11-16,Amritsar,Dengue,13,1,63,20.63,28.6,61.5,0.0,2490000,971.3
2025-11-17,Amritsar,Dengue,10,1,27,37.04,23.7,57.4,0.6,2490000,1050.4
2025-11-18,Amritsar,Dengue,10,2,27,37.04,21.7,50.7,0.0,2490000,3067.0
2025-11-19,Amritsar,Dengue,11,1,42,26.19,25.0,54.9,0.0,2490000,1477.0
2025-11-20,Amritsar,Dengue,15,2,34,44.12,28.2,51.2,0.0,2490000,1204.3
2025-11-21,Amritsar,Dengue,12,1,39,30.77,24.6,55.4,0.3,2490000,2301.3
2025-11-22,Amritsar,Dengue,14,2,55,25.45,28.0,49.9,0.0,2490000,3000.9
2025-11-23,Amritsar,Dengue,11,2,29,37.93,28.0,52.2,0.0,2490000,1787.3
2025-11-24,Amritsar,Dengue,11,1,50,22.0,25.4,63.3,0.0,2490000,1288.6
2025-11-25,Amritsar,Dengue,13,2,37,35.14,28.5,52.3,0.0,2490000,1806.1
2025-11-26,Amritsar,Dengue,10,2,35,28.57,27.2,50.7,0.0,2490000,991.4
2025-11-27,Amritsar,Dengue,14,3,29,48.28,28.8,62.0,0.0,2490000,1589.1
2025-11-28,Amritsar,Dengue,10,1,42,23.81,27.6,57.6,0.0,2490000,962.2
2025-11-29,Amritsar,Dengue,14,2,49,28.57,26.3,62.3,0.0,2490000,1193.0
2025-11-30,Amritsar,Dengue,12,1,39,30.77,26.3,75.3,0.0,2490000,1573.2
2025-12-01,Amritsar,Dengue,14,2,36,38.89,25.0,58.4,0.0,2490000,2358.9
2025-12-02,Amritsar,Dengue,11,1,40,27.5,27.0,68.4,0.0,2490000,1270.6
2025-12-03,Amritsar,Dengue,12,1,53,22.64,29.8,61.5,0.0,2490000,938.0
2025-12-04,Amritsar,Dengue,13,2,55,23.64,31.6,58.9,0.0,2490000,857.9
2025-12-05,Amritsar,Dengue,14,3,36,38.89,30.6,61.2,0.0,2490000,901.0
2025-12-06,Amritsar,Dengue,13,1,64,20.31,33.6,57.0,0.0,2490000,854.6
2025-12-07,Amritsar,Dengue,14,3,62,22.58,30.5,65.0,0.7,2490000,1065.9
2025-12-08,Amritsar,Dengue,15,3,36,41.67,28.0,53.7,2.6,2490000,1246.7
2025-12-09,Amritsar,Dengue,12,1,55,21.82,30.1,60.1,0.0,2490000,961.8
2025-12-10,Amritsar,Dengue,12,2,42,28.57,28.4,63.3,0.0,2490000,919.6
2025-12-11,Amritsar,Dengue,13,1,56,23.21,30.2,63.8,0.0,2490000,1922.0
2025-12-12,Amritsar,Dengue,16,2,42,38.1,28.3,65.5,0.0,2490000,1319.9
2025-12-13,Amritsar,Dengue,14,3,41,34.15,26.4,61.0,2.8,2490000,1043.3
2025-12-14,Amritsar,Dengue,16,3,52,30.77,31.5,62.6,0.0,2490000,1779.9
2025-12-15,Amritsar,Dengue,11,1,23,47.83,33.2,60.5,0.0,2490000,2023.3
2025-12-16,Amritsar,Dengue,13,2,42,30.95,31.9,64.6,0.2,2490000,1017.8
2025-12-17,Amritsar,Dengue,14,2,49,28.57,31.1,65.8,0.0,2490000,928.3
2025-12-18,Amritsar,Dengue,18,2,66,27.27,28.0,64.5,0.0,2490000,955.0
2025-12-19,Amritsar,Dengue,12,1,36,33.33,31.6,62.3,0.0,2490000,946.4
2025-12-20,Amritsar,Dengue,16,2,51,31.37,33.5,59.5,2.9,2490000,1926.8
2025-12-21,Amritsar,Dengue,16,2,66,24.24,31.7,68.2,2.7,2490000,1088.7
2025-12-22,Amritsar,Dengue,13,2,49,26.53,31.7,74.2,0.0,2490000,1400.8
2025-12-23,Amritsar,Dengue,13,2,37,35.14,32.2,65.8,0.0,2490000,2097.2
2025-12-24,Amritsar,Dengue,15,3,66,22.73,30.8,70.6,0.1,2490000,1171.5
2025-12-25,Amritsar,Dengue,17,1,66,25.76,33.5,64.1,0.0,2490000,2732.3
2025-12-26,Amritsar,Dengue,13,1,52,25.0,33.5,61.1,0.0,2490000,1536.7
2025-12-27,Amritsar,Dengue,12,1,42,28.57,31.9,61.0,0.0,2490000,905.5
2025-12-28,Amritsar,Dengue,13,1,55,23.64,32.9,61.5,0.0,2490000,1127.5
2025-12-29,Amritsar,Dengue,16,1,74,21.62,32.6,61.9,2.4,2490000,1213.2
2025-12-30,Amritsar,Dengue,14,2,34,41.18,33.8,70.0,0.0,2490000,932.6
2025-12-31,Amritsar,Dengue,12,2,25,48.0,34.4,70.2,0.0,2490000,1038.2
2026-01-01,Amritsar,Dengue,16,2,78,20.51,32.4,73.9,0.0,2490000,838.4
2026-01-02,Amritsar,Dengue,15,2,71,21.13,34.6,68.5,0.0,2490000,2111.3
2026-01-03,Amritsar,Dengue,18,2,45,40.0,36.1,79.2,0.0,2490000,1149.7
2026-01-04,Amritsar,Dengue,15,3,56,26.79,34.4,77.4,0.0,2490000,2307.6
2026-01-05,Amritsar,Dengue,16,3,36,44.44,35.8,68.6,0.0,2490000,2849.6
2026-01-06,Amritsar,Dengue,17,1,58,29.31,37.1,72.4,0.0,2490000,2982.5
2026-01-07,Amritsar,Dengue,13,2,28,46.43,33.0,66.7,0.0,2490000,2227.0
2026-01-08,Amritsar,Dengue,15,2,37,40.54,32.1,72.3,0.0,2490000,2391.5
2026-01-09,Amritsar,Dengue,13,2,44,29.55,35.3,71.1,0.0,2490000,967.3
2026-01-10,Amritsar,Dengue,17,3,71,23.94,30.7,65.1,0.8,2490000,1199.6
2026-01-11,Amritsar,Dengue,14,3,43,32.56,34.9,66.4,1.2,2490000,1400.1
2026-01-12,Amritsar,Dengue,40,7,160,25.0,36.6,70.2,0.6,2490000,854.2
2026-01-13,Amritsar,Dengue,43,9,212,20.28,36.5,82.0,2.6,2490000,1269.6
2026-01-14,Amritsar,Dengue,61,10,278,21.94,35.2,74.1,0.0,2490000,1709.2
2026-01-15,Amritsar,Dengue,77,18,300,25.67,35.6,78.9,0.0,2490000,1736.1
2026-01-16,Amritsar,Dengue,56,12,196,28.57,31.5,76.9,0.0,2490000,1085.6
2026-01-17,Amritsar,Dengue,94,22,245,38.37,31.4,69.3,1.2,2490000,2216.9
2026-01-18,Amritsar,Dengue,89,19,299,29.77,35.3,77.2,0.0,2490000,1094.4
2026-01-19,Amritsar,Dengue,116,15,376,30.85,32.5,65.6,4.7,2490000,1156.4
2026-01-20,Amritsar,Dengue,95,18,376,25.27,28.9,66.9,4.5,2490000,2607.8
2026-01-21,Amritsar,Dengue,150,27,684,21.93,35.5,74.4,6.5,2490000,875.2
2026-01-22,Amritsar,Dengue,114,13,506,22.53,34.1,67.5,0.0,2490000,2833.8
2026-01-23,Amritsar,Dengue,190,30,514,36.96,38.8,76.0,1.0,2490000,1034.9
2026-01-24,Amritsar,Dengue,178,40,373,47.72,35.5,70.5,0.1,2490000,886.7
2026-01-25,Amritsar,Dengue,151,26,363,41.6,35.4,70.5,3.5,2490000,1211.0
2026-01-26,Amritsar,Dengue,183,26,373,49.06,38.2,70.0,0.9,2490000,1206.0
2026-01-27,Amritsar,Dengue,123,30,355,34.65,31.4,68.6,0.8,2490000,1174.9
2026-01-28,Amritsar,Dengue,108,24,221,48.87,36.3,79.4,4.9,2490000,1415.9
2026-01-29,Amritsar,Dengue,120,13,424,28.3,33.8,68.9,6.4,2490000,1219.9
2026-01-30,Amritsar,Dengue,114,19,423,26.95,38.4,75.6,3.6,2490000,951.8
2026-01-31,Amritsar,Dengue,130,30,643,20.22,34.2,75.1,1.6,2490000,1483.9
2026-02-01,Amritsar,Dengue,79,16,271,29.15,31.5,68.3,5.3,2490000,2772.0
2026-02-02,Amritsar,Dengue,86,18,283,30.39,32.7,71.3,3.9,2490000,1084.8
2026-02-03,Amritsar,Dengue,38,7,88,43.18,37.7,79.4,0.0,2490000,1415.0
2026-02-04,Amritsar,Dengue,54,10,123,43.9,32.7,71.1,0.0,2490000,2468.0
2026-02-05,Amritsar,Dengue,42,6,209,20.1,33.2,82.9,0.0,2490000,903.7
2026-02-06,Amritsar,Dengue,38,4,179,21.23,35.2,74.2,0.0,2490000,849.4
2026-02-07,Amritsar,Dengue,17,3,80,21.25,32.5,83.9,5.6,2490000,910.1
2026-02-08,Amritsar,Dengue,15,2,33,45.45,36.0,84.8,4.5,2490000,1817.2
2026-02-09,Amritsar,Dengue,15,2,66,22.73,34.5,81.0,1.8,2490000,1155.9
2026-02-10,Amritsar,Dengue,11,1,49,22.45,34.3,85.8,2.2,2490000,1711.5
2026-02-11,Amritsar,Dengue,16,3,58,27.59,33.2,79.9,4.5,2490000,854.4
2026-02-12,Amritsar,Dengue,13,2,37,35.14,32.2,81.8,6.0,2490000,1596.4
2026-02-13,Amritsar,Dengue,15,3,67,22.39,33.7,77.6,1.7,2490000,1484.4
2026-02-14,Amritsar,Dengue,14,1,58,24.14,30.0,81.2,5.9,2490000,1986.2
2026-02-15,Amritsar,Dengue,20,4,52,38.46,33.3,72.5,0.0,2490000,3023.8
2026-02-16,Amritsar,Dengue,14,2,61,22.95,36.1,81.3,3.6,2490000,914.2
2026-02-17,Amritsar,Dengue,14,2,30,46.67,35.7,81.4,5.7,2490000,1379.3
2026-02-18,Amritsar,Dengue,17,2,70,24.29,35.4,76.7,1.4,2490000,1410.1
2026-02-19,Amritsar,Dengue,17,3,52,32.69,35.5,75.8,4.1,2490000,2069.8
2026-02-20,Amritsar,Dengue,12,2,29,41.38,32.0,84.8,0.0,2490000,3030.4
2026-02-21,Amritsar,Dengue,13,1,53,24.53,36.1,76.5,1.5,2490000,2615.0
2026-02-22,Amritsar,Dengue,16,2,76,21.05,32.2,74.6,8.6,2490000,860.6
2026-02-23,Amritsar,Dengue,16,2,57,28.07,37.1,76.3,5.1,2490000,1452.1
2026-02-24,Amritsar,Dengue,12,1,44,27.27,33.7,82.2,1.7,2490000,2272.2
2026-02-25,Amritsar,Dengue,14,1,38,36.84,35.7,78.3,8.2,2490000,966.6
2026-02-26,Amritsar,Dengue,16,2,62,25.81,33.3,86.5,3.6,2490000,1079.6
2026-02-27,Amritsar,Dengue,14,2,59,23.73,35.0,77.8,3.8,2490000,1673.3
2026-02-28,Amritsar,Dengue,15,1,41,36.59,35.1,85.7,3.8,2490000,941.2
2026-03-01,Amritsar,Dengue,19,3,83,22.89,34.4,77.2,9.2,2490000,2276.5
2026-03-02,Amritsar,Dengue,19,4,61,31.15,36.1,72.2,1.5,2490000,1476.8
2026-03-03,Amritsar,Dengue,16,2,69,23.19,34.3,77.3,2.1,2490000,1551.4
2026-03-04,Amritsar,Dengue,15,1,61,24.59,35.6,74.2,4.4,2490000,1311.2
2026-03-05,Amritsar,Dengue,7,1,33,21.21,35.5,89.0,0.0,2490000,2488.1
2026-03-06,Amritsar,Dengue,13,2,61,21.31,37.0,86.0,2.3,2490000,840.9
2026-03-07,Amritsar,Dengue,12,2,42,28.57,33.2,78.5,2.2,2490000,1991.4
2026-03-08,Amritsar,Dengue,15,2,45,33.33,31.3,74.0,2.2,2490000,1009.3
2026-03-09,Amritsar,Dengue,16,1,76,21.05,37.2,83.8,9.8,2490000,2385.0
2026-03-10,Amritsar,Dengue,14,2,64,21.88,36.4,77.6,6.3,2490000,963.7
2026-03-11,Amritsar,Dengue,14,2,69,20.29,34.1,82.5,2.0,2490000,1038.1
2026-03-12,Amritsar,Dengue,13,2,64,20.31,32.5,76.6,1.5,2490000,1006.0
2026-03-13,Amritsar,Dengue,14,2,38,36.84,33.9,70.2,2.3,2490000,889.2
2026-03-14,Amritsar,Dengue,13,2,52,25.0,35.8,84.3,10.3,2490000,2799.9
2026-03-15,Amritsar,Dengue,16,2,43,37.21,35.7,77.5,6.5,2490000,832.4
2026-03-16,Amritsar,Dengue,11,1,51,21.57,32.3,75.8,4.6,2490000,2841.1
2026-03-17,Amritsar,Dengue,20,4,43,46.51,34.8,71.5,3.2,2490000,959.9
2026-03-18,Amritsar,Dengue,16,1,33,48.48,30.6,79.7,5.6,2490000,2242.4
2026-03-19,Amritsar,Dengue,16,3,38,42.11,30.4,81.7,7.2,2490000,893.3
2026-03-20,Amritsar,Dengue,10,2,22,45.45,34.0,81.2,0.0,2490000,1279.6
2026-03-21,Amritsar,Dengue,15,1,30,50.0,33.2,81.3,4.9,2490000,1342.5
2026-03-22,Amritsar,Dengue,12,2,59,20.34,29.2,79.9,5.5,2490000,1008.8
2026-03-23,Amritsar,Dengue,16,1,40,40.0,33.3,85.7,4.3,2490000,2676.6
2026-03-24,Amritsar,Dengue,16,3,65,24.62,33.3,69.2,2.0,2490000,1227.2
2026-03-25,Amritsar,Dengue,12,1,34,35.29,31.5,73.0,5.4,2490000,2121.0
2026-03-26,Amritsar,Dengue,15,1,31,48.39,34.1,71.1,1.3,2490000,3009.7
2026-03-27,Amritsar,Dengue,12,2,54,22.22,33.0,81.0,4.5,2490000,1326.3
2026-03-28,Amritsar,Dengue,13,2,46,28.26,33.0,81.5,7.2,2490000,830.2
2026-03-29,Amritsar,Dengue,17,4,78,21.79,30.7,83.9,7.9,2490000,1393.1
2026-03-30,Amritsar,Dengue,17,3,57,29.82,31.3,75.1,7.6,2490000,1721.7
2026-03-31,Amritsar,Dengue,12,1,45,26.67,31.3,69.6,3.6,2490000,2630.2
2026-04-01,Amritsar,Dengue,16,2,54,29.63,31.6,84.7,8.6,2490000,857.5
2026-04-02,Amritsar,Dengue,12,1,33,36.36,29.6,81.1,5.3,2490000,966.7
2026-04-03,Amritsar,Dengue,14,2,62,22.58,28.0,73.0,5.5,2490000,932.0
2026-04-04,Amritsar,Dengue,13,1,64,20.31,29.3,77.5,5.0,2490000,996.3
2026-04-05,Amritsar,Dengue,12,1,41,29.27,29.9,81.5,6.5,2490000,1138.6
2026-04-06,Amritsar,Dengue,15,3,30,50.0,30.1,82.0,2.9,2490000,916.3
2026-04-07,Amritsar,Dengue,11,2,44,25.0,24.9,77.1,3.3,2490000,2599.2
2026-04-08,Amritsar,Dengue,15,3,43,34.88,26.8,78.9,0.4,2490000,1868.9
2026-04-09,Amritsar,Dengue,15,3,71,21.13,31.1,75.8,9.1,2490000,1026.5
2026-04-10,Amritsar,Dengue,12,2,51,23.53,30.8,75.1,7.0,2490000,1262.7
2026-04-11,Amritsar,Dengue,12,2,58,20.69,30.6,77.6,4.1,2490000,2464.7
2026-04-12,Amritsar,Dengue,13,1,41,31.71,31.4,82.6,9.5,2490000,1325.9
2026-04-13,Amritsar,Dengue,13,1,55,23.64,29.0,71.8,4.8,2490000,2965.4
2026-04-14,Amritsar,Dengue,11,1,26,42.31,29.4,76.7,2.1,2490000,2932.9
2026-04-15,Amritsar,Dengue,13,2,52,25.0,29.4,81.5,7.0,2490000,983.7
2026-04-16,Amritsar,Dengue,15,3,32,46.88,28.3,71.7,4.6,2490000,2209.9
2026-04-17,Amritsar,Dengue,10,1,34,29.41,27.8,62.8,2.5,2490000,977.8
2026-04-18,Amritsar,Dengue,13,2,41,31.71,27.1,77.0,10.7,2490000,1148.4
2026-04-19,Amritsar,Dengue,13,1,37,35.14,25.6,66.8,1.5,2490000,857.8
2026-04-20,Amritsar,Dengue,13,2,49,26.53,30.0,81.2,4.2,2490000,1619.3
2026-04-21,Amritsar,Dengue,12,1,59,20.34,29.1,77.5,3.2,2490000,1221.4
2026-04-22,Amritsar,Dengue,10,1,48,20.83,25.3,70.0,7.3,2490000,1080.5
2026-04-23,Amritsar,Dengue,11,1,28,39.29,26.5,79.1,4.8,2490000,859.9
2026-04-24,Amritsar,Dengue,11,2,30,36.67,25.1,73.0,2.9,2490000,1634.5
2026-04-25,Amritsar,Dengue,12,1,27,44.44,24.9,78.8,3.2,2490000,2960.7
2026-04-26,Amritsar,Dengue,14,2,41,34.15,26.6,75.1,6.8,2490000,2225.1
2026-04-27,Amritsar,Dengue,9,0,31,29.03,28.4,80.8,1.0,2490000,1013.8
2026-04-28,Amritsar,Dengue,12,1,41,29.27,27.1,73.5,11.6,2490000,2183.1
2026-04-29,Amritsar,Dengue,9,2,28,32.14,23.9,67.3,9.8,2490000,841.6
2026-04-30,Amritsar,Dengue,13,2,48,27.08,26.8,80.7,2.3,2490000,838.6
2026-05-01,Amritsar,Dengue,14,1,46,30.43,28.6,74.5,2.9,2490000,1362.2
2026-05-02,Amritsar,Dengue,12,2,44,27.27,27.1,70.7,5.8,2490000,863.5
2026-05-03,Amritsar,Dengue,9,1,32,28.12,28.1,71.8,0.7,2490000,1234.1
2026-05-04,Amritsar,Dengue,13,2,51,25.49,22.1,71.3,5.0,2490000,1000.2
2026-05-05,Amritsar,Dengue,10,1,46,21.74,25.8,74.1,4.0,2490000,1492.3
2026-05-06,Amritsar,Dengue,10,1,21,47.62,25.6,74.0,5.9,2490000,1935.7
2025-11-08,Amritsar,Influenza,16,2,38,42.11,24.7,47.9,0.0,2490000,3035.4
2025-11-09,Amritsar,Influenza,22,4,64,34.38,24.2,52.7,0.0,2490000,2511.9
2025-11-10,Amritsar,Influenza,16,2,32,50.0,24.1,47.9,1.4,2490000,1282.4
2025-11-11,Amritsar,Influenza,26,4,124,20.97,26.4,51.5,0.0,2490000,949.5
2025-11-12,Amritsar,Influenza,14,2,49,28.57,23.4,47.6,0.0,2490000,2623.4
2025-11-13,Amritsar,Influenza,15,2,70,21.43,27.6,54.8,0.0,2490000,936.3
2025-11-14,Amritsar,Influenza,22,3,93,23.66,29.9,53.3,0.0,2490000,1939.0
2025-11-15,Amritsar,Influenza,24,3,73,32.88,28.2,50.8,0.0,2490000,1747.3
2025-11-16,Amritsar,Influenza,14,2,69,20.29,27.5,48.9,0.0,2490000,1499.6
2025-11-17,Amritsar,Influenza,14,1,49,28.57,29.9,60.7,0.0,2490000,1303.4
2025-11-18,Amritsar,Influenza,18,4,82,21.95,24.2,55.5,0.0,2490000,1905.0
2025-11-19,Amritsar,Influenza,20,4,71,28.17,24.7,50.4,0.0,2490000,896.6
2025-11-20,Amritsar,Influenza,21,3,52,40.38,27.9,51.6,0.0,2490000,1830.4
2025-11-21,Amritsar,Influenza,19,2,93,20.43,28.0,46.0,0.0,2490000,1904.5
2025-11-22,Amritsar,Influenza,16,2,54,29.63,26.0,60.4,0.0,2490000,1316.9
2025-11-23,Amritsar,Influenza,21,2,50,42.0,26.7,56.0,0.0,2490000,1047.7
2025-11-24,Amritsar,Influenza,17,2,58,29.31,23.7,48.6,0.0,2490000,1004.1
2025-11-25,Amritsar,Influenza,24,5,50,48.0,27.6,47.1,0.0,2490000,2326.2
2025-11-26,Amritsar,Influenza,23,4,94,24.47,27.2,49.4,0.0,2490000,1191.6
2025-11-27,Amritsar,Influenza,20,4,47,42.55,30.2,46.9,0.0,2490000,2596.0
2025-11-28,Amritsar,Influenza,24,3,66,36.36,27.6,60.1,0.0,2490000,1601.6
2025-11-29,Amritsar,Influenza,21,2,73,28.77,31.7,53.7,0.0,2490000,1194.1
2025-11-30,Amritsar,Influenza,20,2,83,24.1,30.9,58.4,0.0,2490000,872.8
2025-12-01,Amritsar,Influenza,21,4,72,29.17,27.3,67.3,0.0,2490000,2319.4
2025-12-02,Amritsar,Influenza,21,4,80,26.25,32.8,63.8,1.1,2490000,3007.0
2025-12-03,Amritsar,Influenza,24,3,114,21.05,27.7,66.8,3.0,2490000,2274.5
2025-12-04,Amritsar,Influenza,19,3,63,30.16,28.8,55.3,0.0,2490000,2845.1
2025-12-05,Amritsar,Influenza,24,4,70,34.29,31.5,56.1,0.6,2490000,2442.9
2025-12-06,Amritsar,Influenza,22,2,53,41.51,31.2,56.7,0.0,2490000,1650.6
2025-12-07,Amritsar,Influenza,23,5,99,23.23,28.3,60.4,0.0,2490000,1011.4
2025-12-08,Amritsar,Influenza,26,4,128,20.31,33.2,66.8,1.6,2490000,1032.7
2025-12-09,Amritsar,Influenza,12,2,39,30.77,31.0,62.0,4.3,2490000,1211.2
2025-12-10,Amritsar,Influenza,23,2,87,26.44,29.1,60.9,1.1,2490000,1182.4
2025-12-11,Amritsar,Influenza,20,4,76,26.32,30.3,62.3,0.0,2490000,1123.7
2025-12-12,Amritsar,Influenza,19,4,90,21.11,27.4,56.7,0.0,2490000,1696.7
2025-12-13,Amritsar,Influenza,24,5,48,50.0,31.4,64.0,0.0,2490000,1219.0
2025-12-14,Amritsar,Influenza,23,4,104,22.12,28.3,56.3,0.9,2490000,1801.6
2025-12-15,Amritsar,Influenza,21,4,79,26.58,25.4,67.9,0.0,2490000,1029.0
2025-12-16,Amritsar,Influenza,19,2,42,45.24,29.7,63.3,0.0,2490000,1426.8
2025-12-17,Amritsar,Influenza,27,4,115,23.48,27.4,66.1,0.9,2490000,1118.0
2025-12-18,Amritsar,Influenza,22,4,82,26.83,33.0,73.7,0.0,2490000,1837.9
2025-12-19,Amritsar,Influenza,21,3,52,40.38,30.3,58.2,0.0,2490000,843.8
2025-12-20,Amritsar,Influenza,28,5,84,33.33,31.7,68.4,0.0,2490000,1702.5
2025-12-21,Amritsar,Influenza,24,3,54,44.44,31.6,78.1,0.0,2490000,2721.3
2025-12-22,Amritsar,Influenza,21,2,96,21.88,31.4,64.1,0.0,2490000,1333.7
2025-12-23,Amritsar,Influenza,16,1,79,20.25,32.3,55.4,2.0,2490000,1434.1
2025-12-24,Amritsar,Influenza,21,3,87,24.14,34.7,60.7,2.0,2490000,2402.6
2025-12-25,Amritsar,Influenza,21,3,103,20.39,33.2,69.2,0.0,2490000,1824.1
2025-12-26,Amritsar,Influenza,16,3,56,28.57,31.4,65.9,3.0,2490000,956.9
2025-12-27,Amritsar,Influenza,17,4,77,22.08,31.3,66.7,1.2,2490000,1911.9
2025-12-28,Amritsar,Influenza,28,4,95,29.47,31.3,63.7,0.0,2490000,1834.3
2025-12-29,Amritsar,Influenza,28,4,87,32.18,31.7,67.1,0.0,2490000,1024.8
2025-12-30,Amritsar,Influenza,25,3,85,29.41,34.2,71.1,0.0,2490000,1629.9
2025-12-31,Amritsar,Influenza,19,4,50,38.0,31.4,73.5,0.0,2490000,1159.9
2026-01-01,Amritsar,Influenza,23,4,106,21.7,31.5,67.4,5.2,2490000,1734.4
2026-01-02,Amritsar,Influenza,27,5,64,42.19,35.5,58.9,0.0,2490000,1728.2
2026-01-03,Amritsar,Influenza,20,4,71,28.17,33.8,66.9,1.8,2490000,1252.5
2026-01-04,Amritsar,Influenza,21,5,101,20.79,29.3,66.7,7.0,2490000,923.3
2026-01-05,Amritsar,Influenza,24,3,117,20.51,33.2,74.2,2.1,2490000,1452.1
2026-01-06,Amritsar,Influenza,29,4,125,23.2,36.6,73.4,0.3,2490000,1235.8
2026-01-07,Amritsar,Influenza,22,3,57,38.6,31.0,75.6,7.1,2490000,854.0
2026-01-08,Amritsar,Influenza,20,3,64,31.25,37.2,70.6,0.0,2490000,1246.7
2026-01-09,Amritsar,Influenza,19,2,45,42.22,33.4,86.1,0.1,2490000,873.1
2026-01-10,Amritsar,Influenza,38,7,163,23.31,37.1,76.2,2.7,2490000,1545.8
2026-01-11,Amritsar,Influenza,39,5,178,21.91,33.4,72.4,0.0,2490000,2861.6
2026-01-12,Amritsar,Influenza,49,10,180,27.22,33.6,69.6,0.0,2490000,3063.9
2026-01-13,Amritsar,Influenza,58,11,241,24.07,30.2,64.3,1.5,2490000,1036.4
2026-01-14,Amritsar,Influenza,73,17,294,24.83,35.0,73.9,1.3,2490000,1211.5
2026-01-15,Amritsar,Influenza,124,29,276,44.93,34.0,75.4,0.0,2490000,1308.8
2026-01-16,Amritsar,Influenza,107,25,234,45.73,36.3,75.7,3.3,2490000,1477.6
2026-01-17,Amritsar,Influenza,102,18,285,35.79,36.1,73.1,1.4,2490000,896.1
2026-01-18,Amritsar,Influenza,144,30,493,29.21,34.1,76.5,0.2,2490000,2327.8
2026-01-19,Amritsar,Influenza,163,16,375,43.47,34.3,77.1,0.0,2490000,1316.3
2026-01-20,Amritsar,Influenza,162,33,563,28.77,32.3,79.7,4.4,2490000,885.3
2026-01-21,Amritsar,Influenza,119,12,464,25.65,28.7,70.5,0.0,2490000,1848.9
2026-01-22,Amritsar,Influenza,120,15,518,23.17,36.7,70.3,0.0,2490000,2294.2
2026-01-23,Amritsar,Influenza,155,34,330,46.97,35.6,59.0,4.4,2490000,1714.7
2026-01-24,Amritsar,Influenza,97,17,387,25.06,33.3,72.2,0.0,2490000,1519.8
2026-01-25,Amritsar,Influenza,76,7,170,44.71,32.9,80.9,2.6,2490000,1448.1
2026-01-26,Amritsar,Influenza,111,24,356,31.18,35.0,75.8,3.7,2490000,1934.3
2026-01-27,Amritsar,Influenza,94,22,442,21.27,40.7,78.8,8.8,2490000,913.2
2026-01-28,Amritsar,Influenza,66,11,280,23.57,34.3,73.1,5.4,2490000,2251.9
2026-01-29,Amritsar,Influenza,47,6,143,32.87,36.6,71.1,0.5,2490000,1055.8
2026-01-30,Amritsar,Influenza,38,7,99,38.38,36.6,65.5,6.3,2490000,906.7
2026-01-31,Amritsar,Influenza,44,6,194,22.68,32.5,85.7,0.0,2490000,1068.4
2026-02-01,Amritsar,Influenza,30,3,116,25.86,34.3,83.8,0.0,2490000,844.9
2026-02-02,Amritsar,Influenza,31,7,132,23.48,34.2,66.9,3.6,2490000,2682.5
2026-02-03,Amritsar,Influenza,23,2,51,45.1,35.7,81.1,4.8,2490000,982.7
2026-02-04,Amritsar,Influenza,27,4,121,22.31,34.4,78.4,3.6,2490000,1445.7
2026-02-05,Amritsar,Influenza,26,5,113,23.01,33.8,72.6,12.2,2490000,1197.7
2026-02-06,Amritsar,Influenza,24,4,77,31.17,33.7,80.0,2.1,2490000,912.8
2026-02-07,Amritsar,Influenza,16,3,75,21.33,36.3,68.8,4.4,2490000,1797.6
2026-02-08,Amritsar,Influenza,21,3,42,50.0,39.6,68.7,5.0,2490000,3035.3
2026-02-09,Amritsar,Influenza,18,2,45,40.0,33.2,62.5,4.2,2490000,1468.3
2026-02-10,Amritsar,Influenza,19,2,76,25.0,35.4,70.1,2.9,2490000,1012.7
2026-02-11,Amritsar,Influenza,22,3,78,28.21,34.8,73.0,3.3,2490000,1284.6
2026-02-12,Amritsar,Influenza,30,7,129,23.26,35.1,82.1,0.0,2490000,1743.8
2026-02-13,Amritsar,Influenza,26,3,106,24.53,34.5,84.1,4.2,2490000,1729.9
2026-02-14,Amritsar,Influenza,27,2,111,24.32,32.8,73.2,0.3,2490000,2116.3
2026-02-15,Amritsar,Influenza,16,1,78,20.51,34.4,76.7,1.7,2490000,1048.3
2026-02-16,Amritsar,Influenza,21,2,53,39.62,32.5,72.9,9.5,2490000,925.4
2026-02-17,Amritsar,Influenza,27,4,109,24.77,33.5,71.8,4.3,2490000,2952.7
2026-02-18,Amritsar,Influenza,25,4,101,24.75,34.6,87.6,0.0,2490000,907.2
2026-02-19,Amritsar,Influenza,19,4,89,21.35,34.1,82.1,5.9,2490000,1146.3
2026-02-20,Amritsar,Influenza,24,3,60,40.0,34.2,75.3,1.6,2490000,1119.8
2026-02-21,Amritsar,Influenza,24,3,85,28.24,33.9,63.1,5.2,2490000,1029.2
2026-02-22,Amritsar,Influenza,16,1,61,26.23,36.2,79.8,1.6,2490000,1736.3
2026-02-23,Amritsar,Influenza,24,4,92,26.09,35.0,73.3,1.2,2490000,2048.0
2026-02-24,Amritsar,Influenza,26,3,99,26.26,38.2,78.2,0.0,2490000,868.8
2026-02-25,Amritsar,Influenza,24,2,119,20.17,33.4,80.7,6.7,2490000,862.2
2026-02-26,Amritsar,Influenza,16,3,69,23.19,36.5,77.6,0.0,2490000,2847.9
2026-02-27,Amritsar,Influenza,19,3,57,33.33,31.9,81.5,0.0,2490000,2403.0
2026-02-28,Amritsar,Influenza,29,5,129,22.48,35.6,79.5,6.3,2490000,2405.3
2026-03-01,Amritsar,Influenza,25,2,101,24.75,38.2,80.0,7.5,2490000,1260.8
2026-03-02,Amritsar,Influenza,25,4,111,22.52,31.2,74.1,6.6,2490000,1478.0
2026-03-03,Amritsar,Influenza,20,4,43,46.51,33.9,77.3,7.8,2490000,1935.5
2026-03-04,Amritsar,Influenza,19,2,83,22.89,34.8,71.3,3.0,2490000,1295.2
2026-03-05,Amritsar,Influenza,21,3,73,28.77,34.8,77.0,0.0,2490000,1601.4
2026-03-06,Amritsar,Influenza,26,5,90,28.89,32.8,72.8,7.8,2490000,1989.1
2026-03-07,Amritsar,Influenza,23,2,113,20.35,35.7,85.3,5.4,2490000,924.8
2026-03-08,Amritsar,Influenza,26,4,57,45.61,34.6,80.8,1.8,2490000,1502.5
2026-03-09,Amritsar,Influenza,17,3,36,47.22,32.4,87.2,7.2,2490000,1510.9
2026-03-10,Amritsar,Influenza,21,3,54,38.89,34.6,75.8,5.3,2490000,870.6
2026-03-11,Amritsar,Influenza,22,3,65,33.85,33.5,78.3,4.4,2490000,2282.8
2026-03-12,Amritsar,Influenza,29,5,75,38.67,36.5,74.6,4.9,2490000,1738.7
2026-03-13,Amritsar,Influenza,18,3,87,20.69,32.4,76.6,4.8,2490000,2024.0
2026-03-14,Amritsar,Influenza,25,3,52,48.08,35.5,82.4,0.0,2490000,1691.6
2026-03-15,Amritsar,Influenza,28,5,88,31.82,34.6,75.1,3.9,2490000,2161.8
2026-03-16,Amritsar,Influenza,23,4,47,48.94,35.9,70.7,0.0,2490000,1672.6
2026-03-17,Amritsar,Influenza,22,3,69,31.88,33.4,86.3,0.0,2490000,943.8
2026-03-18,Amritsar,Influenza,22,3,80,27.5,32.7,82.2,7.9,2490000,1903.6
2026-03-19,Amritsar,Influenza,25,3,103,24.27,33.2,88.1,6.4,2490000,972.6
2026-03-20,Amritsar,Influenza,23,3,84,27.38,30.6,77.2,4.7,2490000,2051.6
2026-03-21,Amritsar,Influenza,17,2,44,38.64,31.7,82.7,4.4,2490000,1781.0
2026-03-22,Amritsar,Influenza,28,5,117,23.93,33.5,75.5,4.1,2490000,2255.0
2026-03-23,Amritsar,Influenza,28,6,118,23.73,31.2,76.8,4.2,2490000,1168.9
2026-03-24,Amritsar,Influenza,26,3,105,24.76,34.2,72.3,6.2,2490000,979.0
2026-03-25,Amritsar,Influenza,19,4,50,38.0,31.7,82.0,4.8,2490000,1787.7
2026-03-26,Amritsar,Influenza,24,4,102,23.53,32.6,72.5,4.1,2490000,838.6
2026-03-27,Amritsar,Influenza,21,3,92,22.83,32.9,75.8,1.8,2490000,1366.1
2026-03-28,Amritsar,Influenza,17,2,54,31.48,32.0,79.0,9.8,2490000,1068.5
2026-03-29,Amritsar,Influenza,23,3,80,28.75,31.7,82.4,4.2,2490000,2950.1
2026-03-30,Amritsar,Influenza,24,5,94,25.53,31.7,70.4,13.1,2490000,1454.1
2026-03-31,Amritsar,Influenza,28,6,118,23.73,30.6,77.2,6.9,2490000,1144.6
2026-04-01,Amritsar,Influenza,20,4,81,24.69,31.2,80.1,7.4,2490000,1179.4
2026-04-02,Amritsar,Influenza,17,3,68,25.0,26.7,75.2,8.9,2490000,2013.7
2026-04-03,Amritsar,Influenza,16,3,63,25.4,33.8,78.1,12.8,2490000,1464.2
2026-04-04,Amritsar,Influenza,23,5,66,34.85,32.4,73.5,6.0,2490000,1054.0
2026-04-05,Amritsar,Influenza,25,4,87,28.74,30.1,73.2,3.8,2490000,1121.1
2026-04-06,Amritsar,Influenza,21,3,62,33.87,32.6,78.9,2.5,2490000,2182.5
2026-04-07,Amritsar,Influenza,20,4,50,40.0,30.5,83.6,1.0,2490000,1742.1
2026-04-08,Amritsar,Influenza,17,1,36,47.22,26.7,78.0,6.4,2490000,1538.0
2026-04-09,Amritsar,Influenza,15,2,72,20.83,30.9,85.9,9.9,2490000,2704.2
2026-04-10,Amritsar,Influenza,23,3,95,24.21,31.3,78.7,3.4,2490000,2526.9
2026-04-11,Amritsar,Influenza,22,4,88,25.0,30.9,81.2,3.5,2490000,947.5
2026-04-12,Amritsar,Influenza,21,3,95,22.11,27.5,74.9,7.4,2490000,3110.4
2026-04-13,Amritsar,Influenza,18,3,86,20.93,30.7,75.2,5.6,2490000,2328.1
2026-04-14,Amritsar,Influenza,24,4,86,27.91,25.9,73.8,5.8,2490000,2484.9
2026-04-15,Amritsar,Influenza,20,4,84,23.81,27.8,74.5,11.0,2490000,869.1
2026-04-16,Amritsar,Influenza,17,2,60,28.33,26.4,80.8,2.5,2490000,1408.1
2026-04-17,Amritsar,Influenza,19,2,57,33.33,32.9,76.5,0.7,2490000,1023.9
2026-04-18,Amritsar,Influenza,16,2,55,29.09,30.1,81.4,6.4,2490000,1238.8
2026-04-19,Amritsar,Influenza,21,4,50,42.0,34.1,73.5,3.1,2490000,2630.5
2026-04-20,Amritsar,Influenza,16,3,77,20.78,28.1,71.6,4.7,2490000,1134.2
2026-04-21,Amritsar,Influenza,19,4,69,27.54,30.5,66.5,6.6,2490000,1644.0
2026-04-22,Amritsar,Influenza,14,3,33,42.42,27.6,81.2,3.9,2490000,926.7
2026-04-23,Amritsar,Influenza,17,2,64,26.56,25.1,71.9,0.4,2490000,1347.0
2026-04-24,Amritsar,Influenza,21,4,100,21.0,30.1,77.5,6.2,2490000,1625.5
2026-04-25,Amritsar,Influenza,19,2,39,48.72,26.8,73.9,4.0,2490000,889.1
2026-04-26,Amritsar,Influenza,22,3,102,21.57,27.9,77.5,5.7,2490000,1727.6
2026-04-27,Amritsar,Influenza,15,3,57,26.32,25.3,74.1,5.7,2490000,1899.8
2026-04-28,Amritsar,Influenza,12,2,40,30.0,28.8,72.7,6.8,2490000,993.8
2026-04-29,Amritsar,Influenza,21,2,83,25.3,22.9,74.3,0.4,2490000,1083.2
2026-04-30,Amritsar,Influenza,23,3,113,20.35,26.7,80.8,6.2,2490000,1774.6
2026-05-01,Amritsar,Influenza,26,5,90,28.89,25.9,65.4,8.7,2490000,2860.3
2026-05-02,Amritsar,Influenza,18,2,47,38.3,29.3,75.9,9.1,2490000,2155.6
2026-05-03,Amritsar,Influenza,22,4,91,24.18,28.2,69.9,3.3,2490000,1871.3
2026-05-04,Amritsar,Influenza,16,2,44,36.36,26.3,71.7,8.3,2490000,1292.7
2026-05-05,Amritsar,Influenza,24,2,60,40.0,23.9,68.7,4.3,2490000,2427.9
2026-05-06,Amritsar,Influenza,18,3,39,46.15,24.0,72.0,5.8,2490000,955.3
2025-11-08,Amritsar,Malaria,37,3,75,49.33,28.3,54.7,0.0,2490000,2344.0
2025-11-09,Amritsar,Malaria,28,4,133,21.05,26.9,60.1,0.0,2490000,1486.8
2025-11-10,Amritsar,Malaria,34,7,107,31.78,27.9,53.6,0.0,2490000,903.8
2025-11-11,Amritsar,Malaria,26,3,122,21.31,23.9,46.3,0.0,2490000,945.1
2025-11-12,Amritsar,Malaria,26,6,61,42.62,29.9,56.2,0.0,2490000,1447.2
2025-11-13,Amritsar,Malaria,16,1,56,28.57,25.8,40.8,0.0,2490000,1867.5
2025-11-14,Amritsar,Malaria,32,6,109,29.36,25.2,59.5,0.2,2490000,1506.0
2025-11-15,Amritsar,Malaria,28,6,70,40.0,29.2,45.7,0.0,2490000,2264.2
2025-11-16,Amritsar,Malaria,32,4,86,37.21,23.5,57.3,0.0,2490000,1279.0
2025-11-17,Amritsar,Malaria,27,3,117,23.08,25.5,48.4,0.0,2490000,2132.2
2025-11-18,Amritsar,Malaria,25,5,108,23.15,26.9,51.8,0.0,2490000,1147.7
2025-11-19,Amritsar,Malaria,26,5,127,20.47,27.8,44.0,0.0,2490000,1813.7
2025-11-20,Amritsar,Malaria,32,4,89,35.96,27.1,52.1,0.0,2490000,1291.7
2025-11-21,Amritsar,Malaria,29,5,125,23.2,28.9,52.2,0.6,2490000,1625.5
2025-11-22,Amritsar,Malaria,31,5,91,34.07,26.3,58.4,0.0,2490000,1795.6
2025-11-23,Amritsar,Malaria,29,5,133,21.8,28.9,54.2,0.0,2490000,2528.4
2025-11-24,Amritsar,Malaria,31,6,65,47.69,30.0,61.0,0.0,2490000,1355.9
2025-11-25,Amritsar,Malaria,26,4,128,20.31,24.7,51.2,0.0,2490000,2502.5
2025-11-26,Amritsar,Malaria,32,4,105,30.48,28.0,60.0,0.0,2490000,1463.9
2025-11-27,Amritsar,Malaria,26,2,100,26.0,29.5,55.3,0.0,2490000,2230.9
2025-11-28,Amritsar,Malaria,25,4,123,20.33,27.9,56.6,0.2,2490000,914.4
2025-11-29,Amritsar,Malaria,31,7,86,36.05,27.7,56.3,0.0,2490000,1040.4
2025-11-30,Amritsar,Malaria,33,8,93,35.48,28.3,58.7,0.0,2490000,859.3
2025-12-01,Amritsar,Malaria,43,5,177,24.29,29.1,56.5,0.0,2490000,2041.4
2025-12-02,Amritsar,Malaria,27,4,72,37.5,25.8,59.7,0.0,2490000,1323.8
2025-12-03,Amritsar,Malaria,32,6,79,40.51,29.9,61.7,0.0,2490000,984.2
2025-12-04,Amritsar,Malaria,29,3,107,27.1,28.3,51.0,0.0,2490000,2238.1
2025-12-05,Amritsar,Malaria,18,4,64,28.12,30.6,60.4,0.0,2490000,1329.6
2025-12-06,Amritsar,Malaria,31,6,97,31.96,33.1,62.9,0.0,2490000,2439.2
2025-12-07,Amritsar,Malaria,29,4,110,26.36,31.5,61.2,0.9,2490000,1166.9
2025-12-08,Amritsar,Malaria,33,8,114,28.95,31.5,58.7,0.0,2490000,2088.1
2025-12-09,Amritsar,Malaria,35,7,96,36.46,32.8,60.6,0.0,2490000,923.4
2025-12-10,Amritsar,Malaria,37,7,134,27.61,30.1,61.1,0.0,2490000,2728.3
2025-12-11,Amritsar,Malaria,43,7,108,39.81,30.5,69.5,0.0,2490000,1762.0
2025-12-12,Amritsar,Malaria,25,4,61,40.98,29.7,59.1,0.0,2490000,977.9
2025-12-13,Amritsar,Malaria,32,7,130,24.62,29.3,65.4,0.0,2490000,2538.5
2025-12-14,Amritsar,Malaria,26,4,77,33.77,33.8,51.8,0.0,2490000,988.8
2025-12-15,Amritsar,Malaria,34,3,133,25.56,30.0,67.0,0.0,2490000,1354.5
2025-12-16,Amritsar,Malaria,23,3,69,33.33,30.6,66.4,0.0,2490000,1070.4
2025-12-17,Amritsar,Malaria,40,8,137,29.2,32.4,65.2,0.0,2490000,833.8
2025-12-18,Amritsar,Malaria,26,2,92,28.26,31.0,70.1,0.0,2490000,1302.9
2025-12-19,Amritsar,Malaria,23,3,101,22.77,32.4,63.9,0.0,2490000,1275.0
2025-12-20,Amritsar,Malaria,34,7,112,30.36,33.9,65.2,0.0,2490000,1719.3
2025-12-21,Amritsar,Malaria,29,5,124,23.39,31.7,61.2,0.0,2490000,1860.2
2025-12-22,Amritsar,Malaria,31,5,77,40.26,28.9,70.1,0.0,2490000,1268.5
2025-12-23,Amritsar,Malaria,30,4,100,30.0,28.7,68.8,1.8,2490000,1291.3
2025-12-24,Amritsar,Malaria,28,4,93,30.11,30.1,70.2,0.0,2490000,1120.0
2025-12-25,Amritsar,Malaria,35,7,126,27.78,37.0,65.2,3.9,2490000,1085.6
2025-12-26,Amritsar,Malaria,31,5,68,45.59,32.0,71.3,3.3,2490000,901.3
2025-12-27,Amritsar,Malaria,30,3,110,27.27,32.7,63.5,0.0,2490000,1343.1
2025-12-28,Amritsar,Malaria,38,8,122,31.15,33.1,62.5,1.7,2490000,859.6
2025-12-29,Amritsar,Malaria,28,4,104,26.92,31.9,70.8,0.0,2490000,1195.1
2025-12-30,Amritsar,Malaria,33,3,135,24.44,32.9,75.7,0.0,2490000,932.4
2025-12-31,Amritsar,Malaria,41,9,118,34.75,34.4,67.1,4.7,2490000,1576.6
2026-01-01,Amritsar,Malaria,34,5,124,27.42,33.3,67.2,0.0,2490000,1266.9
2026-01-02,Amritsar,Malaria,35,4,151,23.18,32.1,67.2,0.0,2490000,1143.8
2026-01-03,Amritsar,Malaria,38,6,145,26.21,30.2,65.9,0.9,2490000,2489.1
2026-01-04,Amritsar,Malaria,29,6,93,31.18,30.5,68.4,1.6,2490000,1980.8
2026-01-05,Amritsar,Malaria,37,6,157,23.57,35.2,71.0,1.5,2490000,2247.0
2026-01-06,Amritsar,Malaria,35,8,84,41.67,31.2,61.6,2.3,2490000,2109.9
2026-01-07,Amritsar,Malaria,36,8,142,25.35,30.9,65.2,2.4,2490000,941.8
2026-01-08,Amritsar,Malaria,41,8,109,37.61,30.8,70.8,8.0,2490000,1546.3
2026-01-09,Amritsar,Malaria,33,7,92,35.87,34.6,69.9,4.9,2490000,1209.8
2026-01-10,Amritsar,Malaria,36,8,163,22.09,33.7,75.6,1.6,2490000,1213.4
2026-01-11,Amritsar,Malaria,22,3,81,27.16,35.2,70.2,4.4,2490000,1356.9
2026-01-12,Amritsar,Malaria,30,3,141,21.28,38.2,64.7,2.9,2490000,1955.9
2026-01-13,Amritsar,Malaria,40,5,114,35.09,33.0,69.1,1.4,2490000,1348.1
2026-01-14,Amritsar,Malaria,25,2,109,22.94,33.3,80.2,0.0,2490000,1864.8
2026-01-15,Amritsar,Malaria,36,8,123,29.27,33.6,72.9,1.2,2490000,1037.4
2026-01-16,Amritsar,Malaria,34,8,77,44.16,32.0,70.1,0.0,2490000,1187.8
2026-01-17,Amritsar,Malaria,37,6,105,35.24,35.7,83.8,0.0,2490000,868.1
2026-01-18,Amritsar,Malaria,27,6,110,24.55,36.0,67.4,1.1,2490000,1492.6
2026-01-19,Amritsar,Malaria,29,4,132,21.97,33.0,62.4,2.4,2490000,1010.4
2026-01-20,Amritsar,Malaria,32,5,85,37.65,31.3,80.0,3.1,2490000,2025.4
2026-01-21,Amritsar,Malaria,27,4,100,27.0,35.5,70.9,1.7,2490000,912.2
2026-01-22,Amritsar,Malaria,34,6,124,27.42,34.3,79.4,1.1,2490000,1115.1
2026-01-23,Amritsar,Malaria,32,4,132,24.24,35.5,69.3,3.1,2490000,2750.5
2026-01-24,Amritsar,Malaria,32,6,120,26.67,38.0,70.8,3.5,2490000,1578.1
2026-01-25,Amritsar,Malaria,34,5,88,38.64,39.8,72.5,7.2,2490000,1959.6
2026-01-26,Amritsar,Malaria,36,7,150,24.0,36.3,78.2,4.2,2490000,2522.6
2026-01-27,Amritsar,Malaria,42,9,100,42.0,33.0,81.6,0.0,2490000,2107.6
2026-01-28,Amritsar,Malaria,32,3,97,32.99,32.8,66.7,5.4,2490000,942.5
2026-01-29,Amritsar,Malaria,43,8,183,23.5,33.1,68.4,3.3,2490000,2350.0
2026-01-30,Amritsar,Malaria,37,7,96,38.54,35.9,80.0,4.7,2490000,1426.6
2026-01-31,Amritsar,Malaria,46,4,219,21.0,33.6,76.0,2.2,2490000,931.2
2026-02-01,Amritsar,Malaria,31,4,109,28.44,31.8,76.9,1.1,2490000,851.0
2026-02-02,Amritsar,Malaria,48,10,163,29.45,36.8,77.3,1.1,2490000,918.5
2026-02-03,Amritsar,Malaria,42,9,202,20.79,33.6,74.7,3.0,2490000,2712.5
2026-02-04,Amritsar,Malaria,39,5,143,27.27,30.3,76.9,6.0,2490000,1055.4
2026-02-05,Amritsar,Malaria,37,5,86,43.02,35.5,75.5,4.0,2490000,1300.7
2026-02-06,Amritsar,Malaria,33,6,93,35.48,30.5,79.3,3.0,2490000,888.5
2026-02-07,Amritsar,Malaria,36,8,112,32.14,34.1,68.1,0.0,2490000,2546.8
2026-02-08,Amritsar,Malaria,37,4,105,35.24,37.9,69.3,8.4,2490000,956.8
2026-02-09,Amritsar,Malaria,34,4,120,28.33,37.5,69.8,1.5,2490000,1188.4
2026-02-10,Amritsar,Malaria,45,7,145,31.03,36.2,83.5,0.0,2490000,938.6
2026-02-11,Amritsar,Malaria,35,4,145,24.14,32.7,80.9,10.2,2490000,1180.8
2026-02-12,Amritsar,Malaria,42,7,193,21.76,33.4,81.6,2.1,2490000,922.2
2026-02-13,Amritsar,Malaria,44,5,207,21.26,32.5,75.6,1.9,2490000,2014.8
2026-02-14,Amritsar,Malaria,29,4,117,24.79,38.0,84.2,0.0,2490000,2683.5
2026-02-15,Amritsar,Malaria,42,8,154,27.27,33.5,82.1,2.3,2490000,930.3
2026-02-16,Amritsar,Malaria,35,8,87,40.23,35.4,68.8,0.0,2490000,2205.6
2026-02-17,Amritsar,Malaria,29,7,79,36.71,38.5,83.3,1.9,2490000,1096.7
2026-02-18,Amritsar,Malaria,36,6,133,27.07,34.1,87.2,3.5,2490000,1071.5
2026-02-19,Amritsar,Malaria,30,3,63,47.62,36.7,80.2,0.0,2490000,2783.3
2026-02-20,Amritsar,Malaria,44,10,151,29.14,35.5,83.1,6.8,2490000,917.2
2026-02-21,Amritsar,Malaria,40,7,143,27.97,36.0,78.2,0.3,2490000,2256.7
2026-02-22,Amritsar,Malaria,37,7,113,32.74,31.3,83.5,6.2,2490000,1291.6
2026-02-23,Amritsar,Malaria,34,8,136,25.0,35.1,79.8,5.3,2490000,874.1
2026-02-24,Amritsar,Malaria,40,6,147,27.21,35.6,78.9,3.6,2490000,2206.2
2026-02-25,Amritsar,Malaria,39,9,149,26.17,37.1,79.0,6.3,2490000,1830.6
2026-02-26,Amritsar,Malaria,38,5,157,24.2,38.0,82.9,4.4,2490000,2802.1
2026-02-27,Amritsar,Malaria,31,6,153,20.26,31.6,71.2,5.0,2490000,1594.1
2026-02-28,Amritsar,Malaria,31,6,70,44.29,35.7,80.5,5.5,2490000,924.0
2026-03-01,Amritsar,Malaria,37,8,114,32.46,34.5,69.3,0.0,2490000,2766.0
2026-03-02,Amritsar,Malaria,32,3,142,22.54,34.8,70.4,0.0,2490000,832.4
2026-03-03,Amritsar,Malaria,39,6,183,21.31,32.0,72.2,8.5,2490000,1225.4
2026-03-04,Amritsar,Malaria,34,5,100,34.0,38.2,76.4,3.8,2490000,1063.9
2026-03-05,Amritsar,Malaria,38,5,159,23.9,35.1,83.8,5.2,2490000,2419.9
2026-03-06,Amritsar,Malaria,28,5,73,38.36,34.3,87.3,7.1,2490000,2872.4
2026-03-07,Amritsar,Malaria,36,5,152,23.68,37.6,71.1,9.1,2490000,1991.1
2026-03-08,Amritsar,Malaria,41,6,186,22.04,36.7,73.1,3.3,2490000,993.4
2026-03-09,Amritsar,Malaria,45,5,131,34.35,31.7,74.1,6.3,2490000,895.7
2026-03-10,Amritsar,Malaria,33,7,150,22.0,35.0,76.4,0.0,2490000,2932.6
2026-03-11,Amritsar,Malaria,33,4,159,20.75,30.4,86.6,8.0,2490000,2083.3
2026-03-12,Amritsar,Malaria,29,6,124,23.39,36.0,85.9,2.0,2490000,1633.8
2026-03-13,Amritsar,Malaria,38,4,172,22.09,31.9,80.2,4.3,2490000,1046.4
2026-03-14,Amritsar,Malaria,58,11,285,20.35,33.6,81.6,4.8,2490000,1125.3
2026-03-15,Amritsar,Malaria,65,12,248,26.21,36.7,84.2,0.9,2490000,2188.8
2026-03-16,Amritsar,Malaria,56,12,166,33.73,34.1,73.6,3.5,2490000,1328.9
2026-03-17,Amritsar,Malaria,70,16,303,23.1,36.0,72.0,5.8,2490000,1912.0
2026-03-18,Amritsar,Malaria,66,13,140,47.14,32.7,78.3,6.0,2490000,943.0
2026-03-19,Amritsar,Malaria,103,17,226,45.58,31.9,71.9,2.4,2490000,1479.3
2026-03-20,Amritsar,Malaria,64,13,309,20.71,33.1,80.3,0.0,2490000,1794.6
2026-03-21,Amritsar,Malaria,99,19,253,39.13,35.3,78.2,2.1,2490000,1295.2
2026-03-22,Amritsar,Malaria,99,13,457,21.66,34.5,79.9,0.0,2490000,2116.9
2026-03-23,Amritsar,Malaria,136,20,419,32.46,29.7,77.9,4.4,2490000,930.9
2026-03-24,Amritsar,Malaria,115,11,360,31.94,35.7,81.5,5.8,2490000,898.7
2026-03-25,Amritsar,Malaria,95,15,397,23.93,30.2,74.6,7.5,2490000,899.3
2026-03-26,Amritsar,Malaria,133,16,301,44.19,29.8,82.3,4.5,2490000,1220.9
2026-03-27,Amritsar,Malaria,142,30,395,35.95,29.7,74.2,8.5,2490000,1858.6
2026-03-28,Amritsar,Malaria,145,24,597,24.29,31.2,80.4,4.4,2490000,1189.8
2026-03-29,Amritsar,Malaria,132,15,527,25.05,32.7,69.4,4.9,2490000,1959.2
2026-03-30,Amritsar,Malaria,140,14,301,46.51,28.7,77.2,1.9,2490000,858.8
2026-03-31,Amritsar,Malaria,152,36,734,20.71,32.2,74.9,0.0,2490000,990.0
2026-04-01,Amritsar,Malaria,130,24,485,26.8,29.2,89.7,6.4,2490000,1900.5
2026-04-02,Amritsar,Malaria,138,25,405,34.07,29.9,69.1,2.7,2490000,2088.7
2026-04-03,Amritsar,Malaria,116,18,535,21.68,30.3,83.5,1.5,2490000,1557.3
2026-04-04,Amritsar,Malaria,134,13,378,35.45,30.2,76.6,4.1,2490000,1177.4
2026-04-05,Amritsar,Malaria,134,28,440,30.45,29.9,79.4,6.6,2490000,1008.7
2026-04-06,Amritsar,Malaria,126,31,384,32.81,27.8,74.4,3.3,2490000,880.5
2026-04-07,Amritsar,Malaria,105,22,357,29.41,29.7,84.4,4.7,2490000,1913.7
2026-04-08,Amritsar,Malaria,104,21,296,35.14,29.5,70.7,6.8,2490000,1339.3
2026-04-09,Amritsar,Malaria,97,21,267,36.33,30.0,77.8,8.5,2490000,1004.0
2026-04-10,Amritsar,Malaria,73,12,338,21.6,27.6,83.0,1.5,2490000,1442.1
2026-04-11,Amritsar,Malaria,52,9,166,31.33,30.3,82.6,6.0,2490000,2342.0
2026-04-12,Amritsar,Malaria,51,7,243,20.99,28.1,76.0,4.4,2490000,1530.8
2026-04-13,Amritsar,Malaria,61,14,219,27.85,29.8,84.6,1.9,2490000,947.2
2026-04-14,Amritsar,Malaria,48,9,237,20.25,27.7,75.0,0.8,2490000,1366.9
2026-04-15,Amritsar,Malaria,45,10,196,22.96,29.2,82.9,7.3,2490000,1715.2
2026-04-16,Amritsar,Malaria,18,4,84,21.43,25.9,77.1,2.6,2490000,1454.3
2026-04-17,Amritsar,Malaria,29,7,66,43.94,29.6,70.1,4.7,2490000,1437.5
2026-04-18,Amritsar,Malaria,33,3,128,25.78,29.8,74.1,3.8,2490000,1616.9
2026-04-19,Amritsar,Malaria,27,3,123,21.95,28.3,75.5,6.1,2490000,2680.6
2026-04-20,Amritsar,Malaria,25,5,73,34.25,31.8,72.2,6.1,2490000,949.1
2026-04-21,Amritsar,Malaria,37,4,118,31.36,24.9,82.3,11.0,2490000,1600.7
2026-04-22,Amritsar,Malaria,30,4,97,30.93,30.8,71.9,7.0,2490000,983.7
2026-04-23,Amritsar,Malaria,27,3,134,20.15,31.9,84.3,4.4,2490000,1684.3
2026-04-24,Amritsar,Malaria,21,4,97,21.65,28.3,77.8,6.5,2490000,2159.8
2026-04-25,Amritsar,Malaria,27,6,84,32.14,24.9,67.7,5.1,2490000,1025.5
2026-04-26,Amritsar,Malaria,26,5,105,24.76,24.5,80.9,6.1,2490000,2966.6
2026-04-27,Amritsar,Malaria,32,7,72,44.44,30.2,75.5,10.3,2490000,894.8
2026-04-28,Amritsar,Malaria,30,6,134,22.39,26.4,68.3,12.4,2490000,2332.9
2026-04-29,Amritsar,Malaria,23,4,111,20.72,26.6,79.7,0.0,2490000,1241.2
2026-04-30,Amritsar,Malaria,36,6,164,21.95,28.3,75.6,7.5,2490000,954.9
2026-05-01,Amritsar,Malaria,33,7,92,35.87,23.4,69.6,4.0,2490000,3079.2
2026-05-02,Amritsar,Malaria,33,5,74,44.59,24.4,72.0,2.1,2490000,1740.5
2026-05-03,Amritsar,Malaria,29,5,128,22.66,25.1,73.8,6.5,2490000,2394.8
2026-05-04,Amritsar,Malaria,34,6,110,30.91,26.8,70.1,7.2,2490000,2772.8
2026-05-05,Amritsar,Malaria,28,4,80,35.0,27.1,76.5,7.3,2490000,915.4
2026-05-06,Amritsar,Malaria,26,5,82,31.71,25.7,78.1,3.5,2490000,943.1
2025-11-08,Bathinda,COVID-19,18,3,42,42.86,29.4,41.7,0.0,1388000,675.4
2025-11-09,Bathinda,COVID-19,23,4,111,20.72,27.4,58.9,0.0,1388000,1431.7
2025-11-10,Bathinda,COVID-19,19,3,44,43.18,24.7,40.5,0.0,1388000,676.1
2025-11-11,Bathinda,COVID-19,13,2,33,39.39,23.0,47.9,0.0,1388000,510.9
2025-11-12,Bathinda,COVID-19,21,5,88,23.86,25.8,53.9,0.0,1388000,904.7
2025-11-13,Bathinda,COVID-19,20,4,78,25.64,24.7,49.3,0.0,1388000,1189.0
2025-11-14,Bathinda,COVID-19,26,3,70,37.14,23.3,51.7,0.0,1388000,607.4
2025-11-15,Bathinda,COVID-19,26,4,126,20.63,26.9,39.4,0.0,1388000,1091.3
2025-11-16,Bathinda,COVID-19,25,3,83,30.12,27.4,51.3,0.0,1388000,500.4
2025-11-17,Bathinda,COVID-19,22,4,62,35.48,28.1,68.1,1.1,1388000,586.3
2025-11-18,Bathinda,COVID-19,29,7,58,50.0,25.9,58.8,0.0,1388000,811.0
2025-11-19,Bathinda,COVID-19,17,3,59,28.81,28.2,51.3,0.0,1388000,815.1
2025-11-20,Bathinda,COVID-19,27,3,77,35.06,27.3,55.9,0.0,1388000,1549.7
2025-11-21,Bathinda,COVID-19,23,3,111,20.72,28.0,61.1,0.0,1388000,1674.1
2025-11-22,Bathinda,COVID-19,27,2,127,21.26,29.6,46.0,0.0,1388000,716.4
2025-11-23,Bathinda,COVID-19,22,3,109,20.18,26.9,55.0,0.0,1388000,595.6
2025-11-24,Bathinda,COVID-19,18,3,57,31.58,26.9,49.6,0.0,1388000,1391.3
2025-11-25,Bathinda,COVID-19,26,5,82,31.71,26.1,59.2,0.0,1388000,468.3
2025-11-26,Bathinda,COVID-19,22,3,46,47.83,25.8,62.8,0.0,1388000,982.3
2025-11-27,Bathinda,COVID-19,32,6,96,33.33,27.1,51.4,0.0,1388000,1305.0
2025-11-28,Bathinda,COVID-19,20,3,45,44.44,29.2,54.2,0.0,1388000,612.8
2025-11-29,Bathinda,COVID-19,25,3,50,50.0,32.1,54.6,0.0,1388000,911.3
2025-11-30,Bathinda,COVID-19,24,4,99,24.24,29.1,51.0,1.3,1388000,1383.2
2025-12-01,Bathinda,COVID-19,25,4,117,21.37,25.0,50.9,0.0,1388000,661.7
2025-12-02,Bathinda,COVID-19,24,5,55,43.64,28.1,65.8,0.0,1388000,559.4
2025-12-03,Bathinda,COVID-19,27,3,127,21.26,28.0,54.6,0.0,1388000,773.1
2025-12-04,Bathinda,COVID-19,29,6,81,35.8,28.7,53.7,0.0,1388000,1169.5
2025-12-05,Bathinda,COVID-19,21,4,61,34.43,31.5,58.3,0.0,1388000,750.6
2025-12-06,Bathinda,COVID-19,20,4,84,23.81,26.3,56.7,0.0,1388000,1026.9
2025-12-07,Bathinda,COVID-19,26,2,58,44.83,31.6,55.1,2.3,1388000,541.3
2025-12-08,Bathinda,COVID-19,25,5,81,30.86,29.1,64.7,0.0,1388000,681.7
2025-12-09,Bathinda,COVID-19,23,2,83,27.71,28.3,62.1,0.0,1388000,772.0
2025-12-10,Bathinda,COVID-19,32,4,81,39.51,30.9,56.7,0.0,1388000,627.2
2025-12-11,Bathinda,COVID-19,25,2,114,21.93,29.6,65.6,0.0,1388000,635.0
2025-12-12,Bathinda,COVID-19,28,4,80,35.0,29.5,61.1,0.0,1388000,502.7
2025-12-13,Bathinda,COVID-19,25,3,98,25.51,28.6,59.3,2.5,1388000,944.7
2025-12-14,Bathinda,COVID-19,31,3,144,21.53,32.7,68.2,1.3,1388000,664.5
2025-12-15,Bathinda,COVID-19,31,3,147,21.09,28.7,60.4,0.0,1388000,1343.2
2025-12-16,Bathinda,COVID-19,35,4,168,20.83,35.8,65.4,0.0,1388000,546.5
2025-12-17,Bathinda,COVID-19,33,5,135,24.44,31.8,64.1,0.0,1388000,652.8
2025-12-18,Bathinda,COVID-19,26,5,65,40.0,35.9,68.9,0.0,1388000,759.8
2025-12-19,Bathinda,COVID-19,26,5,104,25.0,29.6,66.4,0.0,1388000,463.5
2025-12-20,Bathinda,COVID-19,28,6,137,20.44,33.7,70.3,0.0,1388000,646.9
2025-12-21,Bathinda,COVID-19,26,6,82,31.71,31.6,56.5,0.0,1388000,544.8
2025-12-22,Bathinda,COVID-19,27,6,105,25.71,29.3,68.2,0.0,1388000,640.7
2025-12-23,Bathinda,COVID-19,31,7,123,25.2,32.0,71.4,0.0,1388000,855.2
2025-12-24,Bathinda,COVID-19,28,5,129,21.71,32.2,73.4,0.2,1388000,822.5
2025-12-25,Bathinda,COVID-19,31,3,112,27.68,32.6,63.5,0.8,1388000,1335.6
2025-12-26,Bathinda,COVID-19,23,4,110,20.91,34.4,63.1,0.0,1388000,573.1
2025-12-27,Bathinda,COVID-19,27,3,98,27.55,27.9,64.5,0.0,1388000,1332.4
2025-12-28,Bathinda,COVID-19,24,4,53,45.28,34.6,67.1,0.0,1388000,771.6
2025-12-29,Bathinda,COVID-19,31,4,150,20.67,34.6,64.7,0.0,1388000,687.6
2025-12-30,Bathinda,COVID-19,22,3,94,23.4,32.1,66.8,0.3,1388000,526.4
2025-12-31,Bathinda,COVID-19,33,8,144,22.92,31.2,66.6,0.2,1388000,910.8
2026-01-01,Bathinda,COVID-19,27,5,81,33.33,30.0,66.0,5.0,1388000,531.5
2026-01-02,Bathinda,COVID-19,33,6,71,46.48,36.4,64.5,0.0,1388000,965.2
2026-01-03,Bathinda,COVID-19,25,5,114,21.93,31.3,71.5,2.9,1388000,1575.9
2026-01-04,Bathinda,COVID-19,27,5,81,33.33,33.3,70.1,0.0,1388000,1106.1
2026-01-05,Bathinda,COVID-19,21,2,96,21.88,33.9,62.8,0.6,1388000,597.6
2026-01-06,Bathinda,COVID-19,27,4,63,42.86,34.8,65.0,0.1,1388000,690.2
2026-01-07,Bathinda,COVID-19,30,7,118,25.42,34.8,64.6,3.0,1388000,737.6
2026-01-08,Bathinda,COVID-19,29,7,111,26.13,33.2,63.6,2.4,1388000,848.3
2026-01-09,Bathinda,COVID-19,28,3,127,22.05,31.0,74.5,0.0,1388000,566.8
2026-01-10,Bathinda,COVID-19,29,6,59,49.15,34.7,61.5,0.7,1388000,860.5
2026-01-11,Bathinda,COVID-19,29,5,144,20.14,29.6,72.4,0.0,1388000,993.9
2026-01-12,Bathinda,COVID-19,22,4,60,36.67,33.0,71.1,0.0,1388000,911.3
2026-01-13,Bathinda,COVID-19,23,4,53,43.4,35.6,72.7,2.8,1388000,679.1
2026-01-14,Bathinda,COVID-19,30,3,106,28.3,35.6,79.9,0.0,1388000,580.9
2026-01-15,Bathinda,COVID-19,22,3,101,21.78,37.5,68.4,2.3,1388000,503.1
2026-01-16,Bathinda,COVID-19,32,6,140,22.86,36.5,65.6,0.8,1388000,510.6
2026-01-17,Bathinda,COVID-19,29,5,83,34.94,35.7,72.8,0.0,1388000,857.5
2026-01-18,Bathinda,COVID-19,28,6,138,20.29,33.6,77.0,2.0,1388000,792.0
2026-01-19,Bathinda,COVID-19,32,4,90,35.56,35.1,74.6,0.2,1388000,853.7
2026-01-20,Bathinda,COVID-19,27,3,79,34.18,34.2,69.8,5.6,1388000,1669.5
2026-01-21,Bathinda,COVID-19,26,2,80,32.5,35.1,76.9,2.8,1388000,680.4
2026-01-22,Bathinda,COVID-19,24,3,57,42.11,38.9,74.4,4.3,1388000,571.5
2026-01-23,Bathinda,COVID-19,31,6,80,38.75,34.2,77.8,6.4,1388000,675.8
2026-01-24,Bathinda,COVID-19,20,4,86,23.26,33.1,77.7,0.0,1388000,1059.3
2026-01-25,Bathinda,COVID-19,30,4,134,22.39,36.3,70.1,0.0,1388000,1424.0
2026-01-26,Bathinda,COVID-19,33,5,164,20.12,37.7,68.5,3.6,1388000,1557.2
2026-01-27,Bathinda,COVID-19,21,2,69,30.43,41.7,66.2,2.7,1388000,793.3
2026-01-28,Bathinda,COVID-19,32,6,108,29.63,35.1,79.6,0.9,1388000,864.2
2026-01-29,Bathinda,COVID-19,30,7,86,34.88,34.1,67.6,3.1,1388000,622.2
2026-01-30,Bathinda,COVID-19,23,5,112,20.54,33.0,78.8,0.0,1388000,532.2
2026-01-31,Bathinda,COVID-19,30,5,82,36.59,31.5,75.0,1.4,1388000,472.6
2026-02-01,Bathinda,COVID-19,31,6,147,21.09,33.8,78.4,2.8,1388000,719.5
2026-02-02,Bathinda,COVID-19,26,3,82,31.71,32.3,74.1,3.3,1388000,816.3
2026-02-03,Bathinda,COVID-19,30,6,136,22.06,32.5,81.2,0.9,1388000,1133.1
2026-02-04,Bathinda,COVID-19,33,4,156,21.15,36.2,81.2,2.4,1388000,546.9
2026-02-05,Bathinda,COVID-19,27,6,64,42.19,34.7,79.3,2.5,1388000,661.2
2026-02-06,Bathinda,COVID-19,28,5,93,30.11,33.7,79.2,0.0,1388000,1004.1
2026-02-07,Bathinda,COVID-19,31,3,73,42.47,34.3,82.5,5.5,1388000,1698.4
2026-02-08,Bathinda,COVID-19,30,6,62,48.39,36.9,74.7,4.0,1388000,842.2
2026-02-09,Bathinda,COVID-19,29,5,63,46.03,30.6,76.0,0.5,1388000,801.3
2026-02-10,Bathinda,COVID-19,27,6,60,45.0,32.6,74.6,1.1,1388000,479.1
2026-02-11,Bathinda,COVID-19,32,4,66,48.48,41.2,67.8,4.9,1388000,552.4
2026-02-12,Bathinda,COVID-19,31,4,78,39.74,35.5,73.2,3.1,1388000,1615.3
2026-02-13,Bathinda,COVID-19,27,3,131,20.61,36.9,88.6,0.0,1388000,1642.8
2026-02-14,Bathinda,COVID-19,23,3,89,25.84,34.2,77.9,4.0,1388000,518.9
2026-02-15,Bathinda,COVID-19,22,3,106,20.75,34.1,77.5,2.3,1388000,1661.4
2026-02-16,Bathinda,COVID-19,25,5,71,35.21,34.7,78.9,3.8,1388000,996.8
2026-02-17,Bathinda,COVID-19,30,6,87,34.48,37.5,81.6,2.1,1388000,694.5
2026-02-18,Bathinda,COVID-19,31,3,135,22.96,34.1,77.3,3.5,1388000,598.3
2026-02-19,Bathinda,COVID-19,26,6,94,27.66,34.0,69.1,0.0,1388000,500.4
2026-02-20,Bathinda,COVID-19,26,5,61,42.62,38.2,83.0,3.5,1388000,605.5
2026-02-21,Bathinda,COVID-19,25,5,119,21.01,34.8,80.3,4.0,1388000,1542.2
2026-02-22,Bathinda,COVID-19,53,12,209,25.36,33.7,81.1,4.4,1388000,729.9
2026-02-23,Bathinda,COVID-19,47,6,109,43.12,34.7,84.8,7.9,1388000,689.8
2026-02-24,Bathinda,COVID-19,54,11,165,32.73,30.4,83.8,0.7,1388000,491.0
2026-02-25,Bathinda,COVID-19,79,11,231,34.2,32.4,86.1,1.6,1388000,1353.8
2026-02-26,Bathinda,COVID-19,75,17,352,21.31,39.3,82.5,1.2,1388000,1011.7
2026-02-27,Bathinda,COVID-19,112,18,272,41.18,29.0,77.4,0.0,1388000,587.9
2026-02-28,Bathinda,COVID-19,130,14,448,29.02,35.8,68.9,7.3,1388000,501.6
2026-03-01,Bathinda,COVID-19,133,14,517,25.73,33.1,70.2,4.5,1388000,855.0
2026-03-02,Bathinda,COVID-19,187,26,659,28.38,36.1,71.0,0.0,1388000,1000.3
2026-03-03,Bathinda,COVID-19,176,21,404,43.56,34.4,79.3,2.5,1388000,546.6
2026-03-04,Bathinda,COVID-19,196,21,869,22.55,33.2,87.0,2.8,1388000,938.6
2026-03-05,Bathinda,COVID-19,242,31,957,25.29,32.9,78.9,2.5,1388000,469.6
2026-03-06,Bathinda,COVID-19,191,32,866,22.06,38.9,79.8,3.3,1388000,495.7
2026-03-07,Bathinda,COVID-19,235,31,1030,22.82,31.2,86.8,1.7,1388000,565.9
2026-03-08,Bathinda,COVID-19,185,30,502,36.85,34.2,84.9,6.6,1388000,544.0
2026-03-09,Bathinda,COVID-19,195,42,896,21.76,33.4,86.5,8.8,1388000,625.2
2026-03-10,Bathinda,COVID-19,190,24,497,38.23,34.1,73.4,3.4,1388000,1414.7
2026-03-11,Bathinda,COVID-19,134,24,316,42.41,34.6,64.9,1.5,1388000,681.4
2026-03-12,Bathinda,COVID-19,147,28,515,28.54,34.8,81.9,7.6,1388000,491.7
2026-03-13,Bathinda,COVID-19,133,21,419,31.74,30.3,86.7,4.1,1388000,1163.8
2026-03-14,Bathinda,COVID-19,183,28,797,22.96,34.3,84.7,1.3,1388000,708.5
2026-03-15,Bathinda,COVID-19,121,13,492,24.59,31.5,81.0,1.3,1388000,988.2
2026-03-16,Bathinda,COVID-19,116,13,414,28.02,33.3,82.0,1.2,1388000,489.4
2026-03-17,Bathinda,COVID-19,84,16,192,43.75,33.0,76.4,6.4,1388000,643.8
2026-03-18,Bathinda,COVID-19,74,18,273,27.11,32.9,81.5,2.4,1388000,854.5
2026-03-19,Bathinda,COVID-19,71,13,231,30.74,31.6,80.5,3.0,1388000,547.5
2026-03-20,Bathinda,COVID-19,52,6,107,48.6,31.1,72.4,3.2,1388000,1539.5
2026-03-21,Bathinda,COVID-19,44,9,94,46.81,33.4,81.9,6.0,1388000,1395.3
2026-03-22,Bathinda,COVID-19,34,3,137,24.82,28.4,84.6,6.3,1388000,1111.6
2026-03-23,Bathinda,COVID-19,31,3,133,23.31,34.5,75.0,2.8,1388000,511.3
2026-03-24,Bathinda,COVID-19,25,4,64,39.06,32.1,79.8,2.4,1388000,877.6
2026-03-25,Bathinda,COVID-19,27,6,65,41.54,31.8,90.5,12.3,1388000,655.0
2026-03-26,Bathinda,COVID-19,26,4,107,24.3,33.4,70.1,3.4,1388000,1034.9
2026-03-27,Bathinda,COVID-19,35,8,99,35.35,31.4,77.8,3.4,1388000,865.8
2026-03-28,Bathinda,COVID-19,28,3,123,22.76,26.7,87.7,0.0,1388000,1565.8
2026-03-29,Bathinda,COVID-19,31,3,69,44.93,30.1,77.7,2.6,1388000,1122.1
2026-03-30,Bathinda,COVID-19,25,3,103,24.27,32.7,81.7,4.6,1388000,473.3
2026-03-31,Bathinda,COVID-19,24,4,118,20.34,29.5,72.6,7.8,1388000,636.8
2026-04-01,Bathinda,COVID-19,27,4,85,31.76,30.1,79.8,5.4,1388000,1431.7
2026-04-02,Bathinda,COVID-19,25,2,118,21.19,32.3,82.6,2.3,1388000,1733.5
2026-04-03,Bathinda,COVID-19,25,3,108,23.15,32.8,85.5,6.3,1388000,607.5
2026-04-04,Bathinda,COVID-19,27,4,104,25.96,30.0,74.3,3.7,1388000,680.9
2026-04-05,Bathinda,COVID-19,29,7,89,32.58,33.3,82.4,7.8,1388000,1547.0
2026-04-06,Bathinda,COVID-19,23,3,109,21.1,31.8,76.5,5.7,1388000,488.2
2026-04-07,Bathinda,COVID-19,22,3,53,41.51,29.9,78.3,1.6,1388000,565.3
2026-04-08,Bathinda,COVID-19,24,5,77,31.17,30.1,83.5,4.6,1388000,489.9
2026-04-09,Bathinda,COVID-19,21,5,100,21.0,30.9,75.3,8.3,1388000,528.0
2026-04-10,Bathinda,COVID-19,29,6,70,41.43,30.1,74.4,4.0,1388000,1167.5
2026-04-11,Bathinda,COVID-19,21,4,87,24.14,28.0,86.8,2.9,1388000,1104.4
2026-04-12,Bathinda,COVID-19,21,3,90,23.33,27.4,81.8,12.9,1388000,531.3
2026-04-13,Bathinda,COVID-19,23,4,46,50.0,29.8,74.4,8.6,1388000,612.5
2026-04-14,Bathinda,COVID-19,20,2,94,21.28,33.9,75.8,6.6,1388000,560.2
2026-04-15,Bathinda,COVID-19,23,4,110,20.91,28.9,79.4,4.7,1388000,506.1
2026-04-16,Bathinda,COVID-19,32,5,136,23.53,32.0,79.1,6.5,1388000,538.1
2026-04-17,Bathinda,COVID-19,28,5,83,33.73,28.5,68.2,7.1,1388000,648.5
2026-04-18,Bathinda,COVID-19,25,5,59,42.37,26.2,85.4,5.3,1388000,563.1
2026-04-19,Bathinda,COVID-19,20,3,48,41.67,25.2,79.6,3.9,1388000,610.3
2026-04-20,Bathinda,COVID-19,27,4,130,20.77,30.2,72.0,0.9,1388000,481.0
2026-04-21,Bathinda,COVID-19,21,4,53,39.62,31.6,70.8,5.2,1388000,532.2
2026-04-22,Bathinda,COVID-19,20,2,95,21.05,27.5,58.0,2.0,1388000,846.3
2026-04-23,Bathinda,COVID-19,19,4,90,21.11,27.4,73.5,10.1,1388000,631.3
2026-04-24,Bathinda,COVID-19,32,6,112,28.57,24.2,65.4,8.5,1388000,1492.8
2026-04-25,Bathinda,COVID-19,19,3,48,39.58,26.6,73.9,3.5,1388000,985.9
2026-04-26,Bathinda,COVID-19,28,6,117,23.93,24.9,71.1,5.6,1388000,908.4
2026-04-27,Bathinda,COVID-19,24,4,100,24.0,28.9,84.5,8.5,1388000,1027.1
2026-04-28,Bathinda,COVID-19,21,2,57,36.84,23.1,71.6,8.8,1388000,1294.5
2026-04-29,Bathinda,COVID-19,26,4,71,36.62,23.0,66.6,0.7,1388000,1265.1
2026-04-30,Bathinda,COVID-19,18,3,60,30.0,28.5,71.8,4.7,1388000,877.9
2026-05-01,Bathinda,COVID-19,24,5,68,35.29,25.9,78.7,3.9,1388000,965.9
2026-05-02,Bathinda,COVID-19,22,4,64,34.38,27.3,58.8,7.8,1388000,720.9
2026-05-03,Bathinda,COVID-19,24,5,76,31.58,24.8,71.3,2.4,1388000,639.9
2026-05-04,Bathinda,COVID-19,23,4,85,27.06,25.0,73.7,0.0,1388000,1184.2
2026-05-05,Bathinda,COVID-19,22,3,75,29.33,23.2,82.5,7.2,1388000,756.5
2026-05-06,Bathinda,COVID-19,25,3,94,26.6,22.6,77.8,2.5,1388000,1011.8
2025-11-08,Bathinda,Chikungunya,20,3,72,27.78,25.8,47.4,0.0,1388000,1619.9
2025-11-09,Bathinda,Chikungunya,22,3,103,21.36,25.3,53.2,0.0,1388000,546.7
2025-11-10,Bathinda,Chikungunya,17,1,78,21.79,27.7,49.5,0.0,1388000,577.2
2025-11-11,Bathinda,Chikungunya,23,3,107,21.5,28.7,46.0,0.0,1388000,540.6
2025-11-12,Bathinda,Chikungunya,22,5,108,20.37,25.6,47.0,0.0,1388000,840.1
2025-11-13,Bathinda,Chikungunya,21,3,48,43.75,24.9,47.9,0.0,1388000,795.0
2025-11-14,Bathinda,Chikungunya,22,3,46,47.83,26.7,57.9,0.0,1388000,860.0
2025-11-15,Bathinda,Chikungunya,19,1,73,26.03,28.6,62.1,0.0,1388000,1152.7
2025-11-16,Bathinda,Chikungunya,21,4,85,24.71,26.2,55.8,0.0,1388000,557.9
2025-11-17,Bathinda,Chikungunya,28,4,65,43.08,29.3,51.1,0.0,1388000,624.1
2025-11-18,Bathinda,Chikungunya,20,2,95,21.05,23.7,52.5,0.0,1388000,1226.8
2025-11-19,Bathinda,Chikungunya,19,4,46,41.3,27.9,50.8,0.0,1388000,1406.3
2025-11-20,Bathinda,Chikungunya,25,6,107,23.36,25.4,45.7,0.0,1388000,1253.9
2025-11-21,Bathinda,Chikungunya,20,4,56,35.71,27.8,38.3,0.0,1388000,638.4
2025-11-22,Bathinda,Chikungunya,16,3,74,21.62,27.5,44.4,0.0,1388000,723.2
2025-11-23,Bathinda,Chikungunya,21,3,61,34.43,29.6,56.4,0.0,1388000,467.3
2025-11-24,Bathinda,Chikungunya,23,3,81,28.4,29.7,68.4,0.0,1388000,994.2
2025-11-25,Bathinda,Chikungunya,24,2,112,21.43,29.3,59.0,0.0,1388000,503.0
2025-11-26,Bathinda,Chikungunya,16,3,38,42.11,26.5,51.3,0.0,1388000,592.9
2025-11-27,Bathinda,Chikungunya,15,3,58,25.86,26.0,53.5,0.0,1388000,649.9
2025-11-28,Bathinda,Chikungunya,18,3,55,32.73,25.6,67.7,0.0,1388000,584.6
2025-11-29,Bathinda,Chikungunya,15,2,68,22.06,28.5,61.5,0.0,1388000,832.2
2025-11-30,Bathinda,Chikungunya,25,5,56,44.64,29.0,54.8,0.0,1388000,735.7
2025-12-01,Bathinda,Chikungunya,21,2,86,24.42,30.4,56.4,0.0,1388000,959.7
2025-12-02,Bathinda,Chikungunya,26,3,102,25.49,26.9,54.1,0.0,1388000,579.9
2025-12-03,Bathinda,Chikungunya,24,5,78,30.77,29.6,50.4,0.0,1388000,522.3
2025-12-04,Bathinda,Chikungunya,21,5,103,20.39,27.2,57.8,0.5,1388000,629.2
2025-12-05,Bathinda,Chikungunya,20,4,59,33.9,27.0,58.6,0.0,1388000,607.6
2025-12-06,Bathinda,Chikungunya,19,3,52,36.54,31.0,59.8,0.0,1388000,875.1
2025-12-07,Bathinda,Chikungunya,24,5,69,34.78,30.3,50.4,0.7,1388000,487.2
2025-12-08,Bathinda,Chikungunya,29,3,93,31.18,30.6,64.7,0.0,1388000,1096.2
2025-12-09,Bathinda,Chikungunya,22,3,94,23.4,28.1,58.8,0.0,1388000,962.4
2025-12-10,Bathinda,Chikungunya,23,4,69,33.33,28.2,61.3,0.0,1388000,510.6
2025-12-11,Bathinda,Chikungunya,24,4,55,43.64,32.6,50.6,0.0,1388000,532.6
2025-12-12,Bathinda,Chikungunya,18,1,74,24.32,28.9,62.8,0.0,1388000,1066.8
2025-12-13,Bathinda,Chikungunya,24,4,113,21.24,27.4,61.4,0.0,1388000,538.8
2025-12-14,Bathinda,Chikungunya,24,5,55,43.64,30.8,53.9,0.0,1388000,1185.5
2025-12-15,Bathinda,Chikungunya,23,5,65,35.38,29.3,64.9,0.0,1388000,841.5
2025-12-16,Bathinda,Chikungunya,25,3,96,26.04,30.5,59.3,0.0,1388000,730.5
2025-12-17,Bathinda,Chikungunya,29,6,119,24.37,27.6,59.1,0.0,1388000,1262.6
2025-12-18,Bathinda,Chikungunya,23,5,72,31.94,34.1,63.2,0.6,1388000,813.7
2025-12-19,Bathinda,Chikungunya,28,6,131,21.37,30.9,63.3,0.0,1388000,580.8
2025-12-20,Bathinda,Chikungunya,23,4,54,42.59,29.0,57.5,1.9,1388000,632.0
2025-12-21,Bathinda,Chikungunya,26,5,122,21.31,33.1,67.3,0.0,1388000,632.5
2025-12-22,Bathinda,Chikungunya,27,4,54,50.0,30.3,61.9,0.0,1388000,466.2
2025-12-23,Bathinda,Chikungunya,25,5,89,28.09,32.5,65.0,0.0,1388000,772.8
2025-12-24,Bathinda,Chikungunya,28,5,112,25.0,33.7,69.1,0.7,1388000,516.2
2025-12-25,Bathinda,Chikungunya,27,2,71,38.03,31.0,67.3,0.0,1388000,1217.9
2025-12-26,Bathinda,Chikungunya,26,3,118,22.03,32.0,64.9,0.0,1388000,504.0
2025-12-27,Bathinda,Chikungunya,27,5,128,21.09,33.9,65.0,0.0,1388000,616.8
2025-12-28,Bathinda,Chikungunya,17,2,58,29.31,31.2,60.9,0.0,1388000,891.8
2025-12-29,Bathinda,Chikungunya,25,3,93,26.88,32.3,62.5,0.0,1388000,732.3
2025-12-30,Bathinda,Chikungunya,26,4,94,27.66,30.9,65.5,0.0,1388000,815.4
2025-12-31,Bathinda,Chikungunya,21,2,60,35.0,30.6,68.9,0.0,1388000,488.9
2026-01-01,Bathinda,Chikungunya,30,6,136,22.06,32.1,68.1,0.0,1388000,641.2
2026-01-02,Bathinda,Chikungunya,21,4,104,20.19,32.2,71.3,6.7,1388000,521.6
2026-01-03,Bathinda,Chikungunya,22,3,97,22.68,30.8,72.3,1.0,1388000,923.7
2026-01-04,Bathinda,Chikungunya,30,3,82,36.59,31.5,66.8,3.7,1388000,1218.2
2026-01-05,Bathinda,Chikungunya,19,3,63,30.16,31.8,72.6,3.5,1388000,491.8
2026-01-06,Bathinda,Chikungunya,23,4,112,20.54,32.0,75.6,1.3,1388000,496.0
2026-01-07,Bathinda,Chikungunya,33,6,119,27.73,32.1,70.4,1.6,1388000,669.8
2026-01-08,Bathinda,Chikungunya,21,5,79,26.58,33.2,62.6,3.7,1388000,912.1
2026-01-09,Bathinda,Chikungunya,25,5,79,31.65,32.4,66.5,0.0,1388000,949.1
2026-01-10,Bathinda,Chikungunya,20,2,43,46.51,32.6,68.0,2.6,1388000,873.0
2026-01-11,Bathinda,Chikungunya,26,5,120,21.67,32.6,71.7,0.0,1388000,475.3
2026-01-12,Bathinda,Chikungunya,28,6,92,30.43,36.0,78.5,2.9,1388000,621.8
2026-01-13,Bathinda,Chikungunya,29,6,96,30.21,35.1,67.3,3.0,1388000,497.9
2026-01-14,Bathinda,Chikungunya,25,3,66,37.88,37.0,82.2,0.0,1388000,478.2
2026-01-15,Bathinda,Chikungunya,23,2,66,34.85,35.5,73.0,0.0,1388000,503.2
2026-01-16,Bathinda,Chikungunya,27,3,132,20.45,31.7,83.6,3.6,1388000,612.6
2026-01-17,Bathinda,Chikungunya,20,2,91,21.98,34.5,78.5,2.0,1388000,622.7
2026-01-18,Bathinda,Chikungunya,32,7,87,36.78,32.4,68.2,0.0,1388000,1626.5
2026-01-19,Bathinda,Chikungunya,28,5,118,23.73,36.0,72.6,0.0,1388000,690.3
2026-01-20,Bathinda,Chikungunya,27,6,88,30.68,35.1,79.1,6.3,1388000,766.3
2026-01-21,Bathinda,Chikungunya,24,5,95,25.26,34.7,72.0,0.0,1388000,517.4
2026-01-22,Bathinda,Chikungunya,32,5,90,35.56,35.5,73.8,0.6,1388000,741.8
2026-01-23,Bathinda,Chikungunya,27,4,80,33.75,36.4,77.3,0.0,1388000,1688.1
2026-01-24,Bathinda,Chikungunya,30,6,87,34.48,36.8,76.2,0.0,1388000,1083.8
2026-01-25,Bathinda,Chikungunya,25,4,111,22.52,34.5,68.4,0.5,1388000,615.4
2026-01-26,Bathinda,Chikungunya,38,7,187,20.32,34.4,76.9,0.0,1388000,467.3
2026-01-27,Bathinda,Chikungunya,20,3,97,20.62,33.0,75.3,0.0,1388000,1007.8
2026-01-28,Bathinda,Chikungunya,30,4,98,30.61,31.2,77.0,0.7,1388000,567.8
2026-01-29,Bathinda,Chikungunya,25,4,117,21.37,37.9,70.8,0.1,1388000,478.2
2026-01-30,Bathinda,Chikungunya,23,4,48,47.92,31.8,77.6,0.0,1388000,532.8
2026-01-31,Bathinda,Chikungunya,25,4,59,42.37,36.9,78.2,3.7,1388000,498.7
2026-02-01,Bathinda,Chikungunya,23,5,107,21.5,33.2,78.9,0.0,1388000,888.6
2026-02-02,Bathinda,Chikungunya,29,4,110,26.36,31.4,75.0,0.1,1388000,508.4
2026-02-03,Bathinda,Chikungunya,28,3,113,24.78,36.1,77.5,2.7,1388000,1134.0
2026-02-04,Bathinda,Chikungunya,31,5,97,31.96,37.3,73.0,1.5,1388000,748.5
2026-02-05,Bathinda,Chikungunya,26,5,90,28.89,38.9,77.6,0.0,1388000,523.7
2026-02-06,Bathinda,Chikungunya,22,4,89,24.72,35.8,72.4,0.0,1388000,519.5
2026-02-07,Bathinda,Chikungunya,29,5,75,38.67,33.4,72.4,0.0,1388000,939.9
2026-02-08,Bathinda,Chikungunya,32,3,82,39.02,35.4,78.6,0.0,1388000,501.1
2026-02-09,Bathinda,Chikungunya,32,4,152,21.05,35.6,77.8,0.0,1388000,859.1
2026-02-10,Bathinda,Chikungunya,28,3,94,29.79,34.1,74.2,0.1,1388000,1410.5
2026-02-11,Bathinda,Chikungunya,17,2,56,30.36,31.8,73.1,2.0,1388000,870.0
2026-02-12,Bathinda,Chikungunya,30,3,105,28.57,36.3,83.1,4.0,1388000,570.4
2026-02-13,Bathinda,Chikungunya,25,4,83,30.12,34.2,80.2,4.4,1388000,735.5
2026-02-14,Bathinda,Chikungunya,28,2,116,24.14,35.8,72.9,4.4,1388000,1387.0
2026-02-15,Bathinda,Chikungunya,32,7,157,20.38,34.9,81.2,4.8,1388000,981.9
2026-02-16,Bathinda,Chikungunya,26,3,92,28.26,36.6,60.9,1.1,1388000,506.6
2026-02-17,Bathinda,Chikungunya,29,7,71,40.85,32.4,81.6,4.1,1388000,483.0
2026-02-18,Bathinda,Chikungunya,17,2,73,23.29,35.3,71.7,11.5,1388000,570.3
2026-02-19,Bathinda,Chikungunya,27,6,106,25.47,34.8,82.1,6.1,1388000,532.8
2026-02-20,Bathinda,Chikungunya,29,3,62,46.77,29.9,79.7,4.5,1388000,679.0
2026-02-21,Bathinda,Chikungunya,33,4,83,39.76,33.8,82.5,2.1,1388000,486.1
2026-02-22,Bathinda,Chikungunya,23,2,70,32.86,33.2,74.7,0.0,1388000,755.2
2026-02-23,Bathinda,Chikungunya,31,7,92,33.7,32.2,80.3,1.5,1388000,514.4
2026-02-24,Bathinda,Chikungunya,20,3,81,24.69,34.8,68.4,0.0,1388000,511.2
2026-02-25,Bathinda,Chikungunya,26,6,58,44.83,31.7,81.3,4.8,1388000,1645.3
2026-02-26,Bathinda,Chikungunya,30,5,85,35.29,34.7,78.4,6.8,1388000,1188.7
2026-02-27,Bathinda,Chikungunya,52,6,163,31.9,33.1,77.1,2.4,1388000,1047.4
2026-02-28,Bathinda,Chikungunya,69,14,240,28.75,35.2,81.0,4.5,1388000,1236.3
2026-03-01,Bathinda,Chikungunya,70,9,326,21.47,31.5,86.2,4.0,1388000,486.2
2026-03-02,Bathinda,Chikungunya,75,16,241,31.12,33.8,74.1,3.5,1388000,553.8
2026-03-03,Bathinda,Chikungunya,99,21,403,24.57,34.5,89.7,5.8,1388000,592.1
2026-03-04,Bathinda,Chikungunya,109,20,277,39.35,32.9,74.2,0.9,1388000,490.2
2026-03-05,Bathinda,Chikungunya,121,27,379,31.93,34.3,84.9,1.4,1388000,1034.3
2026-03-06,Bathinda,Chikungunya,117,25,260,45.0,32.8,87.3,4.2,1388000,1197.0
2026-03-07,Bathinda,Chikungunya,174,37,373,46.65,35.9,90.3,4.0,1388000,958.6
2026-03-08,Bathinda,Chikungunya,239,32,602,39.7,36.3,83.4,2.1,1388000,509.2
2026-03-09,Bathinda,Chikungunya,165,24,545,30.28,33.3,74.4,5.5,1388000,637.8
2026-03-10,Bathinda,Chikungunya,218,35,651,33.49,36.1,77.5,0.0,1388000,783.4
2026-03-11,Bathinda,Chikungunya,255,56,1017,25.07,32.1,85.7,4.1,1388000,1117.4
2026-03-12,Bathinda,Chikungunya,199,36,561,35.47,37.1,77.7,1.3,1388000,658.6
2026-03-13,Bathinda,Chikungunya,214,30,816,26.23,34.3,78.7,6.6,1388000,1277.5
2026-03-14,Bathinda,Chikungunya,262,29,809,32.39,32.0,83.0,4.1,1388000,551.8
2026-03-15,Bathinda,Chikungunya,225,48,485,46.39,33.6,76.5,0.0,1388000,732.5
2026-03-16,Bathinda,Chikungunya,184,33,397,46.35,31.3,79.9,3.8,1388000,1680.7
2026-03-17,Bathinda,Chikungunya,192,25,583,32.93,32.9,72.9,5.9,1388000,748.6
2026-03-18,Bathinda,Chikungunya,192,40,727,26.41,32.3,82.3,3.0,1388000,703.2
2026-03-19,Bathinda,Chikungunya,198,30,417,47.48,33.2,85.3,5.1,1388000,579.4
2026-03-20,Bathinda,Chikungunya,209,24,783,26.69,35.3,71.3,3.6,1388000,703.9
2026-03-21,Bathinda,Chikungunya,184,30,572,32.17,32.7,85.7,5.3,1388000,1174.1
2026-03-22,Bathinda,Chikungunya,145,23,361,40.17,34.8,90.9,4.6,1388000,656.4
2026-03-23,Bathinda,Chikungunya,114,21,360,31.67,31.4,82.6,4.6,1388000,1010.7
2026-03-24,Bathinda,Chikungunya,88,10,358,24.58,30.9,84.1,3.6,1388000,587.6
2026-03-25,Bathinda,Chikungunya,106,13,474,22.36,34.1,72.8,1.7,1388000,572.1
2026-03-26,Bathinda,Chikungunya,73,12,287,25.44,31.5,85.2,0.0,1388000,535.5
2026-03-27,Bathinda,Chikungunya,37,6,162,22.84,31.1,72.9,2.1,1388000,504.8
2026-03-28,Bathinda,Chikungunya,54,6,118,45.76,32.7,75.0,0.0,1388000,470.3
2026-03-29,Bathinda,Chikungunya,53,10,211,25.12,30.2,89.3,4.1,1388000,773.5
2026-03-30,Bathinda,Chikungunya,32,6,136,23.53,30.0,76.8,8.2,1388000,641.3
2026-03-31,Bathinda,Chikungunya,24,3,82,29.27,31.8,77.6,3.9,1388000,1105.3
2026-04-01,Bathinda,Chikungunya,23,2,100,23.0,31.5,68.0,3.1,1388000,478.7
2026-04-02,Bathinda,Chikungunya,26,5,122,21.31,31.9,74.0,4.1,1388000,951.4
2026-04-03,Bathinda,Chikungunya,22,4,103,21.36,28.8,77.9,7.9,1388000,732.7
2026-04-04,Bathinda,Chikungunya,29,6,117,24.79,30.8,79.7,3.3,1388000,1431.5
2026-04-05,Bathinda,Chikungunya,24,2,57,42.11,29.5,83.1,8.5,1388000,584.6
2026-04-06,Bathinda,Chikungunya,21,2,49,42.86,30.0,74.5,7.5,1388000,1363.7
2026-04-07,Bathinda,Chikungunya,19,2,44,43.18,28.1,73.9,3.2,1388000,666.3
2026-04-08,Bathinda,Chikungunya,19,3,56,33.93,30.4,80.1,4.6,1388000,645.9
2026-04-09,Bathinda,Chikungunya,24,3,64,37.5,32.1,79.2,4.3,1388000,1009.7
2026-04-10,Bathinda,Chikungunya,22,4,80,27.5,26.1,80.6,6.6,1388000,658.6
2026-04-11,Bathinda,Chikungunya,23,2,102,22.55,31.4,73.0,3.2,1388000,890.3
2026-04-12,Bathinda,Chikungunya,22,4,86,25.58,30.9,82.5,2.8,1388000,949.5
2026-04-13,Bathinda,Chikungunya,24,5,107,22.43,34.2,79.0,3.1,1388000,965.0
2026-04-14,Bathinda,Chikungunya,23,4,65,35.38,30.2,71.9,7.6,1388000,758.6
2026-04-15,Bathinda,Chikungunya,26,3,93,27.96,31.8,76.8,6.2,1388000,1276.5
2026-04-16,Bathinda,Chikungunya,20,3,89,22.47,27.4,70.8,6.1,1388000,571.1
2026-04-17,Bathinda,Chikungunya,23,5,51,45.1,27.8,83.2,5.3,1388000,673.6
2026-04-18,Bathinda,Chikungunya,25,6,117,21.37,30.9,70.9,3.6,1388000,1138.2
2026-04-19,Bathinda,Chikungunya,18,4,40,45.0,25.6,80.0,4.0,1388000,690.1
2026-04-20,Bathinda,Chikungunya,27,5,127,21.26,31.3,77.1,4.0,1388000,504.8
2026-04-21,Bathinda,Chikungunya,24,4,56,42.86,33.1,75.0,7.9,1388000,842.4
2026-04-22,Bathinda,Chikungunya,28,3,65,43.08,29.6,81.8,4.9,1388000,746.7
2026-04-23,Bathinda,Chikungunya,19,3,38,50.0,28.4,67.6,7.5,1388000,849.4
2026-04-24,Bathinda,Chikungunya,21,2,77,27.27,30.3,81.1,6.2,1388000,819.7
2026-04-25,Bathinda,Chikungunya,26,4,57,45.61,27.3,87.3,3.8,1388000,842.5
2026-04-26,Bathinda,Chikungunya,18,3,63,28.57,27.6,73.0,5.4,1388000,687.0
2026-04-27,Bathinda,Chikungunya,17,1,42,40.48,25.3,85.5,7.5,1388000,489.5
2026-04-28,Bathinda,Chikungunya,26,5,59,44.07,29.6,72.9,2.0,1388000,509.4
2026-04-29,Bathinda,Chikungunya,24,5,88,27.27,27.8,73.9,3.9,1388000,1211.5
2026-04-30,Bathinda,Chikungunya,22,3,90,24.44,25.9,72.9,8.9,1388000,507.5
2026-05-01,Bathinda,Chikungunya,21,3,102,20.59,26.1,73.4,1.8,1388000,1156.6
2026-05-02,Bathinda,Chikungunya,22,3,109,20.18,27.4,71.5,4.1,1388000,772.3
2026-05-03,Bathinda,Chikungunya,28,3,115,24.35,29.0,76.4,5.3,1388000,486.5
2026-05-04,Bathinda,Chikungunya,21,2,97,21.65,26.2,74.6,0.0,1388000,1260.1
2026-05-05,Bathinda,Chikungunya,25,5,90,27.78,27.8,66.8,7.6,1388000,1216.6
2026-05-06,Bathinda,Chikungunya,17,3,45,37.78,27.8,58.3,9.3,1388000,792.2
2025-11-08,Bathinda,Dengue,11,1,30,36.67,24.9,53.3,0.0,1388000,474.7
2025-11-09,Bathinda,Dengue,11,1,54,20.37,27.2,43.8,0.0,1388000,801.6
2025-11-10,Bathinda,Dengue,14,3,31,45.16,24.2,45.2,0.0,1388000,668.3
2025-11-11,Bathinda,Dengue,9,1,44,20.45,26.1,48.5,0.0,1388000,503.6
2025-11-12,Bathinda,Dengue,11,2,48,22.92,23.4,55.7,0.0,1388000,775.5
2025-11-13,Bathinda,Dengue,11,2,24,45.83,25.3,48.1,0.0,1388000,640.5
2025-11-14,Bathinda,Dengue,12,2,39,30.77,26.8,55.6,0.0,1388000,517.6
2025-11-15,Bathinda,Dengue,11,1,37,29.73,27.4,55.0,0.0,1388000,499.7
2025-11-16,Bathinda,Dengue,8,1,16,50.0,26.7,44.9,0.0,1388000,1057.0
2025-11-17,Bathinda,Dengue,13,2,29,44.83,28.5,56.6,0.0,1388000,479.1
2025-11-18,Bathinda,Dengue,14,1,61,22.95,27.3,47.3,0.0,1388000,800.9
2025-11-19,Bathinda,Dengue,11,1,29,37.93,24.2,58.1,0.0,1388000,1258.6
2025-11-20,Bathinda,Dengue,11,1,33,33.33,30.3,56.8,0.0,1388000,569.1
2025-11-21,Bathinda,Dengue,11,1,48,22.92,24.7,58.6,0.0,1388000,1032.4
2025-11-22,Bathinda,Dengue,12,1,37,32.43,25.6,55.0,0.0,1388000,560.8
2025-11-23,Bathinda,Dengue,11,1,50,22.0,26.5,62.6,0.0,1388000,473.7
2025-11-24,Bathinda,Dengue,15,2,40,37.5,24.9,61.7,0.0,1388000,1000.5
2025-11-25,Bathinda,Dengue,14,3,69,20.29,27.6,51.8,0.4,1388000,1397.7
2025-11-26,Bathinda,Dengue,14,1,41,34.15,34.8,50.5,0.0,1388000,468.2
2025-11-27,Bathinda,Dengue,11,1,28,39.29,27.8,60.5,0.1,1388000,514.8
2025-11-28,Bathinda,Dengue,12,1,36,33.33,27.7,52.0,0.0,1388000,1245.7
2025-11-29,Bathinda,Dengue,11,1,27,40.74,27.1,60.7,0.0,1388000,1268.8
2025-11-30,Bathinda,Dengue,11,2,45,24.44,28.2,55.3,0.0,1388000,551.7
2025-12-01,Bathinda,Dengue,14,2,53,26.42,27.8,61.4,0.0,1388000,1200.9
2025-12-02,Bathinda,Dengue,13,1,30,43.33,30.9,57.0,2.0,1388000,1045.8
2025-12-03,Bathinda,Dengue,15,2,30,50.0,30.2,48.8,0.0,1388000,1589.4
2025-12-04,Bathinda,Dengue,13,2,47,27.66,29.8,56.1,0.0,1388000,1394.5
2025-12-05,Bathinda,Dengue,11,1,46,23.91,32.0,62.3,0.3,1388000,494.7
2025-12-06,Bathinda,Dengue,12,1,47,25.53,26.5,57.5,0.0,1388000,1553.3
2025-12-07,Bathinda,Dengue,14,2,67,20.9,31.2,55.2,0.0,1388000,1440.0
2025-12-08,Bathinda,Dengue,15,1,65,23.08,33.1,57.1,0.0,1388000,478.0
2025-12-09,Bathinda,Dengue,14,1,62,22.58,31.5,61.2,0.0,1388000,1125.9
2025-12-10,Bathinda,Dengue,13,3,51,25.49,30.3,58.3,0.0,1388000,498.6
2025-12-11,Bathinda,Dengue,14,2,44,31.82,28.9,58.1,5.1,1388000,1186.1
2025-12-12,Bathinda,Dengue,13,2,38,34.21,28.9,60.8,0.0,1388000,1323.4
2025-12-13,Bathinda,Dengue,14,2,29,48.28,32.4,62.0,0.0,1388000,1273.3
2025-12-14,Bathinda,Dengue,10,2,46,21.74,27.7,62.0,3.7,1388000,630.4
2025-12-15,Bathinda,Dengue,13,1,41,31.71,32.6,58.9,0.0,1388000,631.8
2025-12-16,Bathinda,Dengue,15,3,66,22.73,33.1,66.1,0.0,1388000,1204.7
2025-12-17,Bathinda,Dengue,16,3,58,27.59,28.5,67.4,0.0,1388000,487.9
2025-12-18,Bathinda,Dengue,16,2,50,32.0,28.8,66.1,0.0,1388000,1679.6
2025-12-19,Bathinda,Dengue,16,3,59,27.12,31.6,66.2,0.0,1388000,800.9
2025-12-20,Bathinda,Dengue,13,2,46,28.26,31.6,66.6,0.4,1388000,499.2
2025-12-21,Bathinda,Dengue,11,1,34,32.35,37.3,61.6,3.0,1388000,474.4
2025-12-22,Bathinda,Dengue,14,2,52,26.92,31.7,63.5,0.0,1388000,566.0
2025-12-23,Bathinda,Dengue,17,2,46,36.96,32.1,66.4,0.7,1388000,566.4
2025-12-24,Bathinda,Dengue,11,2,51,21.57,36.0,73.0,0.5,1388000,573.4
2025-12-25,Bathinda,Dengue,14,3,50,28.0,35.8,69.7,0.0,1388000,658.6
2025-12-26,Bathinda,Dengue,14,2,69,20.29,31.4,66.5,0.9,1388000,1408.4
2025-12-27,Bathinda,Dengue,15,2,62,24.19,33.7,80.1,0.0,1388000,954.0
2025-12-28,Bathinda,Dengue,13,3,29,44.83,31.2,64.5,0.0,1388000,1094.1
2025-12-29,Bathinda,Dengue,16,1,63,25.4,34.2,59.9,1.8,1388000,634.5
2025-12-30,Bathinda,Dengue,17,2,49,34.69,28.1,69.1,0.0,1388000,785.4
2025-12-31,Bathinda,Dengue,16,2,70,22.86,33.9,61.1,0.1,1388000,567.5
2026-01-01,Bathinda,Dengue,16,2,37,43.24,35.6,59.8,0.0,1388000,466.9
2026-01-02,Bathinda,Dengue,13,2,50,26.0,35.3,68.0,3.3,1388000,522.0
2026-01-03,Bathinda,Dengue,12,1,27,44.44,33.9,69.9,0.0,1388000,577.1
2026-01-04,Bathinda,Dengue,16,3,74,21.62,33.8,69.8,1.7,1388000,733.3
2026-01-05,Bathinda,Dengue,16,3,73,21.92,34.4,74.9,4.7,1388000,1170.5
2026-01-06,Bathinda,Dengue,19,4,65,29.23,32.7,66.5,0.0,1388000,686.3
2026-01-07,Bathinda,Dengue,17,2,45,37.78,34.1,68.1,0.0,1388000,535.8
2026-01-08,Bathinda,Dengue,13,1,27,48.15,34.9,77.4,0.0,1388000,1145.5
2026-01-09,Bathinda,Dengue,10,1,39,25.64,34.0,65.9,0.0,1388000,623.5
2026-01-10,Bathinda,Dengue,16,1,75,21.33,35.4,67.7,0.0,1388000,490.1
2026-01-11,Bathinda,Dengue,14,3,32,43.75,32.8,75.6,0.0,1388000,1368.3
2026-01-12,Bathinda,Dengue,16,2,50,32.0,36.2,64.2,2.4,1388000,873.3
2026-01-13,Bathinda,Dengue,10,1,24,41.67,35.0,75.3,1.4,1388000,1513.0
2026-01-14,Bathinda,Dengue,20,4,48,41.67,34.4,77.4,5.4,1388000,645.3
2026-01-15,Bathinda,Dengue,15,2,73,20.55,36.1,71.8,2.8,1388000,509.3
2026-01-16,Bathinda,Dengue,13,2,41,31.71,30.7,77.6,4.7,1388000,631.1
2026-01-17,Bathinda,Dengue,17,1,58,29.31,33.5,65.3,0.0,1388000,463.8
2026-01-18,Bathinda,Dengue,19,4,87,21.84,35.1,72.4,1.0,1388000,1026.3
2026-01-19,Bathinda,Dengue,17,1,63,26.98,36.3,81.2,0.4,1388000,477.1
2026-01-20,Bathinda,Dengue,13,2,27,48.15,36.7,69.7,0.0,1388000,1181.0
2026-01-21,Bathinda,Dengue,14,2,61,22.95,31.1,68.2,0.0,1388000,811.5
2026-01-22,Bathinda,Dengue,12,2,49,24.49,32.3,75.5,0.0,1388000,563.4
2026-01-23,Bathinda,Dengue,14,2,56,25.0,33.3,75.8,3.5,1388000,1192.1
2026-01-24,Bathinda,Dengue,16,2,64,25.0,32.6,75.0,0.0,1388000,508.5
2026-01-25,Bathinda,Dengue,15,2,52,28.85,36.9,73.0,4.9,1388000,933.1
2026-01-26,Bathinda,Dengue,14,1,67,20.9,32.6,73.0,2.9,1388000,568.9
2026-01-27,Bathinda,Dengue,19,4,81,23.46,32.2,70.0,5.1,1388000,697.9
2026-01-28,Bathinda,Dengue,16,3,35,45.71,35.2,79.0,2.4,1388000,665.9
2026-01-29,Bathinda,Dengue,15,2,50,30.0,33.0,59.8,5.6,1388000,1118.0
2026-01-30,Bathinda,Dengue,15,2,31,48.39,36.5,69.7,1.5,1388000,1286.1
2026-01-31,Bathinda,Dengue,19,4,92,20.65,32.3,69.5,7.4,1388000,876.9
2026-02-01,Bathinda,Dengue,16,1,50,32.0,38.7,72.8,4.7,1388000,1674.7
2026-02-02,Bathinda,Dengue,17,3,39,43.59,35.9,70.8,3.0,1388000,613.4
2026-02-03,Bathinda,Dengue,11,1,40,27.5,39.1,73.5,4.7,1388000,1235.3
2026-02-04,Bathinda,Dengue,17,4,66,25.76,31.7,70.1,5.0,1388000,930.3
2026-02-05,Bathinda,Dengue,13,1,32,40.62,35.0,84.5,4.2,1388000,562.1
2026-02-06,Bathinda,Dengue,14,2,63,22.22,36.4,80.4,4.6,1388000,588.4
2026-02-07,Bathinda,Dengue,18,2,75,24.0,33.1,78.3,5.6,1388000,690.2
2026-02-08,Bathinda,Dengue,14,3,39,35.9,30.9,82.1,1.8,1388000,1724.3
2026-02-09,Bathinda,Dengue,16,3,73,21.92,36.2,78.7,6.6,1388000,684.6
2026-02-10,Bathinda,Dengue,16,3,60,26.67,34.4,66.6,3.3,1388000,750.6
2026-02-11,Bathinda,Dengue,14,1,66,21.21,33.4,82.6,5.6,1388000,1728.5
2026-02-12,Bathinda,Dengue,13,3,43,30.23,34.8,81.6,3.8,1388000,598.0
2026-02-13,Bathinda,Dengue,14,2,28,50.0,33.8,82.7,0.0,1388000,945.8
2026-02-14,Bathinda,Dengue,19,2,92,20.65,39.1,74.1,6.4,1388000,835.0
2026-02-15,Bathinda,Dengue,14,2,45,31.11,35.5,71.3,5.5,1388000,487.4
2026-02-16,Bathinda,Dengue,15,1,58,25.86,35.3,74.8,1.5,1388000,1609.8
2026-02-17,Bathinda,Dengue,18,2,61,29.51,35.9,79.3,1.5,1388000,833.9
2026-02-18,Bathinda,Dengue,15,2,70,21.43,32.6,77.5,0.0,1388000,1150.7
2026-02-19,Bathinda,Dengue,16,3,45,35.56,34.8,83.2,0.0,1388000,1396.9
2026-02-20,Bathinda,Dengue,10,1,35,28.57,40.5,80.2,0.0,1388000,1271.5
2026-02-21,Bathinda,Dengue,19,3,83,22.89,33.9,77.6,4.3,1388000,915.1
2026-02-22,Bathinda,Dengue,17,3,79,21.52,33.2,79.9,6.1,1388000,562.5
2026-02-23,Bathinda,Dengue,15,3,54,27.78,33.8,84.2,5.0,1388000,864.0
2026-02-24,Bathinda,Dengue,13,1,40,32.5,33.8,83.6,4.9,1388000,538.6
2026-02-25,Bathinda,Dengue,42,7,189,22.22,35.3,78.6,3.8,1388000,736.7
2026-02-26,Bathinda,Dengue,55,11,233,23.61,37.9,72.7,7.5,1388000,607.7
2026-02-27,Bathinda,Dengue,60,11,130,46.15,32.2,79.4,4.3,1388000,683.5
2026-02-28,Bathinda,Dengue,70,12,239,29.29,32.7,72.7,8.5,1388000,947.9
2026-03-01,Bathinda,Dengue,76,11,163,46.63,31.1,81.1,6.6,1388000,892.0
2026-03-02,Bathinda,Dengue,93,11,361,25.76,36.5,82.3,0.0,1388000,722.3
2026-03-03,Bathinda,Dengue,102,22,256,39.84,31.9,83.7,0.5,1388000,649.0
2026-03-04,Bathinda,Dengue,121,18,541,22.37,34.2,76.7,3.2,1388000,1070.6
2026-03-05,Bathinda,Dengue,179,34,774,23.13,34.4,76.1,0.8,1388000,887.1
2026-03-06,Bathinda,Dengue,146,35,610,23.93,31.6,80.4,1.0,1388000,664.9
2026-03-07,Bathinda,Dengue,164,18,530,30.94,36.0,85.1,0.0,1388000,643.9
2026-03-08,Bathinda,Dengue,248,57,1084,22.88,32.7,75.4,7.5,1388000,474.6
2026-03-09,Bathinda,Dengue,205,42,717,28.59,37.0,84.0,4.7,1388000,990.7
2026-03-10,Bathinda,Dengue,208,30,681,30.54,34.2,82.1,3.9,1388000,524.9
2026-03-11,Bathinda,Dengue,207,33,716,28.91,32.9,82.9,2.9,1388000,558.7
2026-03-12,Bathinda,Dengue,206,30,1021,20.18,32.8,83.7,10.9,1388000,509.0
2026-03-13,Bathinda,Dengue,140,28,315,44.44,33.5,70.5,4.8,1388000,511.4
2026-03-14,Bathinda,Dengue,178,26,828,21.5,33.5,80.0,3.3,1388000,715.2
2026-03-15,Bathinda,Dengue,133,26,508,26.18,34.8,78.9,4.4,1388000,1004.8
2026-03-16,Bathinda,Dengue,154,21,692,22.25,36.6,82.5,9.8,1388000,775.7
2026-03-17,Bathinda,Dengue,126,26,585,21.54,30.6,77.7,0.0,1388000,1098.1
2026-03-18,Bathinda,Dengue,80,10,319,25.08,31.0,69.9,3.5,1388000,731.5
2026-03-19,Bathinda,Dengue,87,20,310,28.06,31.4,84.9,0.0,1388000,1174.7
2026-03-20,Bathinda,Dengue,67,10,327,20.49,31.8,78.6,4.8,1388000,1179.3
2026-03-21,Bathinda,Dengue,70,14,348,20.11,31.2,84.7,6.3,1388000,659.4
2026-03-22,Bathinda,Dengue,51,12,186,27.42,34.8,85.9,3.4,1388000,622.7
2026-03-23,Bathinda,Dengue,31,5,127,24.41,36.0,88.7,3.3,1388000,1099.4
2026-03-24,Bathinda,Dengue,15,3,39,38.46,32.7,80.7,6.8,1388000,542.8
2026-03-25,Bathinda,Dengue,16,2,63,25.4,35.1,79.9,6.9,1388000,593.2
2026-03-26,Bathinda,Dengue,16,2,32,50.0,37.1,78.4,3.5,1388000,600.3
2026-03-27,Bathinda,Dengue,13,2,34,38.24,31.6,72.1,0.0,1388000,481.3
2026-03-28,Bathinda,Dengue,14,2,33,42.42,30.2,81.7,5.8,1388000,768.2
2026-03-29,Bathinda,Dengue,12,2,44,27.27,34.4,78.1,1.5,1388000,507.4
2026-03-30,Bathinda,Dengue,13,2,57,22.81,34.7,76.0,6.4,1388000,1018.5
2026-03-31,Bathinda,Dengue,13,2,31,41.94,29.7,86.9,4.7,1388000,1152.2
2026-04-01,Bathinda,Dengue,9,1,22,40.91,27.0,76.2,0.3,1388000,520.6
2026-04-02,Bathinda,Dengue,14,1,62,22.58,32.0,73.6,6.3,1388000,737.8
2026-04-03,Bathinda,Dengue,13,2,42,30.95,27.5,74.0,7.0,1388000,560.9
2026-04-04,Bathinda,Dengue,12,1,36,33.33,30.4,87.5,3.8,1388000,1019.2
2026-04-05,Bathinda,Dengue,17,3,78,21.79,33.1,68.7,7.0,1388000,509.8
2026-04-06,Bathinda,Dengue,13,1,64,20.31,30.5,69.4,2.3,1388000,887.9
2026-04-07,Bathinda,Dengue,15,3,48,31.25,29.0,85.7,7.2,1388000,583.0
2026-04-08,Bathinda,Dengue,13,2,46,28.26,31.5,72.6,4.3,1388000,640.4
2026-04-09,Bathinda,Dengue,12,2,26,46.15,33.2,82.9,5.1,1388000,812.2
2026-04-10,Bathinda,Dengue,11,2,32,34.38,31.1,75.8,3.3,1388000,704.9
2026-04-11,Bathinda,Dengue,14,2,53,26.42,30.6,82.4,0.0,1388000,524.8
2026-04-12,Bathinda,Dengue,16,3,38,42.11,30.7,68.5,4.8,1388000,574.8
2026-04-13,Bathinda,Dengue,13,2,47,27.66,29.1,78.7,2.9,1388000,1561.7
2026-04-14,Bathinda,Dengue,15,2,69,21.74,30.6,79.0,5.3,1388000,827.6
2026-04-15,Bathinda,Dengue,13,1,42,30.95,31.4,84.0,2.8,1388000,746.8
2026-04-16,Bathinda,Dengue,9,1,20,45.0,28.3,82.1,4.0,1388000,1323.6
2026-04-17,Bathinda,Dengue,12,2,46,26.09,30.1,72.4,3.7,1388000,1489.2
2026-04-18,Bathinda,Dengue,13,1,62,20.97,28.9,72.4,2.7,1388000,674.3
2026-04-19,Bathinda,Dengue,11,2,23,47.83,25.3,73.4,4.1,1388000,465.7
2026-04-20,Bathinda,Dengue,12,2,48,25.0,27.5,68.4,5.2,1388000,696.1
2026-04-21,Bathinda,Dengue,12,1,39,30.77,31.1,71.6,5.0,1388000,546.4
2026-04-22,Bathinda,Dengue,12,2,44,27.27,27.6,79.3,9.1,1388000,923.1
2026-04-23,Bathinda,Dengue,13,1,48,27.08,28.8,71.0,3.8,1388000,1033.4
2026-04-24,Bathinda,Dengue,13,1,32,40.62,26.9,79.2,0.5,1388000,1539.4
2026-04-25,Bathinda,Dengue,12,2,27,44.44,32.4,69.4,9.1,1388000,504.3
2026-04-26,Bathinda,Dengue,17,4,59,28.81,26.8,76.5,4.3,1388000,476.7
2026-04-27,Bathinda,Dengue,14,2,64,21.88,26.0,67.8,6.8,1388000,591.7
2026-04-28,Bathinda,Dengue,11,2,35,31.43,25.7,83.8,0.0,1388000,1234.3
2026-04-29,Bathinda,Dengue,12,1,52,23.08,23.5,70.9,1.8,1388000,561.9
2026-04-30,Bathinda,Dengue,14,2,39,35.9,27.2,69.0,9.2,1388000,614.1
2026-05-01,Bathinda,Dengue,11,1,31,35.48,23.9,69.4,9.0,1388000,527.7
2026-05-02,Bathinda,Dengue,9,0,36,25.0,25.9,77.0,8.8,1388000,550.6
2026-05-03,Bathinda,Dengue,11,1,37,29.73,23.8,69.9,4.8,1388000,841.2
2026-05-04,Bathinda,Dengue,11,1,29,37.93,26.0,64.9,11.1,1388000,535.6
2026-05-05,Bathinda,Dengue,11,2,50,22.0,27.8,74.9,3.6,1388000,502.4
2026-05-06,Bathinda,Dengue,12,2,55,21.82,25.4,67.8,0.0,1388000,512.7
2025-11-08,Bathinda,Influenza,15,2,39,38.46,21.6,57.8,0.0,1388000,1388.7
2025-11-09,Bathinda,Influenza,14,3,39,35.9,25.0,47.9,0.0,1388000,507.6
2025-11-10,Bathinda,Influenza,11,2,46,23.91,23.3,54.6,0.0,1388000,732.6
2025-11-11,Bathinda,Influenza,12,1,41,29.27,27.5,48.0,0.0,1388000,601.7
2025-11-12,Bathinda,Influenza,11,2,32,34.38,26.0,44.5,1.0,1388000,497.4
2025-11-13,Bathinda,Influenza,14,2,68,20.59,25.8,59.0,0.0,1388000,993.9
2025-11-14,Bathinda,Influenza,14,2,41,34.15,29.3,51.1,0.0,1388000,702.0
2025-11-15,Bathinda,Influenza,13,1,28,46.43,24.1,49.8,0.0,1388000,608.8
2025-11-16,Bathinda,Influenza,11,1,28,39.29,26.0,39.7,0.0,1388000,605.2
2025-11-17,Bathinda,Influenza,13,1,53,24.53,26.6,48.2,0.0,1388000,676.1
2025-11-18,Bathinda,Influenza,15,1,36,41.67,25.5,56.7,0.0,1388000,1079.0
2025-11-19,Bathinda,Influenza,15,2,70,21.43,24.7,57.5,0.0,1388000,730.2
2025-11-20,Bathinda,Influenza,11,2,29,37.93,24.6,55.9,0.0,1388000,640.3
2025-11-21,Bathinda,Influenza,12,1,39,30.77,27.5,59.2,0.0,1388000,580.0
2025-11-22,Bathinda,Influenza,7,1,27,25.93,29.6,57.9,0.8,1388000,567.8
2025-11-23,Bathinda,Influenza,15,2,47,31.91,29.9,61.9,0.0,1388000,558.9
2025-11-24,Bathinda,Influenza,11,2,28,39.29,27.0,59.8,0.0,1388000,773.5
2025-11-25,Bathinda,Influenza,17,1,67,25.37,28.6,54.6,3.1,1388000,941.7
2025-11-26,Bathinda,Influenza,14,2,38,36.84,34.1,62.4,0.3,1388000,544.1
2025-11-27,Bathinda,Influenza,14,3,51,27.45,26.4,59.9,0.0,1388000,786.7
2025-11-28,Bathinda,Influenza,15,2,48,31.25,31.2,56.5,0.0,1388000,1484.7
2025-11-29,Bathinda,Influenza,12,2,36,33.33,25.9,54.0,1.1,1388000,650.4
2025-11-30,Bathinda,Influenza,11,2,34,32.35,26.3,54.7,0.3,1388000,1222.3
2025-12-01,Bathinda,Influenza,16,2,53,30.19,29.4,56.0,0.9,1388000,1097.6
2025-12-02,Bathinda,Influenza,15,2,45,33.33,28.4,56.5,0.0,1388000,749.9
2025-12-03,Bathinda,Influenza,15,2,35,42.86,30.6,57.7,0.0,1388000,981.2
2025-12-04,Bathinda,Influenza,14,2,33,42.42,33.4,52.5,0.0,1388000,714.6
2025-12-05,Bathinda,Influenza,14,1,64,21.88,28.3,56.8,0.0,1388000,940.5
2025-12-06,Bathinda,Influenza,11,2,24,45.83,33.2,45.8,0.0,1388000,490.4
2025-12-07,Bathinda,Influenza,15,2,67,22.39,29.6,52.6,0.0,1388000,485.2
2025-12-08,Bathinda,Influenza,13,2,56,23.21,28.0,54.9,0.0,1388000,586.5
2025-12-09,Bathinda,Influenza,15,3,69,21.74,29.5,64.1,2.1,1388000,760.9
2025-12-10,Bathinda,Influenza,15,1,71,21.13,30.0,65.1,0.0,1388000,1040.9
2025-12-11,Bathinda,Influenza,15,1,73,20.55,30.8,64.9,0.0,1388000,900.6
2025-12-12,Bathinda,Influenza,17,1,55,30.91,31.5,65.4,2.7,1388000,649.9
2025-12-13,Bathinda,Influenza,20,4,76,26.32,31.5,65.2,0.0,1388000,587.6
2025-12-14,Bathinda,Influenza,16,2,38,42.11,28.5,64.2,0.0,1388000,1059.3
2025-12-15,Bathinda,Influenza,20,3,69,28.99,30.2,68.7,0.0,1388000,535.9
2025-12-16,Bathinda,Influenza,12,2,52,23.08,29.9,54.5,0.0,1388000,855.8
2025-12-17,Bathinda,Influenza,18,1,70,25.71,30.8,57.9,0.7,1388000,952.6
2025-12-18,Bathinda,Influenza,14,2,69,20.29,30.5,57.6,0.0,1388000,702.8
2025-12-19,Bathinda,Influenza,18,3,58,31.03,31.0,60.1,0.0,1388000,1053.2
2025-12-20,Bathinda,Influenza,18,3,40,45.0,29.0,60.6,4.3,1388000,612.2
2025-12-21,Bathinda,Influenza,15,1,61,24.59,33.6,63.0,0.0,1388000,825.6
2025-12-22,Bathinda,Influenza,14,2,61,22.95,31.0,55.9,0.0,1388000,1171.6
2025-12-23,Bathinda,Influenza,17,3,79,21.52,32.0,73.3,0.0,1388000,487.4
2025-12-24,Bathinda,Influenza,15,3,36,41.67,34.0,70.1,0.0,1388000,712.7
2025-12-25,Bathinda,Influenza,9,0,23,39.13,34.6,65.2,0.0,1388000,527.2
2025-12-26,Bathinda,Influenza,13,2,28,46.43,29.2,65.5,0.0,1388000,1071.9
2025-12-27,Bathinda,Influenza,21,2,77,27.27,33.7,65.4,0.0,1388000,488.1
2025-12-28,Bathinda,Influenza,16,2,56,28.57,30.2,67.9,0.0,1388000,1005.7
2025-12-29,Bathinda,Influenza,16,3,77,20.78,35.8,64.9,0.0,1388000,716.8
2025-12-30,Bathinda,Influenza,14,3,46,30.43,33.9,66.2,2.8,1388000,971.0
2025-12-31,Bathinda,Influenza,13,2,53,24.53,35.6,61.4,0.0,1388000,652.1
2026-01-01,Bathinda,Influenza,15,2,35,42.86,33.6,64.9,0.0,1388000,1689.2
2026-01-02,Bathinda,Influenza,12,2,38,31.58,32.9,64.6,0.2,1388000,645.9
2026-01-03,Bathinda,Influenza,12,2,42,28.57,35.0,69.7,0.0,1388000,775.1
2026-01-04,Bathinda,Influenza,20,4,81,24.69,31.1,79.3,0.0,1388000,1461.1
2026-01-05,Bathinda,Influenza,17,4,58,29.31,36.5,66.0,0.9,1388000,1252.5
2026-01-06,Bathinda,Influenza,16,1,57,28.07,32.3,70.6,0.0,1388000,1301.3
2026-01-07,Bathinda,Influenza,18,4,71,25.35,33.5,80.0,0.0,1388000,466.9
2026-01-08,Bathinda,Influenza,16,2,46,34.78,32.8,74.8,2.4,1388000,1491.0
2026-01-09,Bathinda,Influenza,14,2,64,21.88,37.7,66.8,2.9,1388000,1200.9
2026-01-10,Bathinda,Influenza,15,2,36,41.67,32.7,78.3,0.0,1388000,524.9
2026-01-11,Bathinda,Influenza,11,2,28,39.29,35.1,70.2,7.5,1388000,469.9
2026-01-12,Bathinda,Influenza,16,1,34,47.06,32.9,73.6,0.0,1388000,471.6
2026-01-13,Bathinda,Influenza,18,3,89,20.22,27.7,70.7,0.5,1388000,1328.0
2026-01-14,Bathinda,Influenza,18,1,47,38.3,30.0,70.2,0.5,1388000,794.1
2026-01-15,Bathinda,Influenza,17,3,63,26.98,35.5,81.5,1.5,1388000,983.0
2026-01-16,Bathinda,Influenza,18,4,41,43.9,37.6,67.2,0.8,1388000,704.8
2026-01-17,Bathinda,Influenza,10,1,33,30.3,36.4,69.5,0.0,1388000,1419.5
2026-01-18,Bathinda,Influenza,14,1,34,41.18,33.0,71.0,0.0,1388000,785.5
2026-01-19,Bathinda,Influenza,17,3,49,34.69,37.0,73.2,0.0,1388000,563.3
2026-01-20,Bathinda,Influenza,16,1,77,20.78,35.1,61.4,2.9,1388000,681.6
2026-01-21,Bathinda,Influenza,18,4,61,29.51,34.6,74.2,4.9,1388000,605.3
2026-01-22,Bathinda,Influenza,17,2,71,23.94,31.8,82.6,0.0,1388000,630.2
2026-01-23,Bathinda,Influenza,18,3,80,22.5,36.8,67.1,0.0,1388000,814.2
2026-01-24,Bathinda,Influenza,18,3,42,42.86,33.1,75.1,2.8,1388000,616.1
2026-01-25,Bathinda,Influenza,12,1,59,20.34,36.3,75.4,0.1,1388000,1076.6
2026-01-26,Bathinda,Influenza,17,3,49,34.69,33.8,84.6,3.8,1388000,1079.5
2026-01-27,Bathinda,Influenza,16,3,45,35.56,36.5,70.4,7.4,1388000,571.7
2026-01-28,Bathinda,Influenza,31,4,107,28.97,38.7,71.4,6.6,1388000,588.3
2026-01-29,Bathinda,Influenza,40,8,177,22.6,34.7,74.2,0.0,1388000,1197.3
2026-01-30,Bathinda,Influenza,44,10,149,29.53,36.5,82.4,0.0,1388000,1152.8
2026-01-31,Bathinda,Influenza,55,11,182,30.22,36.4,83.6,2.1,1388000,875.8
2026-02-01,Bathinda,Influenza,77,12,202,38.12,34.6,72.0,0.0,1388000,1168.4
2026-02-02,Bathinda,Influenza,68,10,339,20.06,30.3,78.0,0.0,1388000,862.2
2026-02-03,Bathinda,Influenza,71,12,281,25.27,34.4,76.3,6.3,1388000,685.6
2026-02-04,Bathinda,Influenza,112,22,345,32.46,34.4,73.2,3.7,1388000,1132.0
2026-02-05,Bathinda,Influenza,120,28,597,20.1,34.2,82.5,0.0,1388000,623.1
2026-02-06,Bathinda,Influenza,108,17,226,47.79,37.2,78.8,5.8,1388000,489.0
2026-02-07,Bathinda,Influenza,103,18,445,23.15,35.2,86.4,3.3,1388000,949.6
2026-02-08,Bathinda,Influenza,110,12,380,28.95,33.6,72.8,6.9,1388000,731.7
2026-02-09,Bathinda,Influenza,101,20,215,46.98,31.9,82.4,2.3,1388000,960.0
2026-02-10,Bathinda,Influenza,124,17,313,39.62,34.8,85.3,6.6,1388000,506.9
2026-02-11,Bathinda,Influenza,146,25,467,31.26,32.7,75.1,1.7,1388000,581.9
2026-02-12,Bathinda,Influenza,143,27,523,27.34,35.0,81.2,4.9,1388000,1142.5
2026-02-13,Bathinda,Influenza,156,16,413,37.77,34.9,75.4,0.0,1388000,1478.5
2026-02-14,Bathinda,Influenza,179,36,498,35.94,34.8,75.1,4.7,1388000,1683.6
2026-02-15,Bathinda,Influenza,182,40,634,28.71,30.6,74.3,1.5,1388000,532.8
2026-02-16,Bathinda,Influenza,156,34,343,45.48,30.1,74.7,2.9,1388000,1480.0
2026-02-17,Bathinda,Influenza,145,29,346,41.91,38.9,71.5,2.0,1388000,478.3
2026-02-18,Bathinda,Influenza,132,22,436,30.28,32.4,74.7,4.3,1388000,678.7
2026-02-19,Bathinda,Influenza,104,18,227,45.81,34.4,81.2,4.5,1388000,712.4
2026-02-20,Bathinda,Influenza,118,26,270,43.7,38.4,82.0,1.0,1388000,486.3
2026-02-21,Bathinda,Influenza,105,25,516,20.35,32.1,73.1,4.6,1388000,590.5
2026-02-22,Bathinda,Influenza,82,14,315,26.03,34.2,74.9,6.6,1388000,1694.3
2026-02-23,Bathinda,Influenza,87,21,189,46.03,36.4,81.6,2.4,1388000,1133.9
2026-02-24,Bathinda,Influenza,82,19,388,21.13,34.9,76.9,0.0,1388000,980.5
2026-02-25,Bathinda,Influenza,61,8,272,22.43,36.4,81.6,0.0,1388000,763.2
2026-02-26,Bathinda,Influenza,54,6,111,48.65,36.3,86.2,0.8,1388000,1418.1
2026-02-27,Bathinda,Influenza,43,5,152,28.29,36.2,74.7,4.1,1388000,566.5
2026-02-28,Bathinda,Influenza,58,6,247,23.48,32.7,73.3,5.0,1388000,984.1
2026-03-01,Bathinda,Influenza,42,9,200,21.0,31.5,76.7,9.4,1388000,872.8
2026-03-02,Bathinda,Influenza,33,6,110,30.0,34.6,83.0,6.7,1388000,1681.8
2026-03-03,Bathinda,Influenza,14,3,42,33.33,33.4,80.9,2.6,1388000,911.3
2026-03-04,Bathinda,Influenza,18,2,39,46.15,32.3,81.7,2.0,1388000,1306.3
2026-03-05,Bathinda,Influenza,15,2,45,33.33,39.2,83.7,0.7,1388000,878.8
2026-03-06,Bathinda,Influenza,19,2,67,28.36,36.1,76.1,1.0,1388000,491.9
2026-03-07,Bathinda,Influenza,20,4,97,20.62,34.6,77.4,8.8,1388000,1038.6
2026-03-08,Bathinda,Influenza,14,3,49,28.57,34.7,86.0,9.5,1388000,483.9
2026-03-09,Bathinda,Influenza,20,3,73,27.4,33.2,91.1,7.9,1388000,591.4
2026-03-10,Bathinda,Influenza,15,2,32,46.88,32.6,84.3,4.5,1388000,633.4
2026-03-11,Bathinda,Influenza,15,2,71,21.13,33.3,83.1,5.8,1388000,1140.8
2026-03-12,Bathinda,Influenza,15,2,48,31.25,32.8,77.5,4.0,1388000,763.2
2026-03-13,Bathinda,Influenza,15,3,31,48.39,34.0,74.9,3.3,1388000,861.9
2026-03-14,Bathinda,Influenza,13,2,28,46.43,29.7,82.2,2.7,1388000,623.5
2026-03-15,Bathinda,Influenza,21,4,99,21.21,33.0,84.1,1.9,1388000,604.5
2026-03-16,Bathinda,Influenza,17,3,60,28.33,34.2,77.3,4.3,1388000,1326.4
2026-03-17,Bathinda,Influenza,20,2,43,46.51,30.9,77.6,7.1,1388000,1010.4
2026-03-18,Bathinda,Influenza,18,3,52,34.62,31.7,81.6,11.2,1388000,1029.6
2026-03-19,Bathinda,Influenza,14,2,29,48.28,31.1,92.0,9.6,1388000,524.3
2026-03-20,Bathinda,Influenza,17,4,77,22.08,33.3,78.9,3.8,1388000,467.8
2026-03-21,Bathinda,Influenza,16,3,76,21.05,33.5,80.6,7.2,1388000,715.5
2026-03-22,Bathinda,Influenza,15,1,73,20.55,33.1,80.5,3.6,1388000,510.1
2026-03-23,Bathinda,Influenza,19,2,79,24.05,33.4,79.3,0.0,1388000,1228.3
2026-03-24,Bathinda,Influenza,17,4,35,48.57,30.9,85.5,1.1,1388000,1074.8
2026-03-25,Bathinda,Influenza,13,1,57,22.81,31.8,82.8,0.6,1388000,1017.6
2026-03-26,Bathinda,Influenza,16,3,54,29.63,33.4,74.1,4.3,1388000,1267.6
2026-03-27,Bathinda,Influenza,14,1,36,38.89,29.5,82.6,4.9,1388000,490.0
2026-03-28,Bathinda,Influenza,16,1,40,40.0,31.2,76.6,6.7,1388000,839.5
2026-03-29,Bathinda,Influenza,13,1,32,40.62,28.8,74.3,2.5,1388000,650.2
2026-03-30,Bathinda,Influenza,15,3,73,20.55,29.9,70.8,2.2,1388000,1005.9
2026-03-31,Bathinda,Influenza,14,2,41,34.15,33.4,73.1,6.0,1388000,1250.6
2026-04-01,Bathinda,Influenza,16,3,51,31.37,33.5,81.4,4.5,1388000,684.7
2026-04-02,Bathinda,Influenza,15,3,74,20.27,31.6,72.5,0.2,1388000,851.7
2026-04-03,Bathinda,Influenza,16,1,49,32.65,34.0,74.5,9.9,1388000,1479.5
2026-04-04,Bathinda,Influenza,15,3,35,42.86,32.1,79.0,2.7,1388000,506.1
2026-04-05,Bathinda,Influenza,15,2,38,39.47,32.4,84.9,1.9,1388000,674.5
2026-04-06,Bathinda,Influenza,15,1,66,22.73,34.3,75.0,8.0,1388000,1046.2
2026-04-07,Bathinda,Influenza,16,1,68,23.53,30.8,77.7,5.8,1388000,1202.9
2026-04-08,Bathinda,Influenza,16,2,68,23.53,30.0,80.7,0.5,1388000,737.3
2026-04-09,Bathinda,Influenza,13,2,40,32.5,31.0,81.1,5.5,1388000,919.2
2026-04-10,Bathinda,Influenza,14,2,47,29.79,29.7,73.6,6.1,1388000,564.2
2026-04-11,Bathinda,Influenza,11,2,23,47.83,29.5,84.5,8.5,1388000,843.2
2026-04-12,Bathinda,Influenza,15,1,33,45.45,31.7,78.3,6.7,1388000,585.7
2026-04-13,Bathinda,Influenza,14,1,32,43.75,28.5,64.2,5.4,1388000,528.9
2026-04-14,Bathinda,Influenza,15,1,43,34.88,29.2,74.4,3.0,1388000,1228.3
2026-04-15,Bathinda,Influenza,11,2,52,21.15,27.0,79.2,6.2,1388000,513.7
2026-04-16,Bathinda,Influenza,17,3,34,50.0,25.2,77.4,2.5,1388000,706.4
2026-04-17,Bathinda,Influenza,17,1,82,20.73,26.4,71.8,8.7,1388000,869.6
2026-04-18,Bathinda,Influenza,14,3,33,42.42,28.9,79.4,5.9,1388000,1710.4
2026-04-19,Bathinda,Influenza,17,2,61,27.87,28.2,65.5,7.5,1388000,621.8
2026-04-20,Bathinda,Influenza,11,2,34,32.35,32.2,75.8,13.7,1388000,563.6
2026-04-21,Bathinda,Influenza,15,3,74,20.27,25.7,68.7,5.5,1388000,1734.0
2026-04-22,Bathinda,Influenza,15,1,50,30.0,29.3,73.4,0.0,1388000,983.4
2026-04-23,Bathinda,Influenza,14,2,31,45.16,28.3,71.6,4.7,1388000,1075.2
2026-04-24,Bathinda,Influenza,14,1,67,20.9,25.8,67.7,2.3,1388000,542.6
2026-04-25,Bathinda,Influenza,15,3,46,32.61,29.2,67.0,9.3,1388000,615.8
2026-04-26,Bathinda,Influenza,15,3,70,21.43,28.6,78.4,4.7,1388000,685.3
2026-04-27,Bathinda,Influenza,19,4,61,31.15,26.5,78.9,7.4,1388000,520.6
2026-04-28,Bathinda,Influenza,19,2,69,27.54,28.7,72.4,2.0,1388000,673.9
2026-04-29,Bathinda,Influenza,14,1,36,38.89,27.4,75.8,6.2,1388000,1014.1
2026-04-30,Bathinda,Influenza,17,3,52,32.69,26.0,67.4,6.2,1388000,1109.0
2026-05-01,Bathinda,Influenza,11,1,43,25.58,27.3,65.8,3.6,1388000,644.4
2026-05-02,Bathinda,Influenza,10,2,28,35.71,24.4,70.5,4.2,1388000,1137.1
2026-05-03,Bathinda,Influenza,16,3,52,30.77,27.6,66.9,4.4,1388000,1710.5
2026-05-04,Bathinda,Influenza,15,1,46,32.61,27.9,74.4,5.0,1388000,549.6
2026-05-05,Bathinda,Influenza,15,2,58,25.86,29.6,70.9,1.0,1388000,1326.4
2026-05-06,Bathinda,Influenza,15,2,66,22.73,25.1,72.0,1.7,1388000,688.9
2025-11-08,Bathinda,Malaria,22,5,53,41.51,24.9,52.2,0.0,1388000,902.5
2025-11-09,Bathinda,Malaria,15,2,44,34.09,27.8,48.8,0.0,1388000,481.6
2025-11-10,Bathinda,Malaria,24,4,83,28.92,24.3,53.1,0.0,1388000,1448.0
2025-11-11,Bathinda,Malaria,23,5,53,43.4,25.0,48.9,0.0,1388000,583.7
2025-11-12,Bathinda,Malaria,17,3,47,36.17,25.0,57.7,0.0,1388000,829.0
2025-11-13,Bathinda,Malaria,23,2,68,33.82,30.4,58.0,0.0,1388000,566.6
2025-11-14,Bathinda,Malaria,27,5,69,39.13,27.3,53.1,1.3,1388000,564.9
2025-11-15,Bathinda,Malaria,24,4,105,22.86,24.9,43.7,0.0,1388000,1309.6
2025-11-16,Bathinda,Malaria,27,5,113,23.89,24.9,46.5,0.0,1388000,676.5
2025-11-17,Bathinda,Malaria,22,4,82,26.83,26.3,51.3,0.0,1388000,871.1
2025-11-18,Bathinda,Malaria,23,4,80,28.75,27.7,44.6,0.0,1388000,985.0
2025-11-19,Bathinda,Malaria,28,6,91,30.77,26.1,44.6,0.0,1388000,528.6
2025-11-20,Bathinda,Malaria,21,4,66,31.82,26.8,48.7,1.5,1388000,581.6
2025-11-21,Bathinda,Malaria,20,4,47,42.55,30.1,56.8,0.0,1388000,556.3
2025-11-22,Bathinda,Malaria,23,2,47,48.94,26.6,50.5,0.0,1388000,590.8
2025-11-23,Bathinda,Malaria,25,3,103,24.27,25.0,51.7,0.0,1388000,1312.9
2025-11-24,Bathinda,Malaria,23,5,92,25.0,29.0,59.5,0.0,1388000,963.9
2025-11-25,Bathinda,Malaria,27,4,110,24.55,25.5,53.8,0.0,1388000,533.3
2025-11-26,Bathinda,Malaria,25,4,86,29.07,27.9,56.8,0.2,1388000,642.4
2025-11-27,Bathinda,Malaria,30,5,69,43.48,29.6,62.0,0.0,1388000,816.0
2025-11-28,Bathinda,Malaria,18,3,59,30.51,28.7,49.8,0.0,1388000,1083.4
2025-11-29,Bathinda,Malaria,33,3,95,34.74,29.0,56.2,0.0,1388000,553.7
2025-11-30,Bathinda,Malaria,26,5,55,47.27,28.3,47.6,0.0,1388000,1007.8
2025-12-01,Bathinda,Malaria,28,6,90,31.11,29.4,58.4,0.0,1388000,852.5
2025-12-02,Bathinda,Malaria,22,2,102,21.57,30.0,58.2,0.0,1388000,663.1
2025-12-03,Bathinda,Malaria,26,4,66,39.39,27.6,53.0,2.5,1388000,588.7
2025-12-04,Bathinda,Malaria,21,3,84,25.0,29.7,57.6,2.2,1388000,503.6
2025-12-05,Bathinda,Malaria,32,4,142,22.54,31.6,65.0,0.0,1388000,623.4
2025-12-06,Bathinda,Malaria,26,6,113,23.01,27.4,54.6,0.0,1388000,938.9
2025-12-07,Bathinda,Malaria,30,4,79,37.97,28.2,57.4,0.0,1388000,523.6
2025-12-08,Bathinda,Malaria,23,3,99,23.23,28.9,66.3,0.8,1388000,746.4
2025-12-09,Bathinda,Malaria,26,3,96,27.08,29.2,52.3,5.1,1388000,501.0
2025-12-10,Bathinda,Malaria,25,4,84,29.76,28.7,71.5,0.0,1388000,712.1
2025-12-11,Bathinda,Malaria,29,6,74,39.19,26.1,61.6,0.0,1388000,809.4
2025-12-12,Bathinda,Malaria,25,4,81,30.86,31.6,55.0,0.0,1388000,517.6
2025-12-13,Bathinda,Malaria,32,7,80,40.0,31.2,60.0,0.0,1388000,936.2
2025-12-14,Bathinda,Malaria,29,6,136,21.32,33.8,55.8,0.0,1388000,760.0
2025-12-15,Bathinda,Malaria,28,5,131,21.37,27.7,61.5,0.0,1388000,561.1
2025-12-16,Bathinda,Malaria,34,6,78,43.59,33.1,65.0,0.0,1388000,790.6
2025-12-17,Bathinda,Malaria,29,6,122,23.77,26.1,72.7,0.0,1388000,499.0
2025-12-18,Bathinda,Malaria,33,6,164,20.12,29.1,61.2,0.0,1388000,1130.3
2025-12-19,Bathinda,Malaria,25,5,97,25.77,28.9,61.9,0.0,1388000,838.7
2025-12-20,Bathinda,Malaria,33,5,126,26.19,30.7,59.6,0.0,1388000,494.2
2025-12-21,Bathinda,Malaria,19,3,65,29.23,31.1,56.4,0.0,1388000,526.6
2025-12-22,Bathinda,Malaria,33,5,164,20.12,27.6,69.7,0.0,1388000,548.6
2025-12-23,Bathinda,Malaria,26,6,115,22.61,32.6,70.5,0.3,1388000,1320.7
2025-12-24,Bathinda,Malaria,30,5,84,35.71,33.0,70.0,2.0,1388000,672.2
2025-12-25,Bathinda,Malaria,12,1,25,48.0,32.9,62.2,0.4,1388000,647.1
2025-12-26,Bathinda,Malaria,34,7,97,35.05,32.3,76.8,0.1,1388000,1039.8
2025-12-27,Bathinda,Malaria,25,4,120,20.83,31.8,72.7,2.7,1388000,980.9
2025-12-28,Bathinda,Malaria,24,4,109,22.02,34.9,65.1,0.0,1388000,1368.2
2025-12-29,Bathinda,Malaria,30,3,140,21.43,36.7,73.0,0.0,1388000,672.5
2025-12-30,Bathinda,Malaria,23,5,102,22.55,31.5,73.8,1.0,1388000,484.8
2025-12-31,Bathinda,Malaria,29,3,60,48.33,31.2,66.4,0.0,1388000,478.3
2026-01-01,Bathinda,Malaria,27,3,79,34.18,31.7,73.6,0.0,1388000,839.5
2026-01-02,Bathinda,Malaria,30,7,125,24.0,30.1,74.5,0.0,1388000,499.3
2026-01-03,Bathinda,Malaria,29,4,77,37.66,34.4,77.4,0.0,1388000,842.1
2026-01-04,Bathinda,Malaria,29,5,80,36.25,32.7,64.2,0.0,1388000,1044.6
2026-01-05,Bathinda,Malaria,28,3,137,20.44,33.4,60.3,5.9,1388000,885.3
2026-01-06,Bathinda,Malaria,27,6,117,23.08,33.8,73.0,0.0,1388000,641.3
2026-01-07,Bathinda,Malaria,24,4,62,38.71,29.2,73.2,0.0,1388000,471.5
2026-01-08,Bathinda,Malaria,31,3,149,20.81,35.9,74.1,0.2,1388000,469.5
2026-01-09,Bathinda,Malaria,34,4,127,26.77,33.9,73.5,2.2,1388000,503.5
2026-01-10,Bathinda,Malaria,30,5,105,28.57,39.1,70.2,0.0,1388000,1058.2
2026-01-11,Bathinda,Malaria,18,2,61,29.51,34.2,68.3,2.6,1388000,918.3
2026-01-12,Bathinda,Malaria,29,4,61,47.54,33.3,67.9,0.0,1388000,876.4
2026-01-13,Bathinda,Malaria,34,6,119,28.57,33.6,68.4,1.6,1388000,490.6
2026-01-14,Bathinda,Malaria,25,2,96,26.04,32.2,72.4,5.9,1388000,551.5
2026-01-15,Bathinda,Malaria,26,5,121,21.49,34.9,67.9,2.1,1388000,917.9
2026-01-16,Bathinda,Malaria,31,6,72,43.06,32.3,71.1,0.0,1388000,747.3
2026-01-17,Bathinda,Malaria,31,3,73,42.47,37.2,64.6,8.3,1388000,716.3
2026-01-18,Bathinda,Malaria,30,3,92,32.61,35.7,69.6,0.0,1388000,874.9
2026-01-19,Bathinda,Malaria,25,4,81,30.86,35.1,74.2,5.4,1388000,1468.8
2026-01-20,Bathinda,Malaria,30,6,130,23.08,30.2,71.5,0.0,1388000,838.9
2026-01-21,Bathinda,Malaria,30,3,95,31.58,35.4,68.1,1.3,1388000,493.3
2026-01-22,Bathinda,Malaria,35,6,113,30.97,32.6,75.9,0.0,1388000,579.2
2026-01-23,Bathinda,Malaria,34,4,103,33.01,33.6,67.7,3.9,1388000,1669.1
2026-01-24,Bathinda,Malaria,28,6,133,21.05,31.1,75.7,1.3,1388000,857.5
2026-01-25,Bathinda,Malaria,27,5,125,21.6,31.6,73.2,2.1,1388000,485.7
2026-01-26,Bathinda,Malaria,34,5,69,49.28,34.7,76.1,1.2,1388000,1516.3
2026-01-27,Bathinda,Malaria,29,3,76,38.16,35.7,76.1,1.0,1388000,960.6
2026-01-28,Bathinda,Malaria,25,4,54,46.3,34.4,73.9,4.9,1388000,893.7
2026-01-29,Bathinda,Malaria,31,3,133,23.31,34.7,72.9,1.8,1388000,588.2
2026-01-30,Bathinda,Malaria,32,3,73,43.84,36.8,76.8,2.7,1388000,817.0
2026-01-31,Bathinda,Malaria,34,6,85,40.0,33.5,74.0,6.7,1388000,942.4
2026-02-01,Bathinda,Malaria,42,6,113,37.17,35.8,69.8,2.5,1388000,503.1
2026-02-02,Bathinda,Malaria,28,3,134,20.9,35.2,74.4,4.0,1388000,535.1
2026-02-03,Bathinda,Malaria,33,5,123,26.83,33.3,85.2,2.4,1388000,1058.7
2026-02-04,Bathinda,Malaria,36,5,159,22.64,35.7,75.8,2.5,1388000,675.3
2026-02-05,Bathinda,Malaria,27,6,132,20.45,35.9,64.0,0.3,1388000,804.3
2026-02-06,Bathinda,Malaria,31,4,85,36.47,37.6,77.5,1.0,1388000,465.2
2026-02-07,Bathinda,Malaria,33,6,121,27.27,37.4,70.4,6.0,1388000,478.9
2026-02-08,Bathinda,Malaria,27,6,124,21.77,33.0,77.7,0.0,1388000,525.1
2026-02-09,Bathinda,Malaria,26,2,124,20.97,34.2,81.4,0.0,1388000,644.1
2026-02-10,Bathinda,Malaria,29,4,119,24.37,34.4,75.9,0.8,1388000,491.3
2026-02-11,Bathinda,Malaria,28,6,105,26.67,35.1,81.9,4.4,1388000,526.6
2026-02-12,Bathinda,Malaria,33,6,104,31.73,33.0,77.6,3.1,1388000,1263.4
2026-02-13,Bathinda,Malaria,35,6,83,42.17,35.3,78.4,3.4,1388000,831.2
2026-02-14,Bathinda,Malaria,26,3,105,24.76,34.6,83.3,1.9,1388000,495.0
2026-02-15,Bathinda,Malaria,25,2,105,23.81,36.3,81.0,2.5,1388000,1454.3
2026-02-16,Bathinda,Malaria,33,7,92,35.87,31.3,71.7,9.7,1388000,612.8
2026-02-17,Bathinda,Malaria,29,4,61,47.54,34.8,76.7,2.8,1388000,620.4
2026-02-18,Bathinda,Malaria,33,4,74,44.59,37.3,81.8,9.8,1388000,573.1
2026-02-19,Bathinda,Malaria,32,3,109,29.36,36.0,79.8,1.6,1388000,930.2
2026-02-20,Bathinda,Malaria,37,5,76,48.68,38.2,86.7,5.7,1388000,497.3
2026-02-21,Bathinda,Malaria,32,4,89,35.96,34.9,68.9,0.0,1388000,1039.4
2026-02-22,Bathinda,Malaria,31,4,136,22.79,32.9,80.4,0.0,1388000,505.0
2026-02-23,Bathinda,Malaria,33,7,119,27.73,35.4,80.3,4.0,1388000,1348.4
2026-02-24,Bathinda,Malaria,22,4,49,44.9,34.3,80.2,0.7,1388000,780.3
2026-02-25,Bathinda,Malaria,21,5,46,45.65,38.5,71.9,6.7,1388000,509.5
2026-02-26,Bathinda,Malaria,30,3,119,25.21,33.8,70.1,4.9,1388000,1456.4
2026-02-27,Bathinda,Malaria,26,3,99,26.26,37.7,80.5,5.4,1388000,617.5
2026-02-28,Bathinda,Malaria,32,6,136,23.53,34.6,79.3,4.2,1388000,819.6
2026-03-01,Bathinda,Malaria,16,3,45,35.56,36.6,76.2,4.6,1388000,656.5
2026-03-02,Bathinda,Malaria,30,5,61,49.18,32.8,81.6,0.0,1388000,570.3
2026-03-03,Bathinda,Malaria,32,7,93,34.41,35.2,75.4,6.3,1388000,474.1
2026-03-04,Bathinda,Malaria,25,5,111,22.52,34.1,77.7,6.9,1388000,955.1
2026-03-05,Bathinda,Malaria,30,7,113,26.55,35.9,74.1,3.8,1388000,572.7
2026-03-06,Bathinda,Malaria,27,3,87,31.03,36.6,78.7,7.2,1388000,1191.0
2026-03-07,Bathinda,Malaria,18,2,72,25.0,31.4,83.5,3.7,1388000,1328.5
2026-03-08,Bathinda,Malaria,65,7,277,23.47,33.7,85.2,10.1,1388000,481.8
2026-03-09,Bathinda,Malaria,74,14,362,20.44,28.9,82.2,6.4,1388000,667.3
2026-03-10,Bathinda,Malaria,85,14,193,44.04,37.7,76.9,3.6,1388000,846.6
2026-03-11,Bathinda,Malaria,99,18,415,23.86,35.3,79.2,3.6,1388000,962.5
2026-03-12,Bathinda,Malaria,138,24,535,25.79,33.8,79.8,3.3,1388000,731.5
2026-03-13,Bathinda,Malaria,116,28,362,32.04,29.8,74.4,5.1,1388000,1024.1
2026-03-14,Bathinda,Malaria,121,25,253,47.83,35.6,87.9,8.6,1388000,1310.8
2026-03-15,Bathinda,Malaria,189,29,836,22.61,30.9,74.0,5.5,1388000,918.6
2026-03-16,Bathinda,Malaria,161,24,693,23.23,31.8,83.8,3.6,1388000,1172.9
2026-03-17,Bathinda,Malaria,192,44,463,41.47,37.5,82.2,0.9,1388000,945.3
2026-03-18,Bathinda,Malaria,237,55,690,34.35,34.0,86.9,7.1,1388000,752.9
2026-03-19,Bathinda,Malaria,313,63,984,31.81,34.8,82.9,6.1,1388000,501.8
2026-03-20,Bathinda,Malaria,279,47,687,40.61,33.3,78.4,8.3,1388000,513.5
2026-03-21,Bathinda,Malaria,256,59,742,34.5,30.3,77.8,10.3,1388000,937.7
2026-03-22,Bathinda,Malaria,140,21,345,40.58,34.0,76.0,9.4,1388000,1353.4
2026-03-23,Bathinda,Malaria,190,19,432,43.98,31.5,82.5,6.6,1388000,1039.5
2026-03-24,Bathinda,Malaria,170,31,497,34.21,30.8,75.4,2.7,1388000,1449.8
2026-03-25,Bathinda,Malaria,161,20,520,30.96,33.6,85.5,9.0,1388000,705.9
2026-03-26,Bathinda,Malaria,152,16,464,32.76,35.5,80.8,6.7,1388000,674.0
2026-03-27,Bathinda,Malaria,86,15,186,46.24,30.6,79.1,0.0,1388000,801.4
2026-03-28,Bathinda,Malaria,102,17,227,44.93,32.9,79.6,1.6,1388000,1606.2
2026-03-29,Bathinda,Malaria,65,7,281,23.13,30.7,69.3,15.1,1388000,886.8
2026-03-30,Bathinda,Malaria,66,10,320,20.62,29.4,81.6,7.4,1388000,1367.6
2026-03-31,Bathinda,Malaria,48,8,223,21.52,30.1,80.4,8.3,1388000,824.3
2026-04-01,Bathinda,Malaria,27,5,88,30.68,32.2,79.7,5.8,1388000,717.7
2026-04-02,Bathinda,Malaria,20,2,65,30.77,27.3,81.0,4.5,1388000,526.6
2026-04-03,Bathinda,Malaria,25,4,77,32.47,35.3,76.0,5.5,1388000,647.3
2026-04-04,Bathinda,Malaria,30,7,114,26.32,30.4,73.6,3.2,1388000,697.6
2026-04-05,Bathinda,Malaria,28,4,114,24.56,33.6,74.8,9.1,1388000,482.7
2026-04-06,Bathinda,Malaria,25,3,57,43.86,29.5,77.3,2.1,1388000,1164.4
2026-04-07,Bathinda,Malaria,20,4,85,23.53,30.9,76.9,3.4,1388000,1271.3
2026-04-08,Bathinda,Malaria,24,3,51,47.06,30.4,72.6,2.7,1388000,627.5
2026-04-09,Bathinda,Malaria,24,2,86,27.91,29.0,74.2,3.7,1388000,1139.5
2026-04-10,Bathinda,Malaria,21,4,102,20.59,29.9,88.6,7.0,1388000,639.9
2026-04-11,Bathinda,Malaria,30,5,89,33.71,30.4,76.0,12.2,1388000,1157.1
2026-04-12,Bathinda,Malaria,26,3,71,36.62,24.9,77.8,3.4,1388000,779.9
2026-04-13,Bathinda,Malaria,27,2,70,38.57,28.0,73.7,6.1,1388000,554.7
2026-04-14,Bathinda,Malaria,26,5,116,22.41,29.3,83.1,3.5,1388000,596.9
2026-04-15,Bathinda,Malaria,24,5,103,23.3,27.8,69.8,6.1,1388000,963.3
2026-04-16,Bathinda,Malaria,22,2,105,20.95,28.0,77.6,5.5,1388000,911.1
2026-04-17,Bathinda,Malaria,18,2,54,33.33,31.5,75.2,0.9,1388000,758.7
2026-04-18,Bathinda,Malaria,29,6,121,23.97,24.6,85.8,6.7,1388000,479.4
2026-04-19,Bathinda,Malaria,26,3,124,20.97,25.3,67.9,3.9,1388000,775.3
2026-04-20,Bathinda,Malaria,22,5,95,23.16,27.9,66.3,7.8,1388000,1230.6
2026-04-21,Bathinda,Malaria,23,3,55,41.82,25.9,71.6,0.0,1388000,530.0
2026-04-22,Bathinda,Malaria,24,3,99,24.24,27.1,70.1,4.8,1388000,584.7
2026-04-23,Bathinda,Malaria,23,3,91,25.27,27.9,74.7,1.5,1388000,481.9
2026-04-24,Bathinda,Malaria,25,3,120,20.83,27.0,74.5,6.2,1388000,610.0
2026-04-25,Bathinda,Malaria,21,3,70,30.0,26.7,72.3,6.4,1388000,1006.2
2026-04-26,Bathinda,Malaria,24,3,114,21.05,27.1,74.2,4.2,1388000,1144.5
2026-04-27,Bathinda,Malaria,25,3,58,43.1,28.0,66.9,1.0,1388000,515.1
2026-04-28,Bathinda,Malaria,19,4,50,38.0,27.8,73.8,4.3,1388000,601.8
2026-04-29,Bathinda,Malaria,32,7,153,20.92,21.6,67.9,3.2,1388000,662.4
2026-04-30,Bathinda,Malaria,25,5,121,20.66,28.6,69.0,11.2,1388000,510.0
2026-05-01,Bathinda,Malaria,17,3,59,28.81,26.4,73.8,3.3,1388000,632.3
2026-05-02,Bathinda,Malaria,22,2,73,30.14,26.3,66.8,6.4,1388000,823.9
2026-05-03,Bathinda,Malaria,19,2,68,27.94,26.0,76.4,10.0,1388000,478.3
2026-05-04,Bathinda,Malaria,27,5,123,21.95,25.6,64.4,3.8,1388000,854.8
2026-05-05,Bathinda,Malaria,25,4,73,34.25,24.3,68.5,0.2,1388000,886.8
2026-05-06,Bathinda,Malaria,20,4,52,38.46,24.6,63.3,3.0,1388000,481.3
2025-11-08,Firozpur,COVID-19,18,3,43,41.86,24.3,50.3,0.0,2027000,1027.1
2025-11-09,Firozpur,COVID-19,19,2,86,22.09,26.0,51.9,0.0,2027000,2088.0
2025-11-10,Firozpur,COVID-19,11,1,46,23.91,24.8,57.2,0.0,2027000,1388.3
2025-11-11,Firozpur,COVID-19,18,4,63,28.57,24.0,49.1,0.0,2027000,989.2
2025-11-12,Firozpur,COVID-19,22,3,104,21.15,28.3,58.0,3.2,2027000,849.2
2025-11-13,Firozpur,COVID-19,20,4,68,29.41,23.6,45.4,0.0,2027000,809.1
2025-11-14,Firozpur,COVID-19,19,4,73,26.03,26.7,46.5,0.0,2027000,2170.1
2025-11-15,Firozpur,COVID-19,32,5,96,33.33,25.5,52.2,0.0,2027000,977.5
2025-11-16,Firozpur,COVID-19,21,3,42,50.0,27.7,55.9,0.0,2027000,1799.8
2025-11-17,Firozpur,COVID-19,20,3,43,46.51,28.8,52.3,0.0,2027000,2423.0
2025-11-18,Firozpur,COVID-19,17,2,72,23.61,27.0,55.5,0.0,2027000,782.3
2025-11-19,Firozpur,COVID-19,30,3,107,28.04,21.7,54.7,0.0,2027000,1108.4
2025-11-20,Firozpur,COVID-19,16,2,70,22.86,28.8,49.6,0.0,2027000,1174.9
2025-11-21,Firozpur,COVID-19,25,6,89,28.09,28.9,50.1,0.0,2027000,1093.0
2025-11-22,Firozpur,COVID-19,22,4,87,25.29,26.7,56.3,1.4,2027000,968.9
2025-11-23,Firozpur,COVID-19,16,3,46,34.78,26.4,56.6,0.0,2027000,786.9
2025-11-24,Firozpur,COVID-19,19,4,57,33.33,27.0,56.1,0.0,2027000,1030.5
2025-11-25,Firozpur,COVID-19,27,5,116,23.28,28.0,53.3,0.0,2027000,1093.3
2025-11-26,Firozpur,COVID-19,16,3,36,44.44,25.4,60.2,0.6,2027000,778.9
2025-11-27,Firozpur,COVID-19,17,3,81,20.99,25.4,61.9,0.0,2027000,1679.4
2025-11-28,Firozpur,COVID-19,24,4,113,21.24,29.6,56.6,0.0,2027000,2328.1
2025-11-29,Firozpur,COVID-19,18,4,47,38.3,26.7,50.4,0.9,2027000,1136.2
2025-11-30,Firozpur,COVID-19,21,3,64,32.81,31.4,54.2,0.0,2027000,776.9
2025-12-01,Firozpur,COVID-19,29,5,136,21.32,31.5,71.0,0.9,2027000,743.0
2025-12-02,Firozpur,COVID-19,23,2,91,25.27,31.4,57.9,0.0,2027000,1361.3
2025-12-03,Firozpur,COVID-19,24,4,111,21.62,28.4,61.6,0.0,2027000,683.0
2025-12-04,Firozpur,COVID-19,23,4,69,33.33,28.2,57.3,0.0,2027000,1222.6
2025-12-05,Firozpur,COVID-19,23,3,73,31.51,31.0,53.8,0.0,2027000,1742.9
2025-12-06,Firozpur,COVID-19,26,3,58,44.83,28.0,60.4,0.0,2027000,1508.8
2025-12-07,Firozpur,COVID-19,22,3,107,20.56,28.3,49.5,0.5,2027000,2059.2
2025-12-08,Firozpur,COVID-19,21,4,59,35.59,28.9,53.6,0.0,2027000,1154.6
2025-12-09,Firozpur,COVID-19,25,3,64,39.06,29.2,62.4,0.0,2027000,1108.5
2025-12-10,Firozpur,COVID-19,23,3,61,37.7,30.2,62.7,0.0,2027000,2288.5
2025-12-11,Firozpur,COVID-19,23,3,101,22.77,28.2,60.2,0.0,2027000,714.0
2025-12-12,Firozpur,COVID-19,28,5,88,31.82,32.8,53.4,2.0,2027000,804.2
2025-12-13,Firozpur,COVID-19,18,3,80,22.5,30.9,64.5,0.0,2027000,851.6
2025-12-14,Firozpur,COVID-19,19,3,48,39.58,37.0,59.0,1.7,2027000,870.9
2025-12-15,Firozpur,COVID-19,19,2,84,22.62,29.9,64.8,0.0,2027000,915.3
2025-12-16,Firozpur,COVID-19,20,3,40,50.0,28.2,81.0,0.0,2027000,795.1
2025-12-17,Firozpur,COVID-19,26,5,62,41.94,32.6,67.3,0.0,2027000,1469.4
2025-12-18,Firozpur,COVID-19,23,4,94,24.47,31.0,69.8,0.6,2027000,1274.6
2025-12-19,Firozpur,COVID-19,24,2,72,33.33,30.2,62.0,0.0,2027000,700.4
2025-12-20,Firozpur,COVID-19,23,4,105,21.9,33.1,62.1,0.9,2027000,839.9
2025-12-21,Firozpur,COVID-19,28,4,63,44.44,33.4,64.1,0.2,2027000,781.4
2025-12-22,Firozpur,COVID-19,18,4,51,35.29,28.2,59.4,0.0,2027000,717.4
2025-12-23,Firozpur,COVID-19,29,7,109,26.61,32.8,64.7,0.0,2027000,813.7
2025-12-24,Firozpur,COVID-19,24,5,113,21.24,30.1,64.8,0.0,2027000,2008.9
2025-12-25,Firozpur,COVID-19,22,3,56,39.29,32.8,61.3,0.0,2027000,812.6
2025-12-26,Firozpur,COVID-19,23,2,46,50.0,28.6,57.7,0.2,2027000,677.9
2025-12-27,Firozpur,COVID-19,32,3,99,32.32,33.0,70.9,0.0,2027000,851.9
2025-12-28,Firozpur,COVID-19,24,5,91,26.37,36.1,66.2,0.2,2027000,980.3
2025-12-29,Firozpur,COVID-19,27,4,97,27.84,32.7,76.5,0.5,2027000,714.3
2025-12-30,Firozpur,COVID-19,26,6,106,24.53,32.0,73.9,0.0,2027000,696.1
2025-12-31,Firozpur,COVID-19,27,4,125,21.6,30.9,62.0,0.0,2027000,1045.4
2026-01-01,Firozpur,COVID-19,26,6,90,28.89,31.5,59.8,0.0,2027000,816.4
2026-01-02,Firozpur,COVID-19,24,5,116,20.69,35.2,74.2,0.0,2027000,1060.7
2026-01-03,Firozpur,COVID-19,22,5,85,25.88,33.3,71.7,0.0,2027000,1184.2
2026-01-04,Firozpur,COVID-19,25,4,112,22.32,34.4,74.8,0.3,2027000,725.4
2026-01-05,Firozpur,COVID-19,27,2,75,36.0,30.0,61.7,0.0,2027000,910.4
2026-01-06,Firozpur,COVID-19,27,6,116,23.28,33.3,72.2,0.0,2027000,1135.0
2026-01-07,Firozpur,COVID-19,24,3,94,25.53,33.2,71.1,0.0,2027000,1102.1
2026-01-08,Firozpur,COVID-19,31,3,116,26.72,30.9,65.9,0.0,2027000,2338.5
2026-01-09,Firozpur,COVID-19,23,3,59,38.98,35.7,72.1,2.2,2027000,853.9
2026-01-10,Firozpur,COVID-19,25,3,117,21.37,32.8,70.5,6.8,2027000,1633.9
2026-01-11,Firozpur,COVID-19,32,4,137,23.36,34.4,70.3,1.2,2027000,967.8
2026-01-12,Firozpur,COVID-19,23,3,105,21.9,36.0,68.9,0.0,2027000,688.3
2026-01-13,Firozpur,COVID-19,28,6,56,50.0,34.4,73.4,6.7,2027000,1163.5
2026-01-14,Firozpur,COVID-19,22,5,94,23.4,35.8,72.0,2.2,2027000,2464.0
2026-01-15,Firozpur,COVID-19,32,7,82,39.02,32.0,75.3,4.6,2027000,2224.7
2026-01-16,Firozpur,COVID-19,24,4,72,33.33,31.1,78.1,0.0,2027000,795.4
2026-01-17,Firozpur,COVID-19,24,5,93,25.81,36.1,73.1,2.6,2027000,723.2
2026-01-18,Firozpur,COVID-19,28,3,73,38.36,33.6,68.4,0.0,2027000,1123.8
2026-01-19,Firozpur,COVID-19,33,5,100,33.0,34.7,82.0,1.4,2027000,1116.8
2026-01-20,Firozpur,COVID-19,25,6,103,24.27,32.2,73.1,0.0,2027000,2469.5
2026-01-21,Firozpur,COVID-19,26,6,81,32.1,30.2,72.0,1.3,2027000,1449.3
2026-01-22,Firozpur,COVID-19,34,4,94,36.17,36.4,67.0,4.6,2027000,1411.5
2026-01-23,Firozpur,COVID-19,24,2,52,46.15,35.1,75.6,0.0,2027000,683.4
2026-01-24,Firozpur,COVID-19,25,4,67,37.31,33.4,73.0,0.3,2027000,1465.9
2026-01-25,Firozpur,COVID-19,24,4,94,25.53,32.8,69.2,1.7,2027000,1759.8
2026-01-26,Firozpur,COVID-19,23,3,79,29.11,33.7,78.1,0.0,2027000,1527.3
2026-01-27,Firozpur,COVID-19,32,3,78,41.03,31.6,76.7,1.1,2027000,713.0
2026-01-28,Firozpur,COVID-19,30,4,85,35.29,34.2,76.8,7.2,2027000,1614.9
2026-01-29,Firozpur,COVID-19,26,3,115,22.61,34.1,75.4,6.4,2027000,716.2
2026-01-30,Firozpur,COVID-19,24,3,116,20.69,33.0,76.2,1.3,2027000,791.6
2026-01-31,Firozpur,COVID-19,30,3,60,50.0,36.9,73.2,0.0,2027000,1336.7
2026-02-01,Firozpur,COVID-19,23,4,76,30.26,33.5,73.4,0.8,2027000,897.3
2026-02-02,Firozpur,COVID-19,25,5,63,39.68,36.7,69.3,0.2,2027000,712.6
2026-02-03,Firozpur,COVID-19,27,3,55,49.09,35.1,79.5,0.0,2027000,2300.3
2026-02-04,Firozpur,COVID-19,35,6,126,27.78,36.7,75.1,6.5,2027000,1379.5
2026-02-05,Firozpur,COVID-19,26,2,89,29.21,34.9,82.2,3.3,2027000,951.6
2026-02-06,Firozpur,COVID-19,22,3,69,31.88,36.9,77.2,0.0,2027000,1274.6
2026-02-07,Firozpur,COVID-19,25,4,54,46.3,33.2,93.0,0.0,2027000,940.2
2026-02-08,Firozpur,COVID-19,24,5,116,20.69,32.2,81.1,3.5,2027000,1137.6
2026-02-09,Firozpur,COVID-19,21,2,96,21.88,32.7,72.3,1.2,2027000,1296.8
2026-02-10,Firozpur,COVID-19,23,5,58,39.66,33.5,78.2,0.0,2027000,794.9
2026-02-11,Firozpur,COVID-19,23,2,50,46.0,33.2,74.6,2.2,2027000,1282.9
2026-02-12,Firozpur,COVID-19,28,6,60,46.67,31.1,75.1,3.2,2027000,2482.1
2026-02-13,Firozpur,COVID-19,23,2,103,22.33,33.9,84.8,0.0,2027000,2167.7
2026-02-14,Firozpur,COVID-19,22,5,56,39.29,30.4,78.3,5.8,2027000,2090.9
2026-02-15,Firozpur,COVID-19,23,5,72,31.94,33.0,68.3,3.0,2027000,729.1
2026-02-16,Firozpur,COVID-19,28,3,56,50.0,34.5,84.5,0.3,2027000,2108.6
2026-02-17,Firozpur,COVID-19,27,3,54,50.0,36.6,80.2,3.2,2027000,683.2
2026-02-18,Firozpur,COVID-19,19,4,69,27.54,35.0,85.6,3.7,2027000,677.9
2026-02-19,Firozpur,COVID-19,25,5,70,35.71,37.9,88.7,2.2,2027000,1291.0
2026-02-20,Firozpur,COVID-19,28,4,71,39.44,33.4,79.4,1.0,2027000,1421.0
2026-02-21,Firozpur,COVID-19,21,4,97,21.65,34.5,77.3,4.0,2027000,710.4
2026-02-22,Firozpur,COVID-19,23,3,46,50.0,34.8,74.0,2.5,2027000,711.2
2026-02-23,Firozpur,COVID-19,18,2,88,20.45,34.8,86.9,0.6,2027000,1419.4
2026-02-24,Firozpur,COVID-19,27,4,79,34.18,34.8,75.6,0.2,2027000,2404.6
2026-02-25,Firozpur,COVID-19,24,5,99,24.24,37.1,77.3,7.0,2027000,1237.3
2026-02-26,Firozpur,COVID-19,22,3,56,39.29,33.0,80.8,4.4,2027000,1527.8
2026-02-27,Firozpur,COVID-19,22,2,94,23.4,37.2,76.5,5.7,2027000,729.0
2026-02-28,Firozpur,COVID-19,25,4,87,28.74,38.4,75.7,4.7,2027000,1473.9
2026-03-01,Firozpur,COVID-19,25,3,78,32.05,33.1,76.5,0.6,2027000,1156.3
2026-03-02,Firozpur,COVID-19,24,2,54,44.44,31.0,77.0,6.3,2027000,712.9
2026-03-03,Firozpur,COVID-19,24,5,59,40.68,32.3,74.5,1.8,2027000,864.8
2026-03-04,Firozpur,COVID-19,27,3,84,32.14,35.6,74.5,4.1,2027000,1232.5
2026-03-05,Firozpur,COVID-19,22,3,67,32.84,34.4,79.0,8.5,2027000,736.8
2026-03-06,Firozpur,COVID-19,24,3,111,21.62,30.2,75.2,6.2,2027000,1387.8
2026-03-07,Firozpur,COVID-19,20,4,93,21.51,33.9,82.1,3.4,2027000,1877.6
2026-03-08,Firozpur,COVID-19,27,3,78,34.62,36.6,92.4,1.6,2027000,1027.1
2026-03-09,Firozpur,COVID-19,27,6,114,23.68,33.7,76.4,3.1,2027000,752.1
2026-03-10,Firozpur,COVID-19,36,5,86,41.86,36.5,75.5,11.4,2027000,702.8
2026-03-11,Firozpur,COVID-19,48,8,127,37.8,35.1,87.9,9.5,2027000,2483.8
2026-03-12,Firozpur,COVID-19,32,6,141,22.7,35.7,69.9,6.2,2027000,1391.2
2026-03-13,Firozpur,COVID-19,46,10,184,25.0,35.0,81.4,5.9,2027000,2019.5
2026-03-14,Firozpur,COVID-19,56,6,112,50.0,31.5,76.9,7.3,2027000,988.6
2026-03-15,Firozpur,COVID-19,66,10,316,20.89,33.2,81.2,4.5,2027000,2233.9
2026-03-16,Firozpur,COVID-19,58,9,192,30.21,31.8,70.3,4.7,2027000,877.5
2026-03-17,Firozpur,COVID-19,60,14,141,42.55,35.4,80.2,1.2,2027000,1971.2
2026-03-18,Firozpur,COVID-19,98,12,406,24.14,32.2,89.2,3.1,2027000,2288.0
2026-03-19,Firozpur,COVID-19,81,11,378,21.43,29.2,68.6,4.4,2027000,1051.5
2026-03-20,Firozpur,COVID-19,76,17,164,46.34,31.8,80.4,5.2,2027000,684.0
2026-03-21,Firozpur,COVID-19,88,17,438,20.09,33.8,83.3,7.3,2027000,1319.3
2026-03-22,Firozpur,COVID-19,109,17,522,20.88,30.4,88.9,0.9,2027000,1411.6
2026-03-23,Firozpur,COVID-19,98,20,355,27.61,33.7,80.5,10.6,2027000,1240.8
2026-03-24,Firozpur,COVID-19,75,9,260,28.85,32.6,86.1,4.6,2027000,1869.3
2026-03-25,Firozpur,COVID-19,128,20,435,29.43,33.9,92.5,5.6,2027000,951.5
2026-03-26,Firozpur,COVID-19,116,15,316,36.71,29.3,73.0,0.0,2027000,683.0
2026-03-27,Firozpur,COVID-19,107,11,254,42.13,32.6,81.4,6.9,2027000,1509.5
2026-03-28,Firozpur,COVID-19,101,22,477,21.17,29.6,81.2,1.9,2027000,758.9
2026-03-29,Firozpur,COVID-19,96,13,464,20.69,32.7,80.8,4.5,2027000,1338.5
2026-03-30,Firozpur,COVID-19,114,18,238,47.9,31.1,78.9,9.7,2027000,728.7
2026-03-31,Firozpur,COVID-19,120,17,434,27.65,30.2,67.6,6.6,2027000,2013.5
2026-04-01,Firozpur,COVID-19,110,25,502,21.91,25.8,75.0,7.1,2027000,676.5
2026-04-02,Firozpur,COVID-19,79,13,332,23.8,32.7,85.8,4.7,2027000,1443.4
2026-04-03,Firozpur,COVID-19,92,13,384,23.96,30.2,80.4,7.0,2027000,1317.6
2026-04-04,Firozpur,COVID-19,92,10,419,21.96,33.8,78.5,6.2,2027000,1806.5
2026-04-05,Firozpur,COVID-19,75,11,335,22.39,29.7,74.8,8.2,2027000,1618.6
2026-04-06,Firozpur,COVID-19,63,6,233,27.04,31.4,78.3,5.9,2027000,941.5
2026-04-07,Firozpur,COVID-19,78,8,246,31.71,29.6,84.1,4.3,2027000,1375.4
2026-04-08,Firozpur,COVID-19,63,12,163,38.65,27.4,76.2,7.6,2027000,2212.1
2026-04-09,Firozpur,COVID-19,57,10,258,22.09,29.1,70.4,8.0,2027000,676.2
2026-04-10,Firozpur,COVID-19,71,10,315,22.54,29.5,67.8,5.3,2027000,733.5
2026-04-11,Firozpur,COVID-19,53,9,115,46.09,27.8,72.0,8.9,2027000,1398.9
2026-04-12,Firozpur,COVID-19,52,5,200,26.0,33.0,76.8,7.2,2027000,1167.7
2026-04-13,Firozpur,COVID-19,40,8,96,41.67,31.3,73.9,1.7,2027000,1401.3
2026-04-14,Firozpur,COVID-19,31,5,140,22.14,27.0,75.5,7.7,2027000,1826.2
2026-04-15,Firozpur,COVID-19,36,7,75,48.0,27.5,79.5,4.3,2027000,844.7
2026-04-16,Firozpur,COVID-19,36,7,163,22.09,30.2,65.3,7.3,2027000,730.5
2026-04-17,Firozpur,COVID-19,26,2,100,26.0,26.7,78.1,4.5,2027000,844.4
2026-04-18,Firozpur,COVID-19,23,3,101,22.77,29.6,60.0,0.1,2027000,2341.2
2026-04-19,Firozpur,COVID-19,18,2,81,22.22,27.5,75.6,3.4,2027000,746.7
2026-04-20,Firozpur,COVID-19,21,5,94,22.34,28.6,83.7,4.5,2027000,692.2
2026-04-21,Firozpur,COVID-19,23,4,85,27.06,29.3,67.7,7.2,2027000,2331.2
2026-04-22,Firozpur,COVID-19,21,2,51,41.18,28.8,72.4,4.4,2027000,901.0
2026-04-23,Firozpur,COVID-19,18,3,61,29.51,25.9,72.6,7.5,2027000,2245.6
2026-04-24,Firozpur,COVID-19,12,1,57,21.05,21.7,83.6,2.9,2027000,1375.6
2026-04-25,Firozpur,COVID-19,18,2,69,26.09,24.9,80.7,8.4,2027000,1444.5
2026-04-26,Firozpur,COVID-19,20,2,91,21.98,25.7,70.4,3.6,2027000,1431.8
2026-04-27,Firozpur,COVID-19,25,3,60,41.67,26.5,89.3,9.0,2027000,1702.9
2026-04-28,Firozpur,COVID-19,21,3,48,43.75,28.7,63.1,6.7,2027000,1022.3
2026-04-29,Firozpur,COVID-19,17,2,82,20.73,28.4,73.3,3.1,2027000,838.2
2026-04-30,Firozpur,COVID-19,22,4,79,27.85,24.2,68.1,0.0,2027000,2318.5
2026-05-01,Firozpur,COVID-19,25,5,103,24.27,24.1,71.5,9.3,2027000,876.3
2026-05-02,Firozpur,COVID-19,21,4,47,44.68,27.9,74.9,5.9,2027000,837.6
2026-05-03,Firozpur,COVID-19,22,4,45,48.89,24.6,68.9,0.0,2027000,914.6
2026-05-04,Firozpur,COVID-19,21,5,93,22.58,25.4,70.3,4.5,2027000,868.4
2026-05-05,Firozpur,COVID-19,22,5,103,21.36,23.6,73.9,0.0,2027000,850.0
2026-05-06,Firozpur,COVID-19,21,2,80,26.25,27.2,75.9,6.8,2027000,679.3
2025-11-08,Firozpur,Chikungunya,11,2,44,25.0,26.8,46.8,0.0,2027000,680.2
2025-11-09,Firozpur,Chikungunya,11,1,22,50.0,28.1,52.7,0.0,2027000,1307.7
2025-11-10,Firozpur,Chikungunya,11,2,34,32.35,26.9,53.9,0.0,2027000,871.6
2025-11-11,Firozpur,Chikungunya,11,1,23,47.83,22.3,50.6,0.0,2027000,989.2
2025-11-12,Firozpur,Chikungunya,11,1,39,28.21,27.6,50.8,0.0,2027000,2522.5
2025-11-13,Firozpur,Chikungunya,10,2,30,33.33,24.6,55.7,0.0,2027000,2031.5
2025-11-14,Firozpur,Chikungunya,11,1,41,26.83,27.1,50.8,0.0,2027000,1219.9
2025-11-15,Firozpur,Chikungunya,10,1,33,30.3,29.4,51.7,0.0,2027000,980.8
2025-11-16,Firozpur,Chikungunya,12,2,38,31.58,28.0,51.4,0.0,2027000,1512.8
2025-11-17,Firozpur,Chikungunya,10,2,40,25.0,24.9,51.2,0.0,2027000,960.8
2025-11-18,Firozpur,Chikungunya,11,2,40,27.5,24.8,40.9,0.0,2027000,1139.1
2025-11-19,Firozpur,Chikungunya,7,1,19,36.84,29.1,46.5,0.0,2027000,760.9
2025-11-20,Firozpur,Chikungunya,10,1,27,37.04,28.7,62.1,0.0,2027000,2473.8
2025-11-21,Firozpur,Chikungunya,10,1,34,29.41,27.6,52.2,0.0,2027000,726.0
2025-11-22,Firozpur,Chikungunya,14,1,61,22.95,29.1,48.2,0.0,2027000,741.2
2025-11-23,Firozpur,Chikungunya,11,1,35,31.43,27.4,54.4,0.0,2027000,924.4
2025-11-24,Firozpur,Chikungunya,17,1,34,50.0,26.1,48.5,0.0,2027000,881.0
2025-11-25,Firozpur,Chikungunya,12,2,26,46.15,30.7,39.0,0.0,2027000,1459.0
2025-11-26,Firozpur,Chikungunya,11,2,37,29.73,28.4,65.6,0.0,2027000,1493.9
2025-11-27,Firozpur,Chikungunya,11,2,22,50.0,27.9,55.2,0.0,2027000,1192.3
2025-11-28,Firozpur,Chikungunya,9,0,42,21.43,30.2,55.1,0.0,2027000,921.1
2025-11-29,Firozpur,Chikungunya,13,2,64,20.31,29.2,63.8,0.0,2027000,1693.2
2025-11-30,Firozpur,Chikungunya,7,0,14,50.0,27.1,53.8,0.0,2027000,1306.4
2025-12-01,Firozpur,Chikungunya,15,1,71,21.13,25.9,50.1,0.0,2027000,865.7
2025-12-02,Firozpur,Chikungunya,12,2,43,27.91,27.7,57.0,1.5,2027000,1336.0
2025-12-03,Firozpur,Chikungunya,14,3,44,31.82,27.2,59.2,0.0,2027000,905.8
2025-12-04,Firozpur,Chikungunya,14,3,69,20.29,27.5,56.5,0.0,2027000,678.9
2025-12-05,Firozpur,Chikungunya,11,2,45,24.44,28.9,49.5,0.0,2027000,882.1
2025-12-06,Firozpur,Chikungunya,9,1,19,47.37,29.0,50.7,4.3,2027000,898.7
2025-12-07,Firozpur,Chikungunya,10,1,22,45.45,27.4,65.5,0.0,2027000,913.2
2025-12-08,Firozpur,Chikungunya,13,2,32,40.62,25.6,58.9,0.4,2027000,1000.0
2025-12-09,Firozpur,Chikungunya,12,1,43,27.91,31.5,60.0,0.0,2027000,795.1
2025-12-10,Firozpur,Chikungunya,11,1,51,21.57,30.5,56.3,0.0,2027000,817.6
2025-12-11,Firozpur,Chikungunya,11,1,28,39.29,29.7,61.3,0.0,2027000,1017.1
2025-12-12,Firozpur,Chikungunya,12,1,39,30.77,32.8,69.4,0.0,2027000,676.6
2025-12-13,Firozpur,Chikungunya,12,1,34,35.29,34.5,59.3,0.0,2027000,1361.4
2025-12-14,Firozpur,Chikungunya,11,1,23,47.83,33.0,66.9,0.0,2027000,970.9
2025-12-15,Firozpur,Chikungunya,14,3,35,40.0,30.3,51.7,0.0,2027000,2522.9
2025-12-16,Firozpur,Chikungunya,12,2,41,29.27,31.8,60.2,0.0,2027000,1257.7
2025-12-17,Firozpur,Chikungunya,11,1,27,40.74,34.2,66.0,0.0,2027000,842.4
2025-12-18,Firozpur,Chikungunya,15,3,32,46.88,30.4,54.7,1.6,2027000,984.6
2025-12-19,Firozpur,Chikungunya,14,1,34,41.18,30.9,67.9,0.0,2027000,1652.9
2025-12-20,Firozpur,Chikungunya,11,1,51,21.57,33.8,64.3,2.5,2027000,721.2
2025-12-21,Firozpur,Chikungunya,10,2,27,37.04,30.1,72.3,9.6,2027000,2092.0
2025-12-22,Firozpur,Chikungunya,11,1,53,20.75,27.9,66.4,0.0,2027000,1085.4
2025-12-23,Firozpur,Chikungunya,12,1,44,27.27,32.2,69.4,0.0,2027000,1306.1
2025-12-24,Firozpur,Chikungunya,16,2,55,29.09,34.9,64.0,0.0,2027000,1202.0
2025-12-25,Firozpur,Chikungunya,12,1,41,29.27,33.7,69.7,0.0,2027000,963.6
2025-12-26,Firozpur,Chikungunya,12,1,51,23.53,34.3,67.5,4.3,2027000,1139.2
2025-12-27,Firozpur,Chikungunya,11,1,25,44.0,34.2,69.0,1.5,2027000,1423.6
2025-12-28,Firozpur,Chikungunya,12,2,46,26.09,32.3,61.4,0.0,2027000,757.3
2025-12-29,Firozpur,Chikungunya,14,3,31,45.16,32.8,65.1,0.0,2027000,1347.4
2025-12-30,Firozpur,Chikungunya,12,1,56,21.43,33.0,76.9,0.0,2027000,1281.7
2025-12-31,Firozpur,Chikungunya,13,1,64,20.31,34.5,67.8,0.0,2027000,749.8
2026-01-01,Firozpur,Chikungunya,17,3,34,50.0,35.5,71.0,0.7,2027000,1547.2
2026-01-02,Firozpur,Chikungunya,13,1,45,28.89,33.0,66.0,0.3,2027000,866.4
2026-01-03,Firozpur,Chikungunya,14,3,61,22.95,35.6,72.6,0.0,2027000,1020.1
2026-01-04,Firozpur,Chikungunya,13,2,43,30.23,31.5,70.6,0.0,2027000,2051.2
2026-01-05,Firozpur,Chikungunya,18,2,76,23.68,30.6,59.1,0.6,2027000,994.4
2026-01-06,Firozpur,Chikungunya,14,2,55,25.45,34.8,69.7,0.0,2027000,1008.4
2026-01-07,Firozpur,Chikungunya,11,1,24,45.83,34.2,69.6,0.0,2027000,1108.0
2026-01-08,Firozpur,Chikungunya,15,2,70,21.43,30.2,71.1,0.2,2027000,1444.4
2026-01-09,Firozpur,Chikungunya,10,1,44,22.73,32.2,80.9,0.0,2027000,970.6
2026-01-10,Firozpur,Chikungunya,16,1,64,25.0,34.6,71.4,0.0,2027000,901.5
2026-01-11,Firozpur,Chikungunya,17,2,46,36.96,35.7,68.0,0.0,2027000,1021.2
2026-01-12,Firozpur,Chikungunya,14,2,37,37.84,35.4,71.4,5.0,2027000,2229.9
2026-01-13,Firozpur,Chikungunya,15,2,52,28.85,35.9,74.8,1.6,2027000,819.7
2026-01-14,Firozpur,Chikungunya,11,2,34,32.35,33.8,65.4,2.5,2027000,1066.4
2026-01-15,Firozpur,Chikungunya,15,1,39,38.46,30.8,74.9,0.0,2027000,1093.1
2026-01-16,Firozpur,Chikungunya,13,1,37,35.14,33.4,64.6,4.1,2027000,700.1
2026-01-17,Firozpur,Chikungunya,11,1,35,31.43,35.8,69.5,1.6,2027000,698.4
2026-01-18,Firozpur,Chikungunya,16,3,42,38.1,32.0,75.8,2.6,2027000,1900.1
2026-01-19,Firozpur,Chikungunya,17,2,50,34.0,35.9,74.4,0.0,2027000,719.3
2026-01-20,Firozpur,Chikungunya,12,1,45,26.67,33.3,77.5,4.6,2027000,1774.9
2026-01-21,Firozpur,Chikungunya,15,2,60,25.0,35.0,80.1,2.8,2027000,2175.7
2026-01-22,Firozpur,Chikungunya,13,2,55,23.64,30.9,64.8,0.0,2027000,1341.8
2026-01-23,Firozpur,Chikungunya,14,2,63,22.22,35.3,80.5,2.9,2027000,1828.1
2026-01-24,Firozpur,Chikungunya,14,2,65,21.54,35.9,76.9,0.0,2027000,1334.0
2026-01-25,Firozpur,Chikungunya,17,2,44,38.64,32.3,77.2,4.5,2027000,679.4
2026-01-26,Firozpur,Chikungunya,17,1,47,36.17,34.1,72.3,1.3,2027000,685.4
2026-01-27,Firozpur,Chikungunya,13,1,45,28.89,34.0,77.4,0.0,2027000,1418.3
2026-01-28,Firozpur,Chikungunya,15,2,51,29.41,32.7,73.2,0.3,2027000,717.9
2026-01-29,Firozpur,Chikungunya,15,1,60,25.0,33.9,83.7,0.0,2027000,725.7
2026-01-30,Firozpur,Chikungunya,18,2,57,31.58,34.1,69.0,1.2,2027000,1060.8
2026-01-31,Firozpur,Chikungunya,12,2,44,27.27,35.2,85.9,4.3,2027000,808.4
2026-02-01,Firozpur,Chikungunya,14,2,43,32.56,36.3,75.3,7.8,2027000,1481.9
2026-02-02,Firozpur,Chikungunya,12,2,34,35.29,34.5,79.0,2.1,2027000,1074.6
2026-02-03,Firozpur,Chikungunya,13,3,26,50.0,34.6,76.3,3.2,2027000,752.2
2026-02-04,Firozpur,Chikungunya,12,1,45,26.67,36.9,82.5,0.0,2027000,703.1
2026-02-05,Firozpur,Chikungunya,16,3,32,50.0,36.2,74.8,6.1,2027000,847.0
2026-02-06,Firozpur,Chikungunya,14,2,53,26.42,35.0,78.1,0.0,2027000,1905.2
2026-02-07,Firozpur,Chikungunya,17,3,48,35.42,32.6,70.8,3.0,2027000,1360.8
2026-02-08,Firozpur,Chikungunya,11,2,49,22.45,37.6,76.5,0.0,2027000,1062.1
2026-02-09,Firozpur,Chikungunya,35,4,152,23.03,38.1,76.9,1.7,2027000,1788.1
2026-02-10,Firozpur,Chikungunya,42,6,102,41.18,32.4,81.9,1.6,2027000,930.8
2026-02-11,Firozpur,Chikungunya,44,7,159,27.67,34.5,77.9,1.0,2027000,1389.6
2026-02-12,Firozpur,Chikungunya,46,9,225,20.44,33.5,72.9,4.9,2027000,2053.8
2026-02-13,Firozpur,Chikungunya,39,6,188,20.74,35.3,79.3,0.0,2027000,1473.0
2026-02-14,Firozpur,Chikungunya,47,8,172,27.33,33.8,80.1,4.9,2027000,1891.4
2026-02-15,Firozpur,Chikungunya,73,9,345,21.16,36.6,83.5,0.7,2027000,1088.7
2026-02-16,Firozpur,Chikungunya,71,11,274,25.91,36.9,77.6,5.8,2027000,1264.8
2026-02-17,Firozpur,Chikungunya,64,7,135,47.41,33.6,75.7,2.3,2027000,991.2
2026-02-18,Firozpur,Chikungunya,109,26,324,33.64,30.6,79.1,2.8,2027000,943.7
2026-02-19,Firozpur,Chikungunya,82,14,238,34.45,32.4,80.2,0.0,2027000,1519.1
2026-02-20,Firozpur,Chikungunya,155,20,740,20.95,36.3,78.3,0.0,2027000,900.4
2026-02-21,Firozpur,Chikungunya,120,21,459,26.14,31.5,74.0,3.0,2027000,2242.8
2026-02-22,Firozpur,Chikungunya,122,19,274,44.53,34.2,80.8,2.7,2027000,775.9
2026-02-23,Firozpur,Chikungunya,135,27,656,20.58,34.0,89.3,0.0,2027000,1004.6
2026-02-24,Firozpur,Chikungunya,156,36,585,26.67,36.5,92.8,4.4,2027000,867.7
2026-02-25,Firozpur,Chikungunya,121,27,480,25.21,33.0,89.4,3.0,2027000,704.8
2026-02-26,Firozpur,Chikungunya,155,17,660,23.48,34.0,70.7,2.0,2027000,895.5
2026-02-27,Firozpur,Chikungunya,173,25,392,44.13,32.9,79.5,8.3,2027000,1061.7
2026-02-28,Firozpur,Chikungunya,173,41,747,23.16,30.6,79.1,10.0,2027000,785.6
2026-03-01,Firozpur,Chikungunya,133,23,377,35.28,34.0,73.1,2.2,2027000,1593.4
2026-03-02,Firozpur,Chikungunya,153,32,536,28.54,35.1,81.1,1.3,2027000,919.9
2026-03-03,Firozpur,Chikungunya,126,24,551,22.87,31.7,77.8,0.0,2027000,1032.4
2026-03-04,Firozpur,Chikungunya,158,19,666,23.72,32.6,85.9,7.7,2027000,819.8
2026-03-05,Firozpur,Chikungunya,151,15,307,49.19,31.7,87.6,0.0,2027000,1643.7
2026-03-06,Firozpur,Chikungunya,86,9,198,43.43,34.4,83.6,8.7,2027000,2072.5
2026-03-07,Firozpur,Chikungunya,85,15,292,29.11,33.7,72.3,4.5,2027000,2169.6
2026-03-08,Firozpur,Chikungunya,88,19,219,40.18,35.2,81.7,5.0,2027000,678.6
2026-03-09,Firozpur,Chikungunya,89,15,323,27.55,31.6,74.4,8.2,2027000,939.6
2026-03-10,Firozpur,Chikungunya,63,8,208,30.29,34.8,85.8,5.4,2027000,749.4
2026-03-11,Firozpur,Chikungunya,70,15,229,30.57,32.9,75.6,7.6,2027000,1067.7
2026-03-12,Firozpur,Chikungunya,60,11,259,23.17,30.6,80.6,6.8,2027000,2409.8
2026-03-13,Firozpur,Chikungunya,51,11,244,20.9,35.8,88.4,10.5,2027000,1485.0
2026-03-14,Firozpur,Chikungunya,28,6,132,21.21,29.4,80.2,4.4,2027000,968.8
2026-03-15,Firozpur,Chikungunya,43,4,89,48.31,33.2,80.7,3.5,2027000,733.8
2026-03-16,Firozpur,Chikungunya,38,5,116,32.76,33.4,76.4,8.9,2027000,1285.0
2026-03-17,Firozpur,Chikungunya,30,6,114,26.32,32.0,77.2,3.4,2027000,987.6
2026-03-18,Firozpur,Chikungunya,15,3,57,26.32,30.6,86.3,1.9,2027000,777.3
2026-03-19,Firozpur,Chikungunya,10,1,22,45.45,33.3,76.2,2.9,2027000,678.8
2026-03-20,Firozpur,Chikungunya,15,2,74,20.27,31.0,74.1,5.0,2027000,738.6
2026-03-21,Firozpur,Chikungunya,12,2,29,41.38,35.4,77.0,4.9,2027000,757.2
2026-03-22,Firozpur,Chikungunya,13,3,37,35.14,28.8,85.9,2.0,2027000,1711.8
2026-03-23,Firozpur,Chikungunya,12,2,57,21.05,29.0,76.6,7.5,2027000,701.2
2026-03-24,Firozpur,Chikungunya,13,1,31,41.94,31.6,82.3,7.5,2027000,840.0
2026-03-25,Firozpur,Chikungunya,13,2,63,20.63,34.6,72.9,8.1,2027000,986.3
2026-03-26,Firozpur,Chikungunya,12,2,57,21.05,33.7,71.5,8.8,2027000,1264.9
2026-03-27,Firozpur,Chikungunya,15,2,33,45.45,33.3,84.3,7.5,2027000,768.3
2026-03-28,Firozpur,Chikungunya,13,1,64,20.31,28.7,73.6,4.7,2027000,801.1
2026-03-29,Firozpur,Chikungunya,13,1,32,40.62,31.1,74.2,4.9,2027000,1235.5
2026-03-30,Firozpur,Chikungunya,13,3,60,21.67,34.4,81.8,8.6,2027000,1257.2
2026-03-31,Firozpur,Chikungunya,11,2,51,21.57,28.1,69.6,4.9,2027000,985.8
2026-04-01,Firozpur,Chikungunya,12,2,50,24.0,33.5,83.5,1.7,2027000,773.6
2026-04-02,Firozpur,Chikungunya,16,3,79,20.25,29.6,86.1,2.9,2027000,1502.0
2026-04-03,Firozpur,Chikungunya,16,2,58,27.59,36.2,75.3,2.1,2027000,1225.9
2026-04-04,Firozpur,Chikungunya,12,1,31,38.71,32.9,70.9,6.3,2027000,1165.9
2026-04-05,Firozpur,Chikungunya,9,1,43,20.93,29.1,87.7,4.9,2027000,2408.6
2026-04-06,Firozpur,Chikungunya,9,1,18,50.0,27.2,72.3,5.7,2027000,886.1
2026-04-07,Firozpur,Chikungunya,15,3,60,25.0,31.7,76.6,5.3,2027000,786.3
2026-04-08,Firozpur,Chikungunya,7,1,31,22.58,28.0,79.5,0.3,2027000,1080.0
2026-04-09,Firozpur,Chikungunya,16,2,68,23.53,30.7,79.6,8.1,2027000,788.8
2026-04-10,Firozpur,Chikungunya,13,2,53,24.53,26.8,76.8,7.2,2027000,810.1
2026-04-11,Firozpur,Chikungunya,16,2,78,20.51,27.7,72.0,5.3,2027000,792.2
2026-04-12,Firozpur,Chikungunya,10,1,27,37.04,28.4,69.2,1.6,2027000,916.3
2026-04-13,Firozpur,Chikungunya,11,1,50,22.0,31.2,65.2,7.0,2027000,1697.7
2026-04-14,Firozpur,Chikungunya,12,2,28,42.86,31.8,73.4,0.2,2027000,1591.5
2026-04-15,Firozpur,Chikungunya,17,1,73,23.29,30.2,68.4,8.1,2027000,1859.8
2026-04-16,Firozpur,Chikungunya,14,2,48,29.17,28.2,79.3,1.8,2027000,1034.8
2026-04-17,Firozpur,Chikungunya,11,2,54,20.37,27.4,77.8,7.1,2027000,2383.3
2026-04-18,Firozpur,Chikungunya,14,2,37,37.84,27.8,71.0,1.7,2027000,723.6
2026-04-19,Firozpur,Chikungunya,12,1,49,24.49,26.0,76.1,1.4,2027000,821.3
2026-04-20,Firozpur,Chikungunya,9,1,41,21.95,25.9,73.8,5.5,2027000,1458.4
2026-04-21,Firozpur,Chikungunya,11,2,27,40.74,23.3,71.4,4.0,2027000,2092.1
2026-04-22,Firozpur,Chikungunya,11,2,27,40.74,28.0,82.2,0.0,2027000,743.8
2026-04-23,Firozpur,Chikungunya,13,3,51,25.49,25.7,73.0,4.0,2027000,2158.0
2026-04-24,Firozpur,Chikungunya,9,1,19,47.37,26.8,68.4,1.6,2027000,950.4
2026-04-25,Firozpur,Chikungunya,10,2,29,34.48,29.0,72.2,4.4,2027000,759.1
2026-04-26,Firozpur,Chikungunya,12,2,48,25.0,24.2,73.0,3.6,2027000,926.0
2026-04-27,Firozpur,Chikungunya,10,2,33,30.3,27.3,59.1,3.9,2027000,1202.1
2026-04-28,Firozpur,Chikungunya,12,2,44,27.27,26.3,74.2,1.8,2027000,746.8
2026-04-29,Firozpur,Chikungunya,12,2,45,26.67,23.1,67.5,4.3,2027000,837.4
2026-04-30,Firozpur,Chikungunya,11,2,42,26.19,26.7,73.5,4.8,2027000,737.9
2026-05-01,Firozpur,Chikungunya,12,1,37,32.43,27.2,73.3,4.3,2027000,692.2
2026-05-02,Firozpur,Chikungunya,14,2,32,43.75,27.0,65.7,5.4,2027000,752.1
2026-05-03,Firozpur,Chikungunya,12,1,45,26.67,24.1,69.3,8.2,2027000,1088.2
2026-05-04,Firozpur,Chikungunya,11,1,30,36.67,26.3,73.9,0.0,2027000,884.2
2026-05-05,Firozpur,Chikungunya,10,2,38,26.32,22.5,74.9,4.7,2027000,969.3
2026-05-06,Firozpur,Chikungunya,10,1,27,37.04,23.6,76.4,2.2,2027000,782.2
2025-11-08,Firozpur,Dengue,24,3,99,24.24,26.3,44.4,0.0,2027000,1718.2
2025-11-09,Firozpur,Dengue,19,3,86,22.09,26.6,53.8,0.0,2027000,1031.6
2025-11-10,Firozpur,Dengue,20,3,66,30.3,26.1,50.6,0.0,2027000,1405.1
2025-11-11,Firozpur,Dengue,18,4,50,36.0,26.5,50.0,0.0,2027000,2140.5
2025-11-12,Firozpur,Dengue,22,2,53,41.51,24.4,42.4,0.0,2027000,1286.2
2025-11-13,Firozpur,Dengue,19,2,94,20.21,29.8,48.3,0.0,2027000,767.6
2025-11-14,Firozpur,Dengue,22,4,84,26.19,26.3,53.8,0.0,2027000,1276.3
2025-11-15,Firozpur,Dengue,20,3,79,25.32,27.6,48.9,0.0,2027000,2382.8
2025-11-16,Firozpur,Dengue,16,2,53,30.19,24.4,56.3,0.0,2027000,1051.0
2025-11-17,Firozpur,Dengue,15,2,39,38.46,29.5,52.0,0.0,2027000,1454.8
2025-11-18,Firozpur,Dengue,17,2,60,28.33,27.8,54.6,0.0,2027000,1908.5
2025-11-19,Firozpur,Dengue,24,5,95,25.26,28.7,48.5,0.0,2027000,829.9
2025-11-20,Firozpur,Dengue,21,5,70,30.0,24.9,51.6,0.0,2027000,1019.9
2025-11-21,Firozpur,Dengue,25,4,65,38.46,29.4,48.2,0.0,2027000,2464.0
2025-11-22,Firozpur,Dengue,19,2,64,29.69,27.1,62.2,0.0,2027000,797.1
2025-11-23,Firozpur,Dengue,16,3,73,21.92,29.4,59.0,0.0,2027000,1246.2
2025-11-24,Firozpur,Dengue,19,2,90,21.11,27.7,66.5,0.0,2027000,732.2
2025-11-25,Firozpur,Dengue,27,4,88,30.68,28.8,55.0,0.0,2027000,1405.5
2025-11-26,Firozpur,Dengue,22,3,98,22.45,27.7,49.3,0.6,2027000,698.9
2025-11-27,Firozpur,Dengue,21,3,93,22.58,27.0,58.0,0.2,2027000,808.5
2025-11-28,Firozpur,Dengue,23,3,55,41.82,27.4,51.9,0.0,2027000,1537.3
2025-11-29,Firozpur,Dengue,24,5,98,24.49,29.0,47.9,0.0,2027000,805.3
2025-11-30,Firozpur,Dengue,26,4,112,23.21,27.1,62.4,0.0,2027000,2196.8
2025-12-01,Firozpur,Dengue,20,3,62,32.26,25.2,56.0,0.0,2027000,1476.6
2025-12-02,Firozpur,Dengue,21,3,87,24.14,29.9,45.9,0.0,2027000,778.4
2025-12-03,Firozpur,Dengue,24,4,69,34.78,29.5,58.2,0.0,2027000,1008.2
2025-12-04,Firozpur,Dengue,20,3,92,21.74,29.4,63.2,0.0,2027000,908.6
2025-12-05,Firozpur,Dengue,26,4,107,24.3,29.2,55.9,0.0,2027000,693.5
2025-12-06,Firozpur,Dengue,28,6,101,27.72,32.0,55.2,0.0,2027000,932.0
2025-12-07,Firozpur,Dengue,20,4,47,42.55,29.6,65.9,5.0,2027000,811.9
2025-12-08,Firozpur,Dengue,24,3,98,24.49,29.1,59.0,0.0,2027000,992.7
2025-12-09,Firozpur,Dengue,17,2,34,50.0,27.8,54.4,0.0,2027000,1214.6
2025-12-10,Firozpur,Dengue,24,3,89,26.97,29.8,62.7,0.0,2027000,1969.5
2025-12-11,Firozpur,Dengue,19,4,81,23.46,31.3,60.4,0.0,2027000,811.8
2025-12-12,Firozpur,Dengue,24,5,59,40.68,34.0,63.0,0.0,2027000,734.6
2025-12-13,Firozpur,Dengue,22,2,70,31.43,27.2,62.2,0.0,2027000,1621.5
2025-12-14,Firozpur,Dengue,22,2,44,50.0,34.6,64.7,0.0,2027000,864.3
2025-12-15,Firozpur,Dengue,19,4,71,26.76,29.2,67.5,0.0,2027000,2459.5
2025-12-16,Firozpur,Dengue,25,5,93,26.88,29.6,70.5,0.0,2027000,2046.5
2025-12-17,Firozpur,Dengue,26,6,71,36.62,29.1,62.2,2.1,2027000,1262.3
2025-12-18,Firozpur,Dengue,21,4,99,21.21,29.7,62.3,0.0,2027000,830.0
2025-12-19,Firozpur,Dengue,23,3,93,24.73,31.3,64.0,4.2,2027000,740.5
2025-12-20,Firozpur,Dengue,19,4,63,30.16,31.2,65.3,1.2,2027000,716.5
2025-12-21,Firozpur,Dengue,28,5,134,20.9,28.6,66.9,0.0,2027000,748.9
2025-12-22,Firozpur,Dengue,28,3,56,50.0,29.4,70.4,0.0,2027000,1041.1
2025-12-23,Firozpur,Dengue,29,3,121,23.97,34.1,64.0,0.0,2027000,962.5
2025-12-24,Firozpur,Dengue,19,3,91,20.88,33.1,68.4,0.0,2027000,714.7
2025-12-25,Firozpur,Dengue,29,6,90,32.22,31.1,72.1,0.0,2027000,815.6
2025-12-26,Firozpur,Dengue,26,4,79,32.91,32.7,65.3,2.6,2027000,1028.0
2025-12-27,Firozpur,Dengue,23,5,47,48.94,33.1,54.3,0.0,2027000,714.6
2025-12-28,Firozpur,Dengue,22,2,80,27.5,32.0,72.9,0.0,2027000,1964.3
2025-12-29,Firozpur,Dengue,26,6,74,35.14,35.4,66.6,0.0,2027000,861.6
2025-12-30,Firozpur,Dengue,25,4,74,33.78,34.6,59.8,0.0,2027000,945.2
2025-12-31,Firozpur,Dengue,23,5,76,30.26,35.3,68.4,0.0,2027000,804.3
2026-01-01,Firozpur,Dengue,22,5,60,36.67,33.1,70.8,2.4,2027000,875.8
2026-01-02,Firozpur,Dengue,25,2,72,34.72,36.6,74.4,0.0,2027000,1277.1
2026-01-03,Firozpur,Dengue,20,2,86,23.26,33.3,62.8,0.0,2027000,742.6
2026-01-04,Firozpur,Dengue,27,5,111,24.32,31.5,61.6,1.5,2027000,1394.3
2026-01-05,Firozpur,Dengue,20,2,46,43.48,34.7,63.7,0.6,2027000,953.0
2026-01-06,Firozpur,Dengue,24,5,100,24.0,33.3,69.0,5.0,2027000,811.9
2026-01-07,Firozpur,Dengue,25,4,109,22.94,29.4,66.4,6.6,2027000,1769.4
2026-01-08,Firozpur,Dengue,28,5,136,20.59,32.4,69.4,3.5,2027000,711.0
2026-01-09,Firozpur,Dengue,23,5,56,41.07,31.9,66.4,0.2,2027000,962.7
2026-01-10,Firozpur,Dengue,27,2,113,23.89,32.2,77.8,2.8,2027000,956.3
2026-01-11,Firozpur,Dengue,26,4,73,35.62,33.8,71.3,0.0,2027000,1526.3
2026-01-12,Firozpur,Dengue,23,2,70,32.86,37.3,71.3,1.5,2027000,1302.9
2026-01-13,Firozpur,Dengue,20,4,59,33.9,34.5,63.3,0.0,2027000,682.7
2026-01-14,Firozpur,Dengue,24,3,103,23.3,35.1,70.5,3.2,2027000,1206.6
2026-01-15,Firozpur,Dengue,28,6,124,22.58,33.2,72.9,0.0,2027000,2078.8
2026-01-16,Firozpur,Dengue,22,3,51,43.14,35.2,66.3,0.0,2027000,1003.5
2026-01-17,Firozpur,Dengue,24,4,64,37.5,35.7,70.7,0.6,2027000,2188.6
2026-01-18,Firozpur,Dengue,25,3,77,32.47,36.3,67.8,0.0,2027000,1176.1
2026-01-19,Firozpur,Dengue,23,4,107,21.5,35.9,70.7,0.0,2027000,1033.1
2026-01-20,Firozpur,Dengue,24,4,97,24.74,34.9,80.6,0.0,2027000,956.9
2026-01-21,Firozpur,Dengue,24,3,50,48.0,35.1,72.9,3.9,2027000,836.4
2026-01-22,Firozpur,Dengue,26,3,74,35.14,34.3,75.4,5.4,2027000,1189.3
2026-01-23,Firozpur,Dengue,25,3,56,44.64,38.7,83.9,5.4,2027000,1731.2
2026-01-24,Firozpur,Dengue,24,2,86,27.91,33.1,76.7,3.7,2027000,1059.4
2026-01-25,Firozpur,Dengue,41,8,192,21.35,34.4,79.8,5.1,2027000,1356.2
2026-01-26,Firozpur,Dengue,30,6,74,40.54,36.9,84.8,7.0,2027000,717.8
2026-01-27,Firozpur,Dengue,55,12,187,29.41,37.2,76.4,5.1,2027000,1157.6
2026-01-28,Firozpur,Dengue,41,8,95,43.16,35.0,78.2,3.3,2027000,891.4
2026-01-29,Firozpur,Dengue,54,5,142,38.03,31.6,80.4,3.0,2027000,1726.5
2026-01-30,Firozpur,Dengue,65,12,197,32.99,35.3,69.9,2.6,2027000,1027.1
2026-01-31,Firozpur,Dengue,101,19,450,22.44,36.5,79.7,4.6,2027000,1004.7
2026-02-01,Firozpur,Dengue,87,16,340,25.59,35.1,76.1,2.5,2027000,916.0
2026-02-02,Firozpur,Dengue,87,10,388,22.42,33.5,77.4,0.0,2027000,808.8
2026-02-03,Firozpur,Dengue,75,15,347,21.61,38.3,63.3,7.3,2027000,963.8
2026-02-04,Firozpur,Dengue,92,11,229,40.17,35.6,74.6,6.6,2027000,2213.2
2026-02-05,Firozpur,Dengue,108,26,539,20.04,36.7,68.7,0.0,2027000,951.2
2026-02-06,Firozpur,Dengue,154,36,513,30.02,36.7,75.1,4.6,2027000,1488.2
2026-02-07,Firozpur,Dengue,146,28,544,26.84,37.0,75.7,2.9,2027000,2426.8
2026-02-08,Firozpur,Dengue,125,21,364,34.34,33.9,77.7,0.8,2027000,809.9
2026-02-09,Firozpur,Dengue,140,17,327,42.81,38.5,62.6,2.6,2027000,1376.3
2026-02-10,Firozpur,Dengue,93,10,232,40.09,36.5,75.0,2.0,2027000,724.3
2026-02-11,Firozpur,Dengue,85,19,337,25.22,37.8,79.0,0.0,2027000,884.2
2026-02-12,Firozpur,Dengue,119,13,411,28.95,36.2,88.8,5.9,2027000,1071.8
2026-02-13,Firozpur,Dengue,102,12,427,23.89,34.4,81.8,0.0,2027000,1621.5
2026-02-14,Firozpur,Dengue,103,14,458,22.49,34.7,74.7,5.0,2027000,1999.8
2026-02-15,Firozpur,Dengue,84,18,222,37.84,36.9,86.6,3.3,2027000,1013.7
2026-02-16,Firozpur,Dengue,57,7,259,22.01,31.2,80.2,0.0,2027000,1320.9
2026-02-17,Firozpur,Dengue,68,16,331,20.54,35.1,71.6,4.7,2027000,727.8
2026-02-18,Firozpur,Dengue,37,4,103,35.92,37.8,80.7,5.1,2027000,1337.3
2026-02-19,Firozpur,Dengue,39,6,146,26.71,32.7,76.9,3.8,2027000,1869.1
2026-02-20,Firozpur,Dengue,27,5,85,31.76,34.5,82.1,9.2,2027000,1818.1
2026-02-21,Firozpur,Dengue,22,5,46,47.83,33.3,83.4,9.6,2027000,1044.0
2026-02-22,Firozpur,Dengue,27,5,56,48.21,35.1,74.7,1.7,2027000,762.2
2026-02-23,Firozpur,Dengue,22,5,48,45.83,36.0,75.2,3.4,2027000,1398.1
2026-02-24,Firozpur,Dengue,27,5,86,31.4,34.2,86.9,7.0,2027000,1160.0
2026-02-25,Firozpur,Dengue,22,3,91,24.18,32.5,80.5,0.9,2027000,1262.4
2026-02-26,Firozpur,Dengue,25,5,117,21.37,32.6,76.5,4.2,2027000,771.4
2026-02-27,Firozpur,Dengue,31,4,151,20.53,32.6,76.0,5.8,2027000,1169.5
2026-02-28,Firozpur,Dengue,30,7,81,37.04,34.3,77.1,3.3,2027000,883.7
2026-03-01,Firozpur,Dengue,22,3,68,32.35,34.3,79.4,3.3,2027000,1184.2
2026-03-02,Firozpur,Dengue,20,3,49,40.82,31.8,82.1,6.0,2027000,800.6
2026-03-03,Firozpur,Dengue,27,6,132,20.45,34.1,83.7,7.6,2027000,716.2
2026-03-04,Firozpur,Dengue,28,3,65,43.08,33.5,86.3,7.6,2027000,861.9
2026-03-05,Firozpur,Dengue,23,3,101,22.77,36.2,82.9,2.6,2027000,2351.2
2026-03-06,Firozpur,Dengue,29,4,140,20.71,35.0,78.8,3.8,2027000,1669.3
2026-03-07,Firozpur,Dengue,22,5,98,22.45,28.8,76.3,11.2,2027000,941.0
2026-03-08,Firozpur,Dengue,26,4,71,36.62,33.4,83.7,1.1,2027000,1237.9
2026-03-09,Firozpur,Dengue,29,3,58,50.0,31.4,80.6,10.1,2027000,2051.6
2026-03-10,Firozpur,Dengue,21,3,82,25.61,31.7,87.6,8.8,2027000,718.2
2026-03-11,Firozpur,Dengue,33,6,148,22.3,38.1,80.6,6.0,2027000,786.5
2026-03-12,Firozpur,Dengue,21,3,98,21.43,33.8,73.1,0.0,2027000,867.5
2026-03-13,Firozpur,Dengue,23,3,76,30.26,31.3,72.4,0.0,2027000,2079.1
2026-03-14,Firozpur,Dengue,28,5,124,22.58,33.8,81.4,4.1,2027000,1358.0
2026-03-15,Firozpur,Dengue,23,4,89,25.84,31.3,89.9,7.5,2027000,1770.2
2026-03-16,Firozpur,Dengue,27,3,67,40.3,35.0,77.7,3.0,2027000,1520.8
2026-03-17,Firozpur,Dengue,24,4,56,42.86,33.6,77.2,9.1,2027000,1166.1
2026-03-18,Firozpur,Dengue,28,5,63,44.44,34.3,77.8,2.6,2027000,1016.3
2026-03-19,Firozpur,Dengue,17,1,84,20.24,33.1,72.6,8.4,2027000,993.8
2026-03-20,Firozpur,Dengue,21,2,69,30.43,33.3,75.4,3.0,2027000,1050.8
2026-03-21,Firozpur,Dengue,27,5,131,20.61,28.8,73.8,1.2,2027000,1102.9
2026-03-22,Firozpur,Dengue,24,4,84,28.57,35.9,80.0,1.3,2027000,700.6
2026-03-23,Firozpur,Dengue,29,3,86,33.72,32.5,75.0,9.3,2027000,1471.4
2026-03-24,Firozpur,Dengue,22,3,61,36.07,34.5,83.8,6.5,2027000,1388.9
2026-03-25,Firozpur,Dengue,24,3,70,34.29,33.4,71.8,7.0,2027000,2489.4
2026-03-26,Firozpur,Dengue,14,2,36,38.89,29.9,75.0,4.5,2027000,1001.4
2026-03-27,Firozpur,Dengue,21,2,89,23.6,30.0,83.1,1.4,2027000,1526.2
2026-03-28,Firozpur,Dengue,31,6,140,22.14,29.0,75.5,3.8,2027000,938.2
2026-03-29,Firozpur,Dengue,26,2,117,22.22,31.8,83.9,6.4,2027000,1314.5
2026-03-30,Firozpur,Dengue,29,6,82,35.37,31.0,78.6,4.3,2027000,1071.7
2026-03-31,Firozpur,Dengue,30,7,94,31.91,34.0,76.6,0.0,2027000,1079.3
2026-04-01,Firozpur,Dengue,24,4,94,25.53,29.9,78.9,0.0,2027000,857.1
2026-04-02,Firozpur,Dengue,16,1,58,27.59,29.3,77.2,10.3,2027000,1207.7
2026-04-03,Firozpur,Dengue,23,5,88,26.14,27.0,77.2,8.1,2027000,930.5
2026-04-04,Firozpur,Dengue,23,4,75,30.67,30.6,82.9,8.4,2027000,1377.4
2026-04-05,Firozpur,Dengue,30,5,136,22.06,28.5,78.2,3.8,2027000,1279.7
2026-04-06,Firozpur,Dengue,19,3,52,36.54,36.4,77.0,2.1,2027000,752.2
2026-04-07,Firozpur,Dengue,20,2,84,23.81,28.1,78.8,6.7,2027000,1200.2
2026-04-08,Firozpur,Dengue,25,3,60,41.67,26.8,76.7,0.0,2027000,675.8
2026-04-09,Firozpur,Dengue,17,3,69,24.64,32.2,74.5,8.5,2027000,2129.3
2026-04-10,Firozpur,Dengue,20,2,69,28.99,30.4,75.9,12.2,2027000,1159.7
2026-04-11,Firozpur,Dengue,26,4,81,32.1,27.5,81.6,7.5,2027000,1384.2
2026-04-12,Firozpur,Dengue,20,4,58,34.48,34.4,82.3,0.0,2027000,889.5
2026-04-13,Firozpur,Dengue,19,4,65,29.23,29.9,80.2,0.7,2027000,962.8
2026-04-14,Firozpur,Dengue,20,3,95,21.05,30.9,88.2,5.0,2027000,2126.4
2026-04-15,Firozpur,Dengue,25,5,71,35.21,30.3,82.1,2.2,2027000,886.5
2026-04-16,Firozpur,Dengue,26,3,54,48.15,30.2,79.2,0.0,2027000,2233.4
2026-04-17,Firozpur,Dengue,21,3,79,26.58,27.1,74.9,4.5,2027000,870.9
2026-04-18,Firozpur,Dengue,25,5,99,25.25,32.8,74.6,3.9,2027000,921.2
2026-04-19,Firozpur,Dengue,26,5,71,36.62,31.7,78.2,3.7,2027000,822.9
2026-04-20,Firozpur,Dengue,21,4,93,22.58,28.9,77.4,1.6,2027000,867.9
2026-04-21,Firozpur,Dengue,18,2,48,37.5,28.4,80.7,3.9,2027000,1065.6
2026-04-22,Firozpur,Dengue,22,2,72,30.56,29.4,73.4,4.5,2027000,1647.4
2026-04-23,Firozpur,Dengue,21,3,55,38.18,27.9,71.0,5.3,2027000,835.0
2026-04-24,Firozpur,Dengue,22,3,103,21.36,27.5,68.1,2.5,2027000,743.2
2026-04-25,Firozpur,Dengue,22,2,55,40.0,25.4,70.2,2.2,2027000,1612.5
2026-04-26,Firozpur,Dengue,21,4,73,28.77,28.4,67.4,8.2,2027000,1373.0
2026-04-27,Firozpur,Dengue,21,2,46,45.65,25.7,75.0,7.5,2027000,1310.4
2026-04-28,Firozpur,Dengue,20,4,70,28.57,30.5,72.2,2.2,2027000,1244.1
2026-04-29,Firozpur,Dengue,16,3,71,22.54,23.6,73.3,2.5,2027000,1658.0
2026-04-30,Firozpur,Dengue,19,3,81,23.46,25.5,77.6,3.0,2027000,986.1
2026-05-01,Firozpur,Dengue,23,2,111,20.72,25.7,72.2,10.2,2027000,2024.2
2026-05-02,Firozpur,Dengue,23,4,84,27.38,26.8,81.7,3.9,2027000,743.9
2026-05-03,Firozpur,Dengue,23,3,57,40.35,24.8,76.1,5.7,2027000,1805.2
2026-05-04,Firozpur,Dengue,16,1,57,28.07,27.3,70.0,8.5,2027000,1304.1
2026-05-05,Firozpur,Dengue,23,4,73,31.51,26.6,68.8,2.8,2027000,2257.6
2026-05-06,Firozpur,Dengue,20,3,62,32.26,29.2,62.3,5.1,2027000,838.6
2025-11-08,Firozpur,Influenza,27,5,84,32.14,27.7,44.5,0.0,2027000,971.9
2025-11-09,Firozpur,Influenza,19,4,64,29.69,23.3,49.1,0.0,2027000,1336.8
2025-11-10,Firozpur,Influenza,24,4,72,33.33,27.4,42.3,0.0,2027000,978.5
2025-11-11,Firozpur,Influenza,18,3,73,24.66,25.3,51.7,0.0,2027000,1289.5
2025-11-12,Firozpur,Influenza,31,3,140,22.14,24.1,60.6,0.6,2027000,748.6
2025-11-13,Firozpur,Influenza,17,1,72,23.61,25.1,45.0,3.0,2027000,751.8
2025-11-14,Firozpur,Influenza,21,3,73,28.77,26.3,57.8,0.0,2027000,907.3
2025-11-15,Firozpur,Influenza,27,3,122,22.13,25.1,52.3,0.0,2027000,683.2
2025-11-16,Firozpur,Influenza,28,3,101,27.72,22.1,52.6,0.0,2027000,1315.9
2025-11-17,Firozpur,Influenza,21,4,76,27.63,26.5,55.6,0.0,2027000,775.7
2025-11-18,Firozpur,Influenza,19,4,63,30.16,25.5,51.6,0.0,2027000,1653.4
2025-11-19,Firozpur,Influenza,24,5,105,22.86,24.6,56.2,0.0,2027000,1018.2
2025-11-20,Firozpur,Influenza,25,5,102,24.51,27.2,48.2,0.0,2027000,1211.7
2025-11-21,Firozpur,Influenza,25,4,123,20.33,25.5,57.8,0.0,2027000,913.0
2025-11-22,Firozpur,Influenza,24,3,48,50.0,29.1,52.3,0.0,2027000,1646.0
2025-11-23,Firozpur,Influenza,19,3,77,24.68,28.1,52.6,0.0,2027000,770.2
2025-11-24,Firozpur,Influenza,17,3,80,21.25,28.4,54.8,0.0,2027000,690.1
2025-11-25,Firozpur,Influenza,19,2,41,46.34,27.9,62.1,0.0,2027000,718.1
2025-11-26,Firozpur,Influenza,33,5,156,21.15,31.5,39.8,0.0,2027000,780.7
2025-11-27,Firozpur,Influenza,32,6,133,24.06,26.8,51.5,0.0,2027000,859.3
2025-11-28,Firozpur,Influenza,23,3,108,21.3,29.0,58.8,0.0,2027000,775.6
2025-11-29,Firozpur,Influenza,25,3,82,30.49,29.4,56.9,0.0,2027000,964.2
2025-11-30,Firozpur,Influenza,25,3,83,30.12,28.8,51.2,0.7,2027000,1224.8
2025-12-01,Firozpur,Influenza,33,6,97,34.02,31.0,59.7,0.0,2027000,1814.7
2025-12-02,Firozpur,Influenza,24,5,76,31.58,27.8,48.5,2.0,2027000,2047.1
2025-12-03,Firozpur,Influenza,27,5,119,22.69,28.9,55.9,0.0,2027000,754.2
2025-12-04,Firozpur,Influenza,25,3,84,29.76,28.4,59.8,0.0,2027000,1320.4
2025-12-05,Firozpur,Influenza,25,3,96,26.04,28.2,53.7,0.0,2027000,705.5
2025-12-06,Firozpur,Influenza,22,4,108,20.37,29.9,62.0,0.0,2027000,2088.2
2025-12-07,Firozpur,Influenza,19,2,75,25.33,29.1,61.0,0.0,2027000,1180.0
2025-12-08,Firozpur,Influenza,26,3,109,23.85,30.3,52.5,0.0,2027000,1386.4
2025-12-09,Firozpur,Influenza,18,1,81,22.22,27.1,54.2,0.0,2027000,739.8
2025-12-10,Firozpur,Influenza,36,7,123,29.27,27.1,65.2,0.0,2027000,810.7
2025-12-11,Firozpur,Influenza,32,4,71,45.07,30.1,59.2,4.0,2027000,2395.5
2025-12-12,Firozpur,Influenza,35,5,158,22.15,27.0,56.9,0.0,2027000,935.2
2025-12-13,Firozpur,Influenza,28,4,59,47.46,28.2,69.4,0.0,2027000,1923.2
2025-12-14,Firozpur,Influenza,31,3,127,24.41,30.6,58.0,0.0,2027000,1613.4
2025-12-15,Firozpur,Influenza,29,4,120,24.17,32.9,54.9,0.0,2027000,1022.4
2025-12-16,Firozpur,Influenza,24,4,95,25.26,32.2,66.0,0.0,2027000,1623.7
2025-12-17,Firozpur,Influenza,28,6,58,48.28,34.9,56.0,0.0,2027000,689.3
2025-12-18,Firozpur,Influenza,25,3,69,36.23,29.1,57.7,3.8,2027000,695.3
2025-12-19,Firozpur,Influenza,28,5,86,32.56,30.9,65.6,0.0,2027000,1269.0
2025-12-20,Firozpur,Influenza,26,5,81,32.1,29.0,67.7,0.6,2027000,1551.4
2025-12-21,Firozpur,Influenza,32,5,133,24.06,33.9,67.2,0.0,2027000,1708.1
2025-12-22,Firozpur,Influenza,22,5,48,45.83,34.9,73.4,0.0,2027000,977.7
2025-12-23,Firozpur,Influenza,30,6,132,22.73,34.4,59.0,2.9,2027000,1334.6
2025-12-24,Firozpur,Influenza,30,5,122,24.59,31.0,70.3,0.0,2027000,1167.1
2025-12-25,Firozpur,Influenza,25,5,74,33.78,34.9,74.0,2.3,2027000,880.9
2025-12-26,Firozpur,Influenza,28,5,87,32.18,29.6,72.3,0.0,2027000,2453.9
2025-12-27,Firozpur,Influenza,33,6,159,20.75,32.1,65.1,0.0,2027000,1804.3
2025-12-28,Firozpur,Influenza,21,4,63,33.33,31.9,71.7,2.6,2027000,819.0
2025-12-29,Firozpur,Influenza,37,8,178,20.79,32.8,66.2,1.9,2027000,1305.6
2025-12-30,Firozpur,Influenza,33,5,147,22.45,35.7,66.3,0.0,2027000,1244.2
2025-12-31,Firozpur,Influenza,30,5,100,30.0,30.8,66.4,0.0,2027000,828.7
2026-01-01,Firozpur,Influenza,35,6,168,20.83,31.4,65.3,0.0,2027000,1086.9
2026-01-02,Firozpur,Influenza,28,3,85,32.94,32.6,62.6,4.3,2027000,2227.3
2026-01-03,Firozpur,Influenza,19,4,53,35.85,35.3,73.0,5.5,2027000,949.3
2026-01-04,Firozpur,Influenza,26,4,57,45.61,33.5,70.3,0.0,2027000,885.8
2026-01-05,Firozpur,Influenza,28,3,56,50.0,35.1,71.0,5.7,2027000,1719.3
2026-01-06,Firozpur,Influenza,26,3,68,38.24,33.3,66.2,6.4,2027000,792.9
2026-01-07,Firozpur,Influenza,33,4,90,36.67,32.7,70.2,1.1,2027000,1004.6
2026-01-08,Firozpur,Influenza,19,3,69,27.54,36.4,71.5,2.3,2027000,2110.6
2026-01-09,Firozpur,Influenza,30,4,103,29.13,30.3,65.6,0.1,2027000,718.2
2026-01-10,Firozpur,Influenza,22,5,79,27.85,30.8,78.4,0.0,2027000,1158.4
2026-01-11,Firozpur,Influenza,29,3,58,50.0,33.0,64.9,0.0,2027000,1581.6
2026-01-12,Firozpur,Influenza,24,2,90,26.67,34.7,69.7,2.0,2027000,1152.8
2026-01-13,Firozpur,Influenza,24,5,99,24.24,36.2,70.2,1.5,2027000,684.0
2026-01-14,Firozpur,Influenza,24,2,105,22.86,37.3,70.9,2.3,2027000,988.5
2026-01-15,Firozpur,Influenza,26,5,74,35.14,35.4,63.4,0.0,2027000,2290.7
2026-01-16,Firozpur,Influenza,28,6,103,27.18,34.6,78.7,3.0,2027000,741.0
2026-01-17,Firozpur,Influenza,34,8,102,33.33,35.0,73.1,1.3,2027000,865.5
2026-01-18,Firozpur,Influenza,29,6,124,23.39,35.3,70.2,3.6,2027000,1903.2
2026-01-19,Firozpur,Influenza,25,5,112,22.32,35.4,71.5,0.0,2027000,2204.9
2026-01-20,Firozpur,Influenza,30,5,105,28.57,36.2,72.9,0.0,2027000,752.8
2026-01-21,Firozpur,Influenza,29,3,139,20.86,34.6,76.7,6.5,2027000,2525.4
2026-01-22,Firozpur,Influenza,23,5,94,24.47,32.5,65.7,0.0,2027000,2010.4
2026-01-23,Firozpur,Influenza,35,8,83,42.17,34.7,70.8,4.0,2027000,950.5
2026-01-24,Firozpur,Influenza,20,3,91,21.98,34.2,72.6,3.2,2027000,701.1
2026-01-25,Firozpur,Influenza,24,4,76,31.58,35.1,72.6,0.0,2027000,1539.9
2026-01-26,Firozpur,Influenza,32,6,144,22.22,37.6,78.9,1.2,2027000,771.0
2026-01-27,Firozpur,Influenza,28,6,124,22.58,34.6,73.7,1.8,2027000,784.2
2026-01-28,Firozpur,Influenza,25,3,59,42.37,34.0,74.7,3.3,2027000,1284.5
2026-01-29,Firozpur,Influenza,29,4,143,20.28,34.3,72.3,3.8,2027000,752.0
2026-01-30,Firozpur,Influenza,32,4,117,27.35,34.4,72.4,2.0,2027000,853.6
2026-01-31,Firozpur,Influenza,28,5,83,33.73,33.0,70.9,8.1,2027000,1342.8
2026-02-01,Firozpur,Influenza,36,5,104,34.62,40.9,71.6,5.7,2027000,1372.0
2026-02-02,Firozpur,Influenza,27,6,64,42.19,33.2,86.1,8.3,2027000,1135.7
2026-02-03,Firozpur,Influenza,30,6,137,21.9,37.4,77.3,4.2,2027000,2515.0
2026-02-04,Firozpur,Influenza,26,2,96,27.08,38.0,77.2,4.0,2027000,758.3
2026-02-05,Firozpur,Influenza,31,5,106,29.25,38.2,74.7,8.8,2027000,764.5
2026-02-06,Firozpur,Influenza,41,10,89,46.07,35.3,73.0,2.9,2027000,1172.8
2026-02-07,Firozpur,Influenza,53,7,215,24.65,34.0,83.3,0.0,2027000,772.8
2026-02-08,Firozpur,Influenza,62,15,139,44.6,37.0,79.7,6.3,2027000,1092.6
2026-02-09,Firozpur,Influenza,65,10,193,33.68,34.7,70.9,9.8,2027000,2264.9
2026-02-10,Firozpur,Influenza,67,13,202,33.17,30.6,71.1,4.2,2027000,793.9
2026-02-11,Firozpur,Influenza,76,12,339,22.42,29.6,86.9,2.2,2027000,859.9
2026-02-12,Firozpur,Influenza,64,6,167,38.32,34.5,81.2,1.8,2027000,1602.1
2026-02-13,Firozpur,Influenza,104,12,494,21.05,34.8,74.8,5.7,2027000,779.4
2026-02-14,Firozpur,Influenza,112,25,406,27.59,35.2,77.9,2.5,2027000,781.1
2026-02-15,Firozpur,Influenza,142,30,637,22.29,32.0,86.4,8.1,2027000,897.3
2026-02-16,Firozpur,Influenza,102,16,498,20.48,34.4,81.7,0.0,2027000,2107.6
2026-02-17,Firozpur,Influenza,118,13,369,31.98,32.4,78.8,0.0,2027000,785.7
2026-02-18,Firozpur,Influenza,174,29,445,39.1,34.6,77.6,1.4,2027000,853.8
2026-02-19,Firozpur,Influenza,196,47,846,23.17,35.5,77.4,10.1,2027000,832.5
2026-02-20,Firozpur,Influenza,171,20,510,33.53,32.9,83.0,4.3,2027000,1092.2
2026-02-21,Firozpur,Influenza,153,35,488,31.35,39.9,78.4,9.9,2027000,742.8
2026-02-22,Firozpur,Influenza,149,36,468,31.84,33.9,77.9,1.4,2027000,907.6
2026-02-23,Firozpur,Influenza,128,21,622,20.58,33.6,88.5,2.6,2027000,988.3
2026-02-24,Firozpur,Influenza,138,30,450,30.67,34.7,81.7,2.7,2027000,1988.4
2026-02-25,Firozpur,Influenza,165,29,699,23.61,34.1,78.0,7.4,2027000,912.9
2026-02-26,Firozpur,Influenza,167,23,463,36.07,31.5,80.3,2.7,2027000,2005.9
2026-02-27,Firozpur,Influenza,174,30,503,34.59,30.3,79.6,0.0,2027000,781.6
2026-02-28,Firozpur,Influenza,162,17,762,21.26,31.5,80.6,6.6,2027000,1355.0
2026-03-01,Firozpur,Influenza,129,24,372,34.68,32.5,84.6,5.4,2027000,1120.9
2026-03-02,Firozpur,Influenza,110,26,324,33.95,33.1,89.4,5.2,2027000,1530.9
2026-03-03,Firozpur,Influenza,97,12,342,28.36,34.0,82.2,0.0,2027000,847.8
2026-03-04,Firozpur,Influenza,85,11,246,34.55,33.1,80.2,0.0,2027000,914.0
2026-03-05,Firozpur,Influenza,62,7,296,20.95,32.6,85.7,2.3,2027000,861.8
2026-03-06,Firozpur,Influenza,95,20,199,47.74,31.9,79.1,4.0,2027000,1445.8
2026-03-07,Firozpur,Influenza,65,9,274,23.72,33.4,91.8,1.4,2027000,1683.3
2026-03-08,Firozpur,Influenza,70,9,223,31.39,30.8,89.2,2.1,2027000,1737.7
2026-03-09,Firozpur,Influenza,58,6,196,29.59,29.0,74.5,4.4,2027000,741.8
2026-03-10,Firozpur,Influenza,50,8,219,22.83,32.2,82.0,5.7,2027000,1212.9
2026-03-11,Firozpur,Influenza,52,9,185,28.11,32.2,87.4,3.5,2027000,910.0
2026-03-12,Firozpur,Influenza,28,5,84,33.33,35.5,73.1,5.0,2027000,1333.2
2026-03-13,Firozpur,Influenza,30,7,139,21.58,31.7,82.9,5.2,2027000,1009.0
2026-03-14,Firozpur,Influenza,25,4,115,21.74,32.4,77.3,2.7,2027000,2382.3
2026-03-15,Firozpur,Influenza,31,4,96,32.29,34.2,72.7,3.3,2027000,1401.7
2026-03-16,Firozpur,Influenza,32,4,85,37.65,35.1,86.4,4.9,2027000,965.9
2026-03-17,Firozpur,Influenza,29,3,127,22.83,33.1,84.0,4.4,2027000,741.2
2026-03-18,Firozpur,Influenza,26,4,90,28.89,31.0,79.2,0.1,2027000,1121.2
2026-03-19,Firozpur,Influenza,23,3,50,46.0,35.8,84.8,0.0,2027000,1344.5
2026-03-20,Firozpur,Influenza,35,6,102,34.31,31.4,75.1,4.2,2027000,2510.9
2026-03-21,Firozpur,Influenza,30,7,91,32.97,30.3,71.0,6.7,2027000,697.5
2026-03-22,Firozpur,Influenza,25,4,68,36.76,29.0,85.6,4.9,2027000,706.8
2026-03-23,Firozpur,Influenza,35,5,157,22.29,30.0,81.4,4.8,2027000,1836.1
2026-03-24,Firozpur,Influenza,29,4,88,32.95,35.2,79.1,6.9,2027000,1346.0
2026-03-25,Firozpur,Influenza,26,5,125,20.8,33.9,72.2,2.9,2027000,1057.1
2026-03-26,Firozpur,Influenza,24,3,75,32.0,34.1,78.5,10.2,2027000,1670.8
2026-03-27,Firozpur,Influenza,38,4,78,48.72,34.3,90.3,1.4,2027000,2247.0
2026-03-28,Firozpur,Influenza,20,3,62,32.26,31.8,82.4,0.3,2027000,794.2
2026-03-29,Firozpur,Influenza,28,5,86,32.56,30.1,72.1,4.7,2027000,1103.6
2026-03-30,Firozpur,Influenza,27,5,118,22.88,31.6,74.8,11.5,2027000,1797.0
2026-03-31,Firozpur,Influenza,40,7,100,40.0,32.2,78.5,7.8,2027000,1491.7
2026-04-01,Firozpur,Influenza,20,3,40,50.0,31.0,79.1,5.1,2027000,1123.0
2026-04-02,Firozpur,Influenza,29,6,73,39.73,33.0,77.0,6.3,2027000,1307.9
2026-04-03,Firozpur,Influenza,29,7,124,23.39,31.9,79.3,1.7,2027000,853.0
2026-04-04,Firozpur,Influenza,32,7,117,27.35,32.2,84.0,3.8,2027000,925.5
2026-04-05,Firozpur,Influenza,29,5,111,26.13,31.5,86.5,3.5,2027000,2103.9
2026-04-06,Firozpur,Influenza,22,2,102,21.57,29.1,85.0,4.1,2027000,1123.1
2026-04-07,Firozpur,Influenza,29,3,63,46.03,29.5,74.6,7.7,2027000,719.4
2026-04-08,Firozpur,Influenza,22,4,78,28.21,28.1,74.6,4.8,2027000,2397.4
2026-04-09,Firozpur,Influenza,34,8,129,26.36,26.1,76.4,5.8,2027000,925.0
2026-04-10,Firozpur,Influenza,30,6,81,37.04,26.0,78.1,0.6,2027000,1259.9
2026-04-11,Firozpur,Influenza,30,4,140,21.43,33.4,82.8,8.7,2027000,2341.0
2026-04-12,Firozpur,Influenza,20,3,77,25.97,27.2,81.3,4.7,2027000,1000.3
2026-04-13,Firozpur,Influenza,26,2,114,22.81,31.0,72.6,2.8,2027000,1014.0
2026-04-14,Firozpur,Influenza,27,6,62,43.55,25.5,80.4,5.5,2027000,972.6
2026-04-15,Firozpur,Influenza,23,5,83,27.71,27.3,77.8,1.5,2027000,1357.1
2026-04-16,Firozpur,Influenza,30,5,123,24.39,31.4,82.3,3.7,2027000,1714.3
2026-04-17,Firozpur,Influenza,28,3,71,39.44,28.9,76.0,2.6,2027000,2017.6
2026-04-18,Firozpur,Influenza,18,1,53,33.96,29.2,72.4,3.4,2027000,866.0
2026-04-19,Firozpur,Influenza,30,5,80,37.5,28.3,67.5,3.3,2027000,977.5
2026-04-20,Firozpur,Influenza,18,2,51,35.29,26.6,78.3,7.4,2027000,1130.1
2026-04-21,Firozpur,Influenza,34,6,153,22.22,26.1,69.4,3.4,2027000,705.2
2026-04-22,Firozpur,Influenza,25,5,107,23.36,28.7,69.4,8.0,2027000,960.7
2026-04-23,Firozpur,Influenza,26,3,123,21.14,26.5,70.0,1.7,2027000,698.0
2026-04-24,Firozpur,Influenza,24,2,108,22.22,27.7,77.7,7.3,2027000,1395.6
2026-04-25,Firozpur,Influenza,25,3,99,25.25,24.7,79.4,8.9,2027000,730.1
2026-04-26,Firozpur,Influenza,16,2,45,35.56,30.5,74.2,0.0,2027000,2295.0
2026-04-27,Firozpur,Influenza,23,3,108,21.3,23.3,74.9,4.1,2027000,1047.0
2026-04-28,Firozpur,Influenza,25,3,123,20.33,25.7,73.5,10.9,2027000,720.5
2026-04-29,Firozpur,Influenza,23,2,101,22.77,25.7,77.8,4.4,2027000,894.3
2026-04-30,Firozpur,Influenza,19,4,64,29.69,29.7,73.2,3.8,2027000,1082.3
2026-05-01,Firozpur,Influenza,23,4,89,25.84,22.4,76.0,5.7,2027000,1028.0
2026-05-02,Firozpur,Influenza,28,5,62,45.16,29.6,66.9,2.6,2027000,1011.1
2026-05-03,Firozpur,Influenza,26,4,58,44.83,27.2,79.4,3.4,2027000,866.2
2026-05-04,Firozpur,Influenza,28,5,107,26.17,28.6,58.8,3.0,2027000,695.7
2026-05-05,Firozpur,Influenza,25,3,121,20.66,24.4,77.3,9.6,2027000,1589.3
2026-05-06,Firozpur,Influenza,24,2,50,48.0,23.0,69.7,3.5,2027000,1185.2
2025-11-08,Firozpur,Malaria,6,1,17,35.29,22.5,55.3,0.0,2027000,806.9
2025-11-09,Firozpur,Malaria,6,1,20,30.0,24.4,58.6,0.0,2027000,741.1
2025-11-10,Firozpur,Malaria,6,1,29,20.69,24.7,51.7,0.0,2027000,712.2
2025-11-11,Firozpur,Malaria,5,0,19,26.32,27.0,55.8,0.0,2027000,770.4
2025-11-12,Firozpur,Malaria,5,0,14,35.71,24.5,52.3,0.0,2027000,792.3
2025-11-13,Firozpur,Malaria,4,0,15,26.67,27.4,60.2,0.0,2027000,2443.7
2025-11-14,Firozpur,Malaria,6,1,26,23.08,28.6,56.5,0.0,2027000,2004.7
2025-11-15,Firozpur,Malaria,5,0,18,27.78,26.9,60.7,0.0,2027000,1429.4
2025-11-16,Firozpur,Malaria,3,0,8,37.5,25.8,50.4,0.0,2027000,753.3
2025-11-17,Firozpur,Malaria,5,0,24,20.83,26.7,57.3,4.2,2027000,830.9
2025-11-18,Firozpur,Malaria,7,1,30,23.33,25.1,48.7,0.0,2027000,1461.2
2025-11-19,Firozpur,Malaria,5,0,23,21.74,27.6,54.4,0.0,2027000,809.6
2025-11-20,Firozpur,Malaria,7,1,33,21.21,24.9,65.1,0.0,2027000,900.5
2025-11-21,Firozpur,Malaria,6,1,25,24.0,25.8,56.6,0.0,2027000,1818.2
2025-11-22,Firozpur,Malaria,6,1,17,35.29,26.2,55.4,0.0,2027000,1051.1
2025-11-23,Firozpur,Malaria,5,0,20,25.0,29.7,61.7,0.0,2027000,760.8
2025-11-24,Firozpur,Malaria,6,1,14,42.86,29.1,55.8,0.0,2027000,1807.3
2025-11-25,Firozpur,Malaria,8,1,32,25.0,28.1,59.6,0.0,2027000,841.8
2025-11-26,Firozpur,Malaria,8,1,30,26.67,26.3,59.0,0.0,2027000,1806.9
2025-11-27,Firozpur,Malaria,7,1,14,50.0,30.5,52.0,0.0,2027000,1325.1
2025-11-28,Firozpur,Malaria,7,1,32,21.88,28.6,56.8,0.0,2027000,1391.7
2025-11-29,Firozpur,Malaria,6,0,12,50.0,27.6,49.9,0.0,2027000,1007.0
2025-11-30,Firozpur,Malaria,5,0,19,26.32,29.3,66.4,0.0,2027000,774.2
2025-12-01,Firozpur,Malaria,6,0,29,20.69,25.6,53.7,0.0,2027000,754.4
2025-12-02,Firozpur,Malaria,5,1,13,38.46,31.6,60.1,0.0,2027000,1832.3
2025-12-03,Firozpur,Malaria,8,1,32,25.0,28.6,63.8,0.0,2027000,1174.6
2025-12-04,Firozpur,Malaria,6,0,15,40.0,30.4,57.2,0.0,2027000,1060.7
2025-12-05,Firozpur,Malaria,5,0,10,50.0,31.1,56.4,0.0,2027000,1466.5
2025-12-06,Firozpur,Malaria,4,0,19,21.05,30.7,60.1,1.1,2027000,837.9
2025-12-07,Firozpur,Malaria,5,0,16,31.25,34.3,57.2,0.4,2027000,974.0
2025-12-08,Firozpur,Malaria,8,1,20,40.0,29.6,61.3,0.4,2027000,1239.1
2025-12-09,Firozpur,Malaria,5,0,24,20.83,33.5,66.5,0.0,2027000,1009.1
2025-12-10,Firozpur,Malaria,5,0,21,23.81,33.2,62.9,0.0,2027000,920.2
2025-12-11,Firozpur,Malaria,8,1,28,28.57,29.6,54.9,6.8,2027000,888.8
2025-12-12,Firozpur,Malaria,7,1,34,20.59,25.6,53.3,0.0,2027000,2142.2
2025-12-13,Firozpur,Malaria,7,1,18,38.89,30.3,61.4,0.0,2027000,860.0
2025-12-14,Firozpur,Malaria,6,1,21,28.57,32.6,60.3,0.0,2027000,1137.5
2025-12-15,Firozpur,Malaria,5,0,17,29.41,33.0,60.1,0.0,2027000,715.7
2025-12-16,Firozpur,Malaria,9,1,40,22.5,34.2,62.0,3.8,2027000,2403.0
2025-12-17,Firozpur,Malaria,7,1,25,28.0,32.7,65.4,2.8,2027000,1601.7
2025-12-18,Firozpur,Malaria,7,1,29,24.14,33.4,57.7,0.0,2027000,2114.4
2025-12-19,Firozpur,Malaria,7,1,17,41.18,30.1,63.6,0.0,2027000,1580.4
2025-12-20,Firozpur,Malaria,6,0,27,22.22,30.6,58.2,0.0,2027000,774.5
2025-12-21,Firozpur,Malaria,5,1,17,29.41,31.5,71.0,0.0,2027000,932.6
2025-12-22,Firozpur,Malaria,8,0,27,29.63,32.9,66.0,1.8,2027000,930.5
2025-12-23,Firozpur,Malaria,8,0,28,28.57,31.1,64.0,0.0,2027000,1954.7
2025-12-24,Firozpur,Malaria,7,1,17,41.18,28.9,62.8,0.0,2027000,678.1
2025-12-25,Firozpur,Malaria,7,1,18,38.89,32.3,63.3,3.0,2027000,958.1
2025-12-26,Firozpur,Malaria,6,0,13,46.15,29.7,52.5,0.0,2027000,1099.7
2025-12-27,Firozpur,Malaria,5,0,10,50.0,32.8,73.2,0.0,2027000,681.7
2025-12-28,Firozpur,Malaria,7,1,23,30.43,37.1,63.9,0.0,2027000,1104.0
2025-12-29,Firozpur,Malaria,8,1,39,20.51,30.8,57.3,2.1,2027000,1220.7
2025-12-30,Firozpur,Malaria,6,1,15,40.0,32.6,56.8,0.7,2027000,750.5
2025-12-31,Firozpur,Malaria,7,1,34,20.59,32.1,68.2,0.0,2027000,1031.3
2026-01-01,Firozpur,Malaria,7,1,15,46.67,33.9,61.4,0.6,2027000,1096.8
2026-01-02,Firozpur,Malaria,5,0,13,38.46,34.8,68.7,5.5,2027000,1010.0
2026-01-03,Firozpur,Malaria,6,1,12,50.0,32.0,77.6,0.0,2027000,1051.3
2026-01-04,Firozpur,Malaria,8,1,36,22.22,37.3,67.8,0.0,2027000,1022.1
2026-01-05,Firozpur,Malaria,5,0,16,31.25,30.2,62.7,4.3,2027000,996.9
2026-01-06,Firozpur,Malaria,8,1,16,50.0,33.8,77.0,0.0,2027000,1530.3
2026-01-07,Firozpur,Malaria,7,1,20,35.0,34.3,76.2,4.5,2027000,2243.2
2026-01-08,Firozpur,Malaria,8,1,35,22.86,33.2,75.4,0.0,2027000,1089.4
2026-01-09,Firozpur,Malaria,7,1,21,33.33,34.3,80.7,3.1,2027000,1325.0
2026-01-10,Firozpur,Malaria,6,0,13,46.15,35.9,67.0,1.0,2027000,1185.3
2026-01-11,Firozpur,Malaria,7,0,26,26.92,33.3,75.5,2.2,2027000,724.7
2026-01-12,Firozpur,Malaria,9,1,31,29.03,31.5,68.4,0.1,2027000,914.8
2026-01-13,Firozpur,Malaria,9,1,43,20.93,33.9,70.1,0.0,2027000,2297.4
2026-01-14,Firozpur,Malaria,10,2,47,21.28,33.7,73.1,0.0,2027000,1545.7
2026-01-15,Firozpur,Malaria,9,2,27,33.33,31.6,63.0,0.0,2027000,686.8
2026-01-16,Firozpur,Malaria,8,1,39,20.51,31.0,71.0,3.1,2027000,1124.1
2026-01-17,Firozpur,Malaria,8,1,37,21.62,31.5,87.3,2.2,2027000,737.4
2026-01-18,Firozpur,Malaria,7,1,19,36.84,36.9,73.5,0.0,2027000,998.8
2026-01-19,Firozpur,Malaria,9,1,20,45.0,36.3,81.1,3.7,2027000,755.8
2026-01-20,Firozpur,Malaria,5,1,11,45.45,34.1,74.6,0.0,2027000,774.1
2026-01-21,Firozpur,Malaria,8,1,28,28.57,37.9,76.2,1.8,2027000,879.0
2026-01-22,Firozpur,Malaria,6,0,25,24.0,31.8,75.8,0.0,2027000,768.0
2026-01-23,Firozpur,Malaria,9,1,38,23.68,36.4,71.9,0.1,2027000,996.4
2026-01-24,Firozpur,Malaria,6,1,26,23.08,32.9,73.8,4.0,2027000,1895.0
2026-01-25,Firozpur,Malaria,6,1,17,35.29,36.0,79.0,5.2,2027000,747.5
2026-01-26,Firozpur,Malaria,6,0,18,33.33,34.9,70.8,3.9,2027000,1876.4
2026-01-27,Firozpur,Malaria,8,0,29,27.59,34.2,76.4,4.6,2027000,1070.7
2026-01-28,Firozpur,Malaria,8,1,28,28.57,36.1,76.1,5.7,2027000,1352.1
2026-01-29,Firozpur,Malaria,7,0,25,28.0,32.6,80.6,5.3,2027000,1084.3
2026-01-30,Firozpur,Malaria,7,1,24,29.17,37.6,67.4,1.9,2027000,1599.4
2026-01-31,Firozpur,Malaria,7,1,16,43.75,36.1,70.2,1.2,2027000,1107.8
2026-02-01,Firozpur,Malaria,13,1,30,43.33,33.2,78.3,3.8,2027000,1545.8
2026-02-02,Firozpur,Malaria,16,2,66,24.24,35.3,68.5,7.5,2027000,745.0
2026-02-03,Firozpur,Malaria,26,5,86,30.23,33.3,73.7,4.6,2027000,744.8
2026-02-04,Firozpur,Malaria,32,4,134,23.88,36.9,79.4,6.3,2027000,1152.9
2026-02-05,Firozpur,Malaria,42,6,165,25.45,37.6,74.9,9.2,2027000,858.3
2026-02-06,Firozpur,Malaria,54,12,242,22.31,37.5,69.4,4.6,2027000,851.9
2026-02-07,Firozpur,Malaria,66,14,319,20.69,36.5,80.4,1.2,2027000,1544.4
2026-02-08,Firozpur,Malaria,39,5,95,41.05,35.7,74.8,2.2,2027000,1600.1
2026-02-09,Firozpur,Malaria,60,13,237,25.32,34.5,72.5,1.7,2027000,897.7
2026-02-10,Firozpur,Malaria,67,7,168,39.88,33.8,80.7,0.0,2027000,698.0
2026-02-11,Firozpur,Malaria,91,10,384,23.7,33.7,90.1,4.9,2027000,710.9
2026-02-12,Firozpur,Malaria,96,23,273,35.16,38.6,84.9,4.1,2027000,762.0
2026-02-13,Firozpur,Malaria,78,8,371,21.02,31.8,84.9,1.2,2027000,820.4
2026-02-14,Firozpur,Malaria,77,12,165,46.67,35.2,75.9,4.1,2027000,772.3
2026-02-15,Firozpur,Malaria,101,20,206,49.03,37.8,80.5,1.0,2027000,1309.9
2026-02-16,Firozpur,Malaria,83,20,304,27.3,36.3,82.4,3.9,2027000,1066.3
2026-02-17,Firozpur,Malaria,84,9,199,42.21,36.1,75.6,2.1,2027000,1927.1
2026-02-18,Firozpur,Malaria,66,12,308,21.43,32.7,77.0,4.3,2027000,1196.7
2026-02-19,Firozpur,Malaria,64,7,278,23.02,34.7,75.4,9.0,2027000,841.0
2026-02-20,Firozpur,Malaria,30,6,131,22.9,35.3,71.5,2.8,2027000,1790.3
2026-02-21,Firozpur,Malaria,22,3,53,41.51,30.9,77.4,6.3,2027000,1898.4
2026-02-22,Firozpur,Malaria,23,3,60,38.33,34.5,77.2,4.2,2027000,676.4
2026-02-23,Firozpur,Malaria,22,4,82,26.83,37.1,72.5,4.7,2027000,871.7
2026-02-24,Firozpur,Malaria,20,4,55,36.36,32.6,70.1,0.0,2027000,794.0
2026-02-25,Firozpur,Malaria,8,1,34,23.53,33.7,77.0,1.3,2027000,1483.8
2026-02-26,Firozpur,Malaria,7,0,18,38.89,35.7,81.9,0.5,2027000,685.9
2026-02-27,Firozpur,Malaria,9,1,36,25.0,35.5,86.1,0.0,2027000,1169.2
2026-02-28,Firozpur,Malaria,6,1,23,26.09,35.6,77.4,4.3,2027000,937.8
2026-03-01,Firozpur,Malaria,6,1,22,27.27,35.9,81.6,8.1,2027000,727.4
2026-03-02,Firozpur,Malaria,9,1,33,27.27,32.4,89.1,3.9,2027000,1342.3
2026-03-03,Firozpur,Malaria,8,1,21,38.1,33.2,81.3,5.2,2027000,1226.0
2026-03-04,Firozpur,Malaria,8,1,24,33.33,30.8,78.8,3.4,2027000,1328.9
2026-03-05,Firozpur,Malaria,8,1,28,28.57,36.4,74.1,0.2,2027000,1132.3
2026-03-06,Firozpur,Malaria,7,0,31,22.58,36.1,80.0,0.0,2027000,964.1
2026-03-07,Firozpur,Malaria,7,1,29,24.14,32.0,85.6,6.6,2027000,827.8
2026-03-08,Firozpur,Malaria,7,1,27,25.93,35.3,88.4,5.7,2027000,1667.0
2026-03-09,Firozpur,Malaria,7,0,25,28.0,33.8,82.1,4.7,2027000,733.4
2026-03-10,Firozpur,Malaria,7,0,32,21.88,32.7,80.6,3.4,2027000,828.4
2026-03-11,Firozpur,Malaria,7,1,34,20.59,32.3,78.3,1.2,2027000,800.0
2026-03-12,Firozpur,Malaria,7,1,32,21.88,36.1,78.9,3.4,2027000,965.6
2026-03-13,Firozpur,Malaria,8,1,20,40.0,30.2,80.2,3.8,2027000,1595.5
2026-03-14,Firozpur,Malaria,7,1,34,20.59,33.3,81.7,5.8,2027000,1122.8
2026-03-15,Firozpur,Malaria,7,1,25,28.0,32.9,82.3,8.1,2027000,1179.0
2026-03-16,Firozpur,Malaria,8,1,22,36.36,32.4,88.5,7.7,2027000,985.3
2026-03-17,Firozpur,Malaria,8,1,29,27.59,30.6,78.2,2.9,2027000,1273.2
2026-03-18,Firozpur,Malaria,6,0,20,30.0,32.1,73.7,6.0,2027000,997.1
2026-03-19,Firozpur,Malaria,9,1,27,33.33,35.4,93.1,2.8,2027000,1706.2
2026-03-20,Firozpur,Malaria,6,1,16,37.5,32.6,79.1,10.3,2027000,1075.3
2026-03-21,Firozpur,Malaria,7,0,27,25.93,35.2,85.2,0.0,2027000,716.8
2026-03-22,Firozpur,Malaria,7,1,19,36.84,33.1,72.5,11.3,2027000,873.3
2026-03-23,Firozpur,Malaria,7,0,31,22.58,34.0,73.0,3.3,2027000,1899.8
2026-03-24,Firozpur,Malaria,6,1,29,20.69,29.7,74.5,5.2,2027000,708.9
2026-03-25,Firozpur,Malaria,5,0,14,35.71,34.0,78.1,7.8,2027000,974.4
2026-03-26,Firozpur,Malaria,5,0,22,22.73,31.9,75.9,0.3,2027000,739.7
2026-03-27,Firozpur,Malaria,6,1,17,35.29,31.3,83.6,3.6,2027000,1439.0
2026-03-28,Firozpur,Malaria,7,0,20,35.0,33.4,68.6,4.1,2027000,851.8
2026-03-29,Firozpur,Malaria,7,1,23,30.43,32.5,79.3,6.1,2027000,1072.4
2026-03-30,Firozpur,Malaria,7,0,16,43.75,31.0,82.2,5.0,2027000,1717.3
2026-03-31,Firozpur,Malaria,7,1,33,21.21,31.3,78.3,10.1,2027000,1917.0
2026-04-01,Firozpur,Malaria,8,1,37,21.62,31.6,71.8,8.6,2027000,1142.9
2026-04-02,Firozpur,Malaria,8,1,17,47.06,30.2,82.3,3.5,2027000,861.5
2026-04-03,Firozpur,Malaria,5,0,18,27.78,30.6,71.7,5.9,2027000,703.2
2026-04-04,Firozpur,Malaria,6,1,29,20.69,29.7,81.5,2.2,2027000,823.5
2026-04-05,Firozpur,Malaria,7,0,15,46.67,31.4,83.6,10.3,2027000,876.7
2026-04-06,Firozpur,Malaria,8,1,26,30.77,30.2,67.3,6.2,2027000,1415.2
2026-04-07,Firozpur,Malaria,5,0,18,27.78,29.3,75.8,2.2,2027000,820.5
2026-04-08,Firozpur,Malaria,6,0,29,20.69,31.4,73.8,7.4,2027000,774.1
2026-04-09,Firozpur,Malaria,5,0,17,29.41,27.9,68.0,3.8,2027000,892.7
2026-04-10,Firozpur,Malaria,6,0,21,28.57,27.3,74.0,3.6,2027000,1317.2
2026-04-11,Firozpur,Malaria,6,1,29,20.69,31.6,74.8,4.1,2027000,1520.6
2026-04-12,Firozpur,Malaria,4,0,15,26.67,30.1,79.0,3.5,2027000,725.5
2026-04-13,Firozpur,Malaria,7,1,18,38.89,24.3,74.7,1.5,2027000,952.6
2026-04-14,Firozpur,Malaria,6,1,27,22.22,30.0,76.3,3.9,2027000,994.6
2026-04-15,Firozpur,Malaria,7,0,22,31.82,27.3,76.2,4.7,2027000,1184.5
2026-04-16,Firozpur,Malaria,6,0,26,23.08,32.7,73.8,0.0,2027000,1968.9
2026-04-17,Firozpur,Malaria,5,0,22,22.73,27.7,73.3,8.9,2027000,1334.9
2026-04-18,Firozpur,Malaria,5,0,12,41.67,28.5,75.6,4.4,2027000,830.9
2026-04-19,Firozpur,Malaria,4,0,13,30.77,28.1,74.6,6.7,2027000,1166.8
2026-04-20,Firozpur,Malaria,6,1,22,27.27,29.4,71.3,5.4,2027000,1127.4
2026-04-21,Firozpur,Malaria,6,0,15,40.0,28.9,72.3,11.8,2027000,787.4
2026-04-22,Firozpur,Malaria,6,0,17,35.29,29.7,72.7,0.0,2027000,1838.8
2026-04-23,Firozpur,Malaria,6,1,27,22.22,28.9,78.0,9.9,2027000,732.9
2026-04-24,Firozpur,Malaria,6,1,28,21.43,26.4,71.8,3.1,2027000,1373.2
2026-04-25,Firozpur,Malaria,5,0,16,31.25,28.1,83.9,7.6,2027000,858.3
2026-04-26,Firozpur,Malaria,6,0,19,31.58,29.1,71.6,3.8,2027000,1190.9
2026-04-27,Firozpur,Malaria,7,0,28,25.0,25.5,73.4,3.6,2027000,908.5
2026-04-28,Firozpur,Malaria,5,0,10,50.0,27.7,72.4,8.0,2027000,839.6
2026-04-29,Firozpur,Malaria,7,0,22,31.82,24.1,66.7,1.8,2027000,775.9
2026-04-30,Firozpur,Malaria,5,0,16,31.25,26.9,67.2,9.2,2027000,1077.7
2026-05-01,Firozpur,Malaria,6,0,23,26.09,27.2,74.2,7.4,2027000,764.2
2026-05-02,Firozpur,Malaria,6,1,19,31.58,24.7,68.7,6.2,2027000,2396.3
2026-05-03,Firozpur,Malaria,4,0,8,50.0,22.1,75.5,4.6,2027000,846.0
2026-05-04,Firozpur,Malaria,6,0,20,30.0,27.4,78.7,3.3,2027000,2174.0
2026-05-05,Firozpur,Malaria,4,0,11,36.36,25.7,76.3,3.7,2027000,1135.2
2026-05-06,Firozpur,Malaria,6,0,26,23.08,20.2,67.2,8.8,2027000,1555.9
2025-11-08,Gurdaspur,COVID-19,18,2,82,21.95,22.7,51.0,0.0,2299000,1095.8
2025-11-09,Gurdaspur,COVID-19,30,6,131,22.9,26.2,44.5,0.0,2299000,1640.1
2025-11-10,Gurdaspur,COVID-19,21,2,92,22.83,25.5,43.8,0.0,2299000,833.1
2025-11-11,Gurdaspur,COVID-19,22,2,70,31.43,27.7,52.0,0.0,2299000,2361.4
2025-11-12,Gurdaspur,COVID-19,29,4,82,35.37,22.9,45.2,0.0,2299000,1075.5
2025-11-13,Gurdaspur,COVID-19,26,4,101,25.74,27.0,51.0,0.0,2299000,2750.4
2025-11-14,Gurdaspur,COVID-19,23,2,50,46.0,24.5,47.2,0.0,2299000,1016.5
2025-11-15,Gurdaspur,COVID-19,27,4,87,31.03,24.0,50.0,0.0,2299000,1441.7
2025-11-16,Gurdaspur,COVID-19,25,4,101,24.75,27.9,60.0,0.0,2299000,886.8
2025-11-17,Gurdaspur,COVID-19,31,4,76,40.79,24.4,48.4,0.0,2299000,1309.9
2025-11-18,Gurdaspur,COVID-19,20,4,56,35.71,26.0,61.8,0.0,2299000,800.4
2025-11-19,Gurdaspur,COVID-19,27,5,97,27.84,25.1,44.9,0.0,2299000,1931.1
2025-11-20,Gurdaspur,COVID-19,23,4,95,24.21,27.0,55.7,0.0,2299000,827.8
2025-11-21,Gurdaspur,COVID-19,27,4,77,35.06,26.5,46.7,0.0,2299000,846.4
2025-11-22,Gurdaspur,COVID-19,21,5,90,23.33,30.2,47.7,0.0,2299000,2422.7
2025-11-23,Gurdaspur,COVID-19,24,5,94,25.53,29.3,65.0,0.0,2299000,943.3
2025-11-24,Gurdaspur,COVID-19,22,2,65,33.85,26.9,65.4,0.0,2299000,1114.8
2025-11-25,Gurdaspur,COVID-19,32,3,80,40.0,28.6,63.0,1.2,2299000,957.4
2025-11-26,Gurdaspur,COVID-19,24,3,98,24.49,26.5,66.0,0.0,2299000,879.4
2025-11-27,Gurdaspur,COVID-19,25,3,100,25.0,23.1,56.7,0.0,2299000,1014.8
2025-11-28,Gurdaspur,COVID-19,24,5,101,23.76,29.3,56.1,1.6,2299000,1538.1
2025-11-29,Gurdaspur,COVID-19,29,4,93,31.18,30.1,54.9,0.0,2299000,2388.7
2025-11-30,Gurdaspur,COVID-19,29,2,122,23.77,24.7,62.7,0.0,2299000,2816.4
2025-12-01,Gurdaspur,COVID-19,28,4,84,33.33,26.2,58.5,0.0,2299000,1913.2
2025-12-02,Gurdaspur,COVID-19,29,5,110,26.36,27.5,58.9,0.0,2299000,2028.1
2025-12-03,Gurdaspur,COVID-19,21,3,58,36.21,30.1,59.0,0.0,2299000,1354.2
2025-12-04,Gurdaspur,COVID-19,24,4,56,42.86,30.3,57.9,0.0,2299000,1199.1
2025-12-05,Gurdaspur,COVID-19,26,5,86,30.23,30.2,59.7,0.0,2299000,1126.4
2025-12-06,Gurdaspur,COVID-19,26,3,101,25.74,26.9,57.9,1.5,2299000,1139.7
2025-12-07,Gurdaspur,COVID-19,19,4,50,38.0,30.1,61.1,0.1,2299000,1246.8
2025-12-08,Gurdaspur,COVID-19,29,5,141,20.57,29.1,52.9,0.0,2299000,1380.7
2025-12-09,Gurdaspur,COVID-19,27,5,75,36.0,32.3,62.3,0.0,2299000,865.5
2025-12-10,Gurdaspur,COVID-19,32,4,119,26.89,30.4,64.0,0.0,2299000,971.6
2025-12-11,Gurdaspur,COVID-19,27,3,111,24.32,30.4,65.7,1.5,2299000,1201.3
2025-12-12,Gurdaspur,COVID-19,29,5,93,31.18,32.2,67.1,0.5,2299000,1859.0
2025-12-13,Gurdaspur,COVID-19,29,5,114,25.44,32.4,59.9,1.5,2299000,772.3
2025-12-14,Gurdaspur,COVID-19,29,2,144,20.14,27.3,62.1,0.0,2299000,1150.6
2025-12-15,Gurdaspur,COVID-19,21,2,71,29.58,30.4,63.5,0.0,2299000,1999.3
2025-12-16,Gurdaspur,COVID-19,33,7,129,25.58,27.3,63.2,0.0,2299000,817.2
2025-12-17,Gurdaspur,COVID-19,28,3,137,20.44,33.0,63.4,2.1,2299000,1903.9
2025-12-18,Gurdaspur,COVID-19,29,5,65,44.62,32.3,64.6,0.0,2299000,2725.3
2025-12-19,Gurdaspur,COVID-19,22,3,60,36.67,31.6,59.9,0.0,2299000,784.9
2025-12-20,Gurdaspur,COVID-19,25,3,96,26.04,32.4,55.8,0.8,2299000,872.6
2025-12-21,Gurdaspur,COVID-19,21,3,43,48.84,33.4,61.3,0.0,2299000,2173.6
2025-12-22,Gurdaspur,COVID-19,32,7,86,37.21,34.1,59.2,3.1,2299000,1323.8
2025-12-23,Gurdaspur,COVID-19,26,2,56,46.43,30.8,63.9,0.0,2299000,818.5
2025-12-24,Gurdaspur,COVID-19,31,5,131,23.66,32.1,69.0,0.0,2299000,807.5
2025-12-25,Gurdaspur,COVID-19,28,6,120,23.33,33.2,79.7,0.0,2299000,1035.2
2025-12-26,Gurdaspur,COVID-19,24,4,83,28.92,36.0,57.2,0.0,2299000,1451.3
2025-12-27,Gurdaspur,COVID-19,23,3,58,39.66,28.5,73.8,5.7,2299000,1558.6
2025-12-28,Gurdaspur,COVID-19,26,5,114,22.81,36.3,68.7,2.8,2299000,1210.0
2025-12-29,Gurdaspur,COVID-19,24,2,71,33.8,32.5,60.1,2.6,2299000,2822.7
2025-12-30,Gurdaspur,COVID-19,30,3,136,22.06,32.1,73.6,0.0,2299000,1089.6
2025-12-31,Gurdaspur,COVID-19,30,7,105,28.57,31.6,69.7,0.0,2299000,2070.1
2026-01-01,Gurdaspur,COVID-19,24,4,96,25.0,32.8,63.8,0.0,2299000,1125.5
2026-01-02,Gurdaspur,COVID-19,28,4,107,26.17,32.9,61.8,0.0,2299000,2244.0
2026-01-03,Gurdaspur,COVID-19,31,4,130,23.85,32.3,71.7,3.7,2299000,848.0
2026-01-04,Gurdaspur,COVID-19,29,6,131,22.14,35.3,68.9,0.2,2299000,2838.6
2026-01-05,Gurdaspur,COVID-19,30,4,91,32.97,31.4,77.6,0.0,2299000,965.7
2026-01-06,Gurdaspur,COVID-19,29,3,78,37.18,32.9,69.7,1.3,2299000,1557.3
2026-01-07,Gurdaspur,COVID-19,21,4,82,25.61,32.4,68.1,1.2,2299000,1985.5
2026-01-08,Gurdaspur,COVID-19,35,8,134,26.12,30.5,76.5,0.0,2299000,1318.4
2026-01-09,Gurdaspur,COVID-19,30,5,149,20.13,31.1,70.5,0.6,2299000,2032.7
2026-01-10,Gurdaspur,COVID-19,24,5,92,26.09,36.7,76.2,0.0,2299000,912.5
2026-01-11,Gurdaspur,COVID-19,28,4,95,29.47,35.4,78.5,0.7,2299000,860.0
2026-01-12,Gurdaspur,COVID-19,25,5,110,22.73,32.5,65.9,1.1,2299000,1151.8
2026-01-13,Gurdaspur,COVID-19,29,5,138,21.01,35.6,61.2,5.4,2299000,995.8
2026-01-14,Gurdaspur,COVID-19,29,7,77,37.66,33.3,68.6,1.4,2299000,925.5
2026-01-15,Gurdaspur,COVID-19,35,7,160,21.88,30.3,67.9,4.5,2299000,1123.9
2026-01-16,Gurdaspur,COVID-19,28,6,67,41.79,37.4,76.3,0.0,2299000,993.2
2026-01-17,Gurdaspur,COVID-19,35,6,116,30.17,34.2,71.8,4.6,2299000,1690.1
2026-01-18,Gurdaspur,COVID-19,26,3,107,24.3,32.0,75.1,0.0,2299000,1298.2
2026-01-19,Gurdaspur,COVID-19,26,5,99,26.26,34.4,74.7,6.9,2299000,949.5
2026-01-20,Gurdaspur,COVID-19,34,7,151,22.52,33.0,70.4,7.2,2299000,772.5
2026-01-21,Gurdaspur,COVID-19,30,4,91,32.97,34.8,75.6,6.0,2299000,924.2
2026-01-22,Gurdaspur,COVID-19,34,8,111,30.63,33.1,66.7,0.0,2299000,2255.5
2026-01-23,Gurdaspur,COVID-19,33,4,118,27.97,34.6,78.2,2.0,2299000,1312.0
2026-01-24,Gurdaspur,COVID-19,25,4,71,35.21,30.3,68.2,0.3,2299000,1933.4
2026-01-25,Gurdaspur,COVID-19,29,6,87,33.33,33.6,72.0,0.0,2299000,802.0
2026-01-26,Gurdaspur,COVID-19,36,5,165,21.82,34.4,72.9,4.2,2299000,2402.3
2026-01-27,Gurdaspur,COVID-19,26,2,55,47.27,32.0,75.4,6.1,2299000,1332.1
2026-01-28,Gurdaspur,COVID-19,42,6,178,23.6,36.7,70.5,1.8,2299000,1451.5
2026-01-29,Gurdaspur,COVID-19,31,4,67,46.27,36.3,80.4,4.8,2299000,1412.5
2026-01-30,Gurdaspur,COVID-19,29,4,92,31.52,36.2,78.5,0.0,2299000,806.4
2026-01-31,Gurdaspur,COVID-19,27,5,107,25.23,33.8,73.6,0.9,2299000,1424.5
2026-02-01,Gurdaspur,COVID-19,30,3,83,36.14,33.4,69.1,7.2,2299000,768.1
2026-02-02,Gurdaspur,COVID-19,37,5,177,20.9,34.5,82.8,3.4,2299000,1585.0
2026-02-03,Gurdaspur,COVID-19,31,6,65,47.69,36.5,74.8,3.7,2299000,1933.6
2026-02-04,Gurdaspur,COVID-19,33,6,79,41.77,36.3,74.8,3.7,2299000,2111.8
2026-02-05,Gurdaspur,COVID-19,41,8,131,31.3,35.6,75.2,3.0,2299000,1097.3
2026-02-06,Gurdaspur,COVID-19,39,9,94,41.49,35.3,69.3,1.0,2299000,1603.9
2026-02-07,Gurdaspur,COVID-19,22,4,62,35.48,35.1,80.2,5.6,2299000,1289.5
2026-02-08,Gurdaspur,COVID-19,30,7,140,21.43,35.8,72.7,2.6,2299000,895.1
2026-02-09,Gurdaspur,COVID-19,32,3,67,47.76,35.1,71.9,1.1,2299000,1521.7
2026-02-10,Gurdaspur,COVID-19,29,4,91,31.87,35.0,83.1,0.0,2299000,836.0
2026-02-11,Gurdaspur,COVID-19,34,6,153,22.22,35.9,78.1,4.2,2299000,839.1
2026-02-12,Gurdaspur,COVID-19,34,6,147,23.13,34.3,73.5,1.1,2299000,1778.5
2026-02-13,Gurdaspur,COVID-19,23,3,106,21.7,36.5,77.4,6.6,2299000,1326.5
2026-02-14,Gurdaspur,COVID-19,25,3,102,24.51,32.8,76.1,7.0,2299000,2792.0
2026-02-15,Gurdaspur,COVID-19,28,3,63,44.44,33.8,67.5,4.0,2299000,1428.4
2026-02-16,Gurdaspur,COVID-19,26,3,73,35.62,34.5,86.3,0.4,2299000,2414.9
2026-02-17,Gurdaspur,COVID-19,30,7,112,26.79,34.2,77.7,5.0,2299000,826.3
2026-02-18,Gurdaspur,COVID-19,47,7,187,25.13,34.7,90.9,5.1,2299000,1383.1
2026-02-19,Gurdaspur,COVID-19,25,2,99,25.25,36.2,73.9,0.0,2299000,1782.5
2026-02-20,Gurdaspur,COVID-19,35,7,145,24.14,37.0,83.0,3.8,2299000,1458.2
2026-02-21,Gurdaspur,COVID-19,54,10,238,22.69,34.2,77.2,3.9,2299000,1013.9
2026-02-22,Gurdaspur,COVID-19,49,5,171,28.65,35.2,81.7,1.8,2299000,1384.9
2026-02-23,Gurdaspur,COVID-19,68,7,290,23.45,34.7,90.2,0.7,2299000,801.3
2026-02-24,Gurdaspur,COVID-19,63,14,240,26.25,34.7,82.7,1.4,2299000,1029.6
2026-02-25,Gurdaspur,COVID-19,70,10,208,33.65,34.2,85.1,7.6,2299000,1403.2
2026-02-26,Gurdaspur,COVID-19,83,13,321,25.86,35.3,82.1,1.5,2299000,1004.9
2026-02-27,Gurdaspur,COVID-19,111,16,453,24.5,33.2,75.9,3.3,2299000,1256.7
2026-02-28,Gurdaspur,COVID-19,100,16,355,28.17,33.3,72.3,2.6,2299000,945.5
2026-03-01,Gurdaspur,COVID-19,110,21,416,26.44,36.1,68.8,1.7,2299000,1147.7
2026-03-02,Gurdaspur,COVID-19,150,18,492,30.49,33.4,74.8,6.4,2299000,1296.0
2026-03-03,Gurdaspur,COVID-19,138,21,504,27.38,28.0,83.3,8.2,2299000,1076.9
2026-03-04,Gurdaspur,COVID-19,119,23,241,49.38,34.4,82.3,4.8,2299000,2380.7
2026-03-05,Gurdaspur,COVID-19,153,30,499,30.66,32.8,76.9,5.4,2299000,2646.8
2026-03-06,Gurdaspur,COVID-19,132,22,381,34.65,34.4,81.1,10.8,2299000,1156.1
2026-03-07,Gurdaspur,COVID-19,134,22,331,40.48,32.2,82.3,8.8,2299000,847.3
2026-03-08,Gurdaspur,COVID-19,136,23,405,33.58,36.0,87.2,0.6,2299000,872.9
2026-03-09,Gurdaspur,COVID-19,147,32,565,26.02,36.9,83.3,3.7,2299000,1769.9
2026-03-10,Gurdaspur,COVID-19,110,17,426,25.82,35.3,77.3,4.6,2299000,1233.6
2026-03-11,Gurdaspur,COVID-19,86,11,268,32.09,34.1,81.5,8.6,2299000,2357.6
2026-03-12,Gurdaspur,COVID-19,53,8,216,24.54,36.4,82.1,8.3,2299000,1713.4
2026-03-13,Gurdaspur,COVID-19,75,17,197,38.07,33.6,80.7,6.2,2299000,846.8
2026-03-14,Gurdaspur,COVID-19,62,14,231,26.84,33.7,82.1,0.3,2299000,1072.6
2026-03-15,Gurdaspur,COVID-19,39,6,137,28.47,35.2,81.4,4.4,2299000,2186.3
2026-03-16,Gurdaspur,COVID-19,46,8,102,45.1,31.7,84.7,2.6,2299000,1239.6
2026-03-17,Gurdaspur,COVID-19,28,6,81,34.57,36.5,71.9,1.8,2299000,2424.0
2026-03-18,Gurdaspur,COVID-19,21,3,45,46.67,35.0,79.8,3.5,2299000,848.2
2026-03-19,Gurdaspur,COVID-19,30,7,97,30.93,32.1,80.8,4.6,2299000,2235.6
2026-03-20,Gurdaspur,COVID-19,20,2,97,20.62,30.8,70.6,6.0,2299000,1236.6
2026-03-21,Gurdaspur,COVID-19,37,5,85,43.53,32.0,74.5,4.4,2299000,1269.4
2026-03-22,Gurdaspur,COVID-19,26,5,70,37.14,31.9,75.6,5.8,2299000,2383.9
2026-03-23,Gurdaspur,COVID-19,35,5,165,21.21,33.8,69.6,3.3,2299000,1284.9
2026-03-24,Gurdaspur,COVID-19,25,3,78,32.05,27.9,73.0,8.9,2299000,1617.8
2026-03-25,Gurdaspur,COVID-19,28,5,122,22.95,33.1,79.7,6.0,2299000,1500.1
2026-03-26,Gurdaspur,COVID-19,37,8,151,24.5,32.7,72.0,3.3,2299000,1006.2
2026-03-27,Gurdaspur,COVID-19,26,3,74,35.14,32.1,70.8,1.8,2299000,992.8
2026-03-28,Gurdaspur,COVID-19,34,8,114,29.82,32.2,80.3,5.7,2299000,774.0
2026-03-29,Gurdaspur,COVID-19,25,6,62,40.32,30.9,82.0,7.7,2299000,1269.7
2026-03-30,Gurdaspur,COVID-19,28,6,135,20.74,32.5,79.3,7.1,2299000,939.4
2026-03-31,Gurdaspur,COVID-19,34,4,114,29.82,31.8,73.7,5.6,2299000,1043.0
2026-04-01,Gurdaspur,COVID-19,26,4,127,20.47,30.2,68.7,4.7,2299000,804.6
2026-04-02,Gurdaspur,COVID-19,27,3,122,22.13,33.1,87.4,3.7,2299000,1032.7
2026-04-03,Gurdaspur,COVID-19,26,5,118,22.03,31.7,80.2,4.4,2299000,896.9
2026-04-04,Gurdaspur,COVID-19,21,2,56,37.5,32.2,77.4,2.2,2299000,2806.5
2026-04-05,Gurdaspur,COVID-19,25,3,109,22.94,28.4,72.4,4.4,2299000,2010.1
2026-04-06,Gurdaspur,COVID-19,27,5,106,25.47,29.2,79.7,10.2,2299000,1833.3
2026-04-07,Gurdaspur,COVID-19,27,2,80,33.75,33.5,73.5,9.4,2299000,2541.8
2026-04-08,Gurdaspur,COVID-19,18,2,39,46.15,33.9,72.4,11.2,2299000,1682.7
2026-04-09,Gurdaspur,COVID-19,24,2,51,47.06,28.4,68.6,5.8,2299000,889.0
2026-04-10,Gurdaspur,COVID-19,28,4,59,47.46,25.7,86.1,3.3,2299000,821.8
2026-04-11,Gurdaspur,COVID-19,16,2,36,44.44,31.4,86.2,6.1,2299000,1019.9
2026-04-12,Gurdaspur,COVID-19,16,1,79,20.25,29.3,77.7,2.4,2299000,992.3
2026-04-13,Gurdaspur,COVID-19,22,2,56,39.29,29.8,76.4,2.3,2299000,1892.7
2026-04-14,Gurdaspur,COVID-19,25,3,67,37.31,26.2,80.5,5.9,2299000,912.1
2026-04-15,Gurdaspur,COVID-19,32,5,78,41.03,32.2,66.2,9.6,2299000,2407.4
2026-04-16,Gurdaspur,COVID-19,19,4,69,27.54,28.4,79.7,4.1,2299000,1454.2
2026-04-17,Gurdaspur,COVID-19,29,6,68,42.65,29.2,69.8,9.6,2299000,1053.9
2026-04-18,Gurdaspur,COVID-19,19,2,67,28.36,27.6,82.1,4.4,2299000,1554.8
2026-04-19,Gurdaspur,COVID-19,26,6,98,26.53,30.1,74.5,1.1,2299000,940.3
2026-04-20,Gurdaspur,COVID-19,19,4,72,26.39,27.3,70.5,6.2,2299000,1115.9
2026-04-21,Gurdaspur,COVID-19,24,5,78,30.77,26.6,80.6,6.9,2299000,2580.9
2026-04-22,Gurdaspur,COVID-19,24,4,100,24.0,28.6,73.2,5.8,2299000,1684.9
2026-04-23,Gurdaspur,COVID-19,30,5,130,23.08,29.3,81.7,3.8,2299000,1214.7
2026-04-24,Gurdaspur,COVID-19,28,3,106,26.42,29.7,77.2,2.7,2299000,1306.8
2026-04-25,Gurdaspur,COVID-19,23,5,54,42.59,26.7,77.3,1.9,2299000,776.1
2026-04-26,Gurdaspur,COVID-19,22,3,108,20.37,26.3,74.9,3.4,2299000,1069.6
2026-04-27,Gurdaspur,COVID-19,28,5,120,23.33,27.2,69.4,4.2,2299000,1904.6
2026-04-28,Gurdaspur,COVID-19,26,3,96,27.08,26.6,78.8,0.6,2299000,1416.4
2026-04-29,Gurdaspur,COVID-19,22,4,59,37.29,26.6,65.0,3.0,2299000,986.8
2026-04-30,Gurdaspur,COVID-19,18,2,41,43.9,25.1,69.2,4.0,2299000,932.7
2026-05-01,Gurdaspur,COVID-19,24,5,84,28.57,26.3,70.9,7.3,2299000,1239.0
2026-05-02,Gurdaspur,COVID-19,29,5,63,46.03,22.4,76.5,7.8,2299000,2130.6
2026-05-03,Gurdaspur,COVID-19,22,2,59,37.29,27.3,71.6,0.0,2299000,771.8
2026-05-04,Gurdaspur,COVID-19,22,3,70,31.43,25.3,71.6,4.4,2299000,880.2
2026-05-05,Gurdaspur,COVID-19,18,2,47,38.3,24.5,72.8,8.1,2299000,1053.8
2026-05-06,Gurdaspur,COVID-19,25,6,82,30.49,26.3,71.3,7.6,2299000,2508.8
2025-11-08,Gurdaspur,Chikungunya,19,2,90,21.11,22.4,49.1,0.0,2299000,1417.7
2025-11-09,Gurdaspur,Chikungunya,14,2,46,30.43,23.6,44.5,0.0,2299000,1290.1
2025-11-10,Gurdaspur,Chikungunya,18,2,77,23.38,23.7,43.3,2.9,2299000,1000.8
2025-11-11,Gurdaspur,Chikungunya,25,4,101,24.75,24.8,41.8,0.0,2299000,1274.9
2025-11-12,Gurdaspur,Chikungunya,11,2,22,50.0,26.5,59.5,0.0,2299000,850.3
2025-11-13,Gurdaspur,Chikungunya,17,1,62,27.42,26.1,49.2,0.0,2299000,857.4
2025-11-14,Gurdaspur,Chikungunya,20,2,44,45.45,24.3,51.9,0.0,2299000,1324.3
2025-11-15,Gurdaspur,Chikungunya,21,2,74,28.38,25.0,49.3,0.0,2299000,1596.6
2025-11-16,Gurdaspur,Chikungunya,23,4,111,20.72,26.8,49.9,0.0,2299000,791.6
2025-11-17,Gurdaspur,Chikungunya,21,3,99,21.21,24.7,53.3,0.0,2299000,1257.4
2025-11-18,Gurdaspur,Chikungunya,19,3,80,23.75,24.3,54.1,0.0,2299000,1699.1
2025-11-19,Gurdaspur,Chikungunya,21,3,44,47.73,22.8,55.1,0.0,2299000,868.2
2025-11-20,Gurdaspur,Chikungunya,23,3,91,25.27,28.2,54.7,0.0,2299000,1416.3
2025-11-21,Gurdaspur,Chikungunya,22,3,96,22.92,24.8,55.2,0.0,2299000,2293.8
2025-11-22,Gurdaspur,Chikungunya,17,3,38,44.74,26.9,46.5,1.0,2299000,2109.7
2025-11-23,Gurdaspur,Chikungunya,23,4,80,28.75,29.5,56.8,0.0,2299000,1353.9
2025-11-24,Gurdaspur,Chikungunya,23,5,89,25.84,30.7,49.0,0.0,2299000,1161.8
2025-11-25,Gurdaspur,Chikungunya,24,3,106,22.64,26.6,57.9,0.0,2299000,1497.9
2025-11-26,Gurdaspur,Chikungunya,23,4,57,40.35,27.0,60.7,0.0,2299000,827.4
2025-11-27,Gurdaspur,Chikungunya,27,6,129,20.93,27.2,45.0,0.0,2299000,1165.4
2025-11-28,Gurdaspur,Chikungunya,16,3,45,35.56,28.2,48.7,0.0,2299000,868.9
2025-11-29,Gurdaspur,Chikungunya,29,4,124,23.39,33.7,62.4,0.0,2299000,1659.0
2025-11-30,Gurdaspur,Chikungunya,31,4,119,26.05,29.3,60.5,0.0,2299000,960.0
2025-12-01,Gurdaspur,Chikungunya,25,4,108,23.15,29.7,63.0,0.0,2299000,1365.3
2025-12-02,Gurdaspur,Chikungunya,19,3,46,41.3,33.0,58.2,0.0,2299000,1649.5
2025-12-03,Gurdaspur,Chikungunya,26,4,117,22.22,32.2,61.9,1.3,2299000,877.9
2025-12-04,Gurdaspur,Chikungunya,21,4,93,22.58,30.0,65.4,0.0,2299000,845.2
2025-12-05,Gurdaspur,Chikungunya,24,5,69,34.78,30.9,58.3,0.0,2299000,1789.1
2025-12-06,Gurdaspur,Chikungunya,25,5,122,20.49,29.5,67.3,0.0,2299000,2706.6
2025-12-07,Gurdaspur,Chikungunya,22,4,83,26.51,29.2,55.8,0.0,2299000,2644.0
2025-12-08,Gurdaspur,Chikungunya,20,3,46,43.48,30.6,66.2,0.0,2299000,2306.1
2025-12-09,Gurdaspur,Chikungunya,25,4,78,32.05,26.2,67.3,0.0,2299000,835.2
2025-12-10,Gurdaspur,Chikungunya,17,2,75,22.67,31.7,58.7,1.7,2299000,865.6
2025-12-11,Gurdaspur,Chikungunya,19,4,74,25.68,31.4,66.7,0.7,2299000,791.6
2025-12-12,Gurdaspur,Chikungunya,26,5,89,29.21,32.2,59.0,0.3,2299000,995.0
2025-12-13,Gurdaspur,Chikungunya,23,5,63,36.51,30.4,65.2,0.0,2299000,988.6
2025-12-14,Gurdaspur,Chikungunya,23,4,77,29.87,27.2,64.1,0.0,2299000,1600.2
2025-12-15,Gurdaspur,Chikungunya,20,4,93,21.51,35.3,74.8,0.0,2299000,2330.5
2025-12-16,Gurdaspur,Chikungunya,21,2,51,41.18,31.6,55.8,0.0,2299000,1193.2
2025-12-17,Gurdaspur,Chikungunya,28,2,114,24.56,31.1,65.4,0.0,2299000,2597.0
2025-12-18,Gurdaspur,Chikungunya,26,6,93,27.96,29.1,64.2,0.5,2299000,1165.9
2025-12-19,Gurdaspur,Chikungunya,27,5,115,23.48,31.3,66.6,0.2,2299000,1805.7
2025-12-20,Gurdaspur,Chikungunya,26,5,120,21.67,30.4,66.2,0.0,2299000,993.7
2025-12-21,Gurdaspur,Chikungunya,21,4,52,40.38,32.2,73.7,0.0,2299000,903.1
2025-12-22,Gurdaspur,Chikungunya,26,4,85,30.59,32.2,60.6,0.0,2299000,1076.3
2025-12-23,Gurdaspur,Chikungunya,23,2,54,42.59,28.9,62.8,0.5,2299000,2268.2
2025-12-24,Gurdaspur,Chikungunya,24,2,86,27.91,31.3,63.2,0.0,2299000,965.5
2025-12-25,Gurdaspur,Chikungunya,22,5,85,25.88,34.0,76.1,5.0,2299000,2461.7
2025-12-26,Gurdaspur,Chikungunya,19,3,40,47.5,34.1,79.1,5.6,2299000,1238.4
2025-12-27,Gurdaspur,Chikungunya,17,3,70,24.29,32.7,73.1,0.7,2299000,1014.9
2025-12-28,Gurdaspur,Chikungunya,30,3,114,26.32,33.5,64.8,0.0,2299000,1449.6
2025-12-29,Gurdaspur,Chikungunya,24,4,54,44.44,31.0,72.7,1.1,2299000,992.4
2025-12-30,Gurdaspur,Chikungunya,27,6,77,35.06,31.2,71.3,0.0,2299000,1074.2
2025-12-31,Gurdaspur,Chikungunya,24,5,51,47.06,33.4,67.8,0.0,2299000,836.9
2026-01-01,Gurdaspur,Chikungunya,30,6,113,26.55,33.4,63.3,0.0,2299000,1377.2
2026-01-02,Gurdaspur,Chikungunya,31,4,150,20.67,31.7,66.7,0.0,2299000,1642.0
2026-01-03,Gurdaspur,Chikungunya,22,3,68,32.35,32.6,70.7,4.8,2299000,1087.1
2026-01-04,Gurdaspur,Chikungunya,23,2,84,27.38,33.2,69.5,0.0,2299000,2130.9
2026-01-05,Gurdaspur,Chikungunya,27,3,121,22.31,30.7,69.5,0.0,2299000,1364.8
2026-01-06,Gurdaspur,Chikungunya,26,4,83,31.33,32.4,74.3,0.0,2299000,1214.5
2026-01-07,Gurdaspur,Chikungunya,30,6,102,29.41,31.9,78.6,3.4,2299000,2844.1
2026-01-08,Gurdaspur,Chikungunya,34,6,133,25.56,34.3,71.2,1.1,2299000,767.2
2026-01-09,Gurdaspur,Chikungunya,28,5,110,25.45,33.6,73.0,4.4,2299000,1250.7
2026-01-10,Gurdaspur,Chikungunya,20,3,63,31.75,37.1,73.4,0.0,2299000,1734.4
2026-01-11,Gurdaspur,Chikungunya,26,4,110,23.64,30.4,66.8,0.0,2299000,950.2
2026-01-12,Gurdaspur,Chikungunya,24,3,100,24.0,33.6,79.0,3.7,2299000,834.9
2026-01-13,Gurdaspur,Chikungunya,26,5,71,36.62,32.3,68.4,0.0,2299000,1542.2
2026-01-14,Gurdaspur,Chikungunya,27,6,79,34.18,33.8,73.2,0.0,2299000,1713.5
2026-01-15,Gurdaspur,Chikungunya,22,4,98,22.45,29.7,70.2,0.0,2299000,882.3
2026-01-16,Gurdaspur,Chikungunya,25,5,111,22.52,31.8,71.1,1.2,2299000,833.4
2026-01-17,Gurdaspur,Chikungunya,27,3,69,39.13,36.4,72.5,0.0,2299000,907.8
2026-01-18,Gurdaspur,Chikungunya,21,5,95,22.11,34.0,75.7,2.3,2299000,1437.4
2026-01-19,Gurdaspur,Chikungunya,27,4,107,25.23,36.3,70.4,0.0,2299000,2022.1
2026-01-20,Gurdaspur,Chikungunya,20,4,84,23.81,36.7,78.6,0.0,2299000,907.6
2026-01-21,Gurdaspur,Chikungunya,28,2,65,43.08,31.6,74.2,5.4,2299000,1247.1
2026-01-22,Gurdaspur,Chikungunya,24,5,92,26.09,35.3,73.8,0.5,2299000,1129.4
2026-01-23,Gurdaspur,Chikungunya,30,3,65,46.15,34.2,71.1,0.0,2299000,1684.9
2026-01-24,Gurdaspur,Chikungunya,22,3,93,23.66,34.0,69.7,0.0,2299000,1768.1
2026-01-25,Gurdaspur,Chikungunya,28,4,109,25.69,37.4,74.2,1.6,2299000,1229.5
2026-01-26,Gurdaspur,Chikungunya,27,3,130,20.77,34.5,68.7,1.7,2299000,1389.2
2026-01-27,Gurdaspur,Chikungunya,29,4,86,33.72,37.9,67.8,0.0,2299000,948.8
2026-01-28,Gurdaspur,Chikungunya,23,3,114,20.18,35.5,72.8,0.3,2299000,1096.0
2026-01-29,Gurdaspur,Chikungunya,29,5,136,21.32,35.5,83.0,5.7,2299000,1083.6
2026-01-30,Gurdaspur,Chikungunya,20,4,65,30.77,34.1,77.9,0.8,2299000,1054.4
2026-01-31,Gurdaspur,Chikungunya,21,3,67,31.34,37.4,73.9,3.2,2299000,977.8
2026-02-01,Gurdaspur,Chikungunya,24,3,105,22.86,37.2,73.3,0.0,2299000,979.2
2026-02-02,Gurdaspur,Chikungunya,22,2,48,45.83,36.2,75.7,0.0,2299000,1464.5
2026-02-03,Gurdaspur,Chikungunya,31,5,85,36.47,34.8,72.2,2.0,2299000,1972.0
2026-02-04,Gurdaspur,Chikungunya,29,4,107,27.1,35.7,69.5,0.0,2299000,929.6
2026-02-05,Gurdaspur,Chikungunya,34,7,89,38.2,32.7,72.4,2.7,2299000,921.0
2026-02-06,Gurdaspur,Chikungunya,26,5,91,28.57,35.6,71.3,0.8,2299000,1230.0
2026-02-07,Gurdaspur,Chikungunya,28,5,104,26.92,31.5,83.7,0.1,2299000,1229.3
2026-02-08,Gurdaspur,Chikungunya,24,5,113,21.24,34.2,74.3,0.0,2299000,1148.6
2026-02-09,Gurdaspur,Chikungunya,27,2,67,40.3,40.0,76.6,2.5,2299000,820.5
2026-02-10,Gurdaspur,Chikungunya,26,4,56,46.43,34.4,85.5,8.7,2299000,948.0
2026-02-11,Gurdaspur,Chikungunya,27,6,109,24.77,34.9,74.5,2.5,2299000,784.2
2026-02-12,Gurdaspur,Chikungunya,29,5,95,30.53,32.6,81.9,3.5,2299000,1612.1
2026-02-13,Gurdaspur,Chikungunya,27,2,76,35.53,30.5,80.8,6.7,2299000,2517.1
2026-02-14,Gurdaspur,Chikungunya,29,5,137,21.17,31.6,82.7,3.4,2299000,1779.6
2026-02-15,Gurdaspur,Chikungunya,28,6,96,29.17,38.0,89.9,5.1,2299000,895.2
2026-02-16,Gurdaspur,Chikungunya,26,4,58,44.83,35.6,79.0,2.4,2299000,1789.9
2026-02-17,Gurdaspur,Chikungunya,20,2,71,28.17,34.8,74.2,2.6,2299000,2116.6
2026-02-18,Gurdaspur,Chikungunya,28,6,94,29.79,34.2,75.8,4.2,2299000,1545.7
2026-02-19,Gurdaspur,Chikungunya,23,2,53,43.4,34.6,80.7,5.0,2299000,1233.5
2026-02-20,Gurdaspur,Chikungunya,30,6,95,31.58,33.2,85.0,8.2,2299000,827.8
2026-02-21,Gurdaspur,Chikungunya,30,5,81,37.04,35.2,81.7,2.9,2299000,937.4
2026-02-22,Gurdaspur,Chikungunya,34,7,155,21.94,33.5,92.3,5.1,2299000,897.6
2026-02-23,Gurdaspur,Chikungunya,29,5,92,31.52,32.0,85.1,0.0,2299000,794.7
2026-02-24,Gurdaspur,Chikungunya,32,4,137,23.36,28.0,71.5,2.3,2299000,820.4
2026-02-25,Gurdaspur,Chikungunya,26,3,109,23.85,31.1,77.0,2.1,2299000,994.8
2026-02-26,Gurdaspur,Chikungunya,24,3,103,23.3,33.3,82.1,3.7,2299000,1157.9
2026-02-27,Gurdaspur,Chikungunya,22,2,91,24.18,32.0,71.1,4.5,2299000,2605.5
2026-02-28,Gurdaspur,Chikungunya,40,8,168,23.81,32.0,79.0,5.1,2299000,1361.3
2026-03-01,Gurdaspur,Chikungunya,44,7,190,23.16,34.4,81.5,2.0,2299000,2369.1
2026-03-02,Gurdaspur,Chikungunya,65,16,276,23.55,32.9,81.4,4.3,2299000,1213.9
2026-03-03,Gurdaspur,Chikungunya,59,8,157,37.58,34.4,74.2,5.6,2299000,1564.7
2026-03-04,Gurdaspur,Chikungunya,58,13,215,26.98,34.6,89.2,0.0,2299000,1898.8
2026-03-05,Gurdaspur,Chikungunya,87,12,432,20.14,35.7,82.3,6.1,2299000,2322.0
2026-03-06,Gurdaspur,Chikungunya,81,12,319,25.39,33.9,71.2,3.8,2299000,966.1
2026-03-07,Gurdaspur,Chikungunya,99,16,256,38.67,34.2,87.6,5.4,2299000,1000.7
2026-03-08,Gurdaspur,Chikungunya,141,22,296,47.64,33.8,86.8,4.7,2299000,1944.6
2026-03-09,Gurdaspur,Chikungunya,149,29,368,40.49,28.8,77.6,7.0,2299000,1187.5
2026-03-10,Gurdaspur,Chikungunya,126,29,450,28.0,35.1,85.4,1.6,2299000,833.8
2026-03-11,Gurdaspur,Chikungunya,102,19,439,23.23,30.5,78.2,2.2,2299000,1723.6
2026-03-12,Gurdaspur,Chikungunya,98,17,448,21.88,32.4,77.2,3.9,2299000,2193.0
2026-03-13,Gurdaspur,Chikungunya,123,19,560,21.96,32.7,76.5,0.0,2299000,870.6
2026-03-14,Gurdaspur,Chikungunya,191,38,792,24.12,34.5,83.6,6.4,2299000,819.6
2026-03-15,Gurdaspur,Chikungunya,138,28,392,35.2,30.4,84.0,4.2,2299000,2160.4
2026-03-16,Gurdaspur,Chikungunya,164,31,597,27.47,32.0,77.5,5.3,2299000,794.6
2026-03-17,Gurdaspur,Chikungunya,146,23,707,20.65,32.1,72.7,4.4,2299000,1447.6
2026-03-18,Gurdaspur,Chikungunya,189,19,774,24.42,33.8,82.9,8.4,2299000,2492.5
2026-03-19,Gurdaspur,Chikungunya,152,33,514,29.57,35.2,77.2,2.9,2299000,2637.1
2026-03-20,Gurdaspur,Chikungunya,149,15,429,34.73,34.0,76.3,2.3,2299000,902.0
2026-03-21,Gurdaspur,Chikungunya,111,27,534,20.79,32.8,83.0,4.8,2299000,770.2
2026-03-22,Gurdaspur,Chikungunya,109,25,511,21.33,31.1,88.2,6.0,2299000,976.2
2026-03-23,Gurdaspur,Chikungunya,111,15,402,27.61,35.3,80.5,0.0,2299000,1275.0
2026-03-24,Gurdaspur,Chikungunya,112,24,422,26.54,28.8,80.2,10.0,2299000,933.3
2026-03-25,Gurdaspur,Chikungunya,116,24,275,42.18,32.8,77.6,0.0,2299000,2825.5
2026-03-26,Gurdaspur,Chikungunya,95,18,303,31.35,29.8,75.1,10.7,2299000,778.3
2026-03-27,Gurdaspur,Chikungunya,60,10,127,47.24,32.5,77.8,5.7,2299000,824.4
2026-03-28,Gurdaspur,Chikungunya,85,10,396,21.46,30.5,73.7,3.5,2299000,2099.3
2026-03-29,Gurdaspur,Chikungunya,50,9,248,20.16,28.2,83.2,0.8,2299000,872.9
2026-03-30,Gurdaspur,Chikungunya,56,10,262,21.37,33.6,82.7,4.6,2299000,986.2
2026-03-31,Gurdaspur,Chikungunya,45,4,221,20.36,32.0,76.3,6.6,2299000,1068.8
2026-04-01,Gurdaspur,Chikungunya,21,2,76,27.63,31.8,85.3,1.1,2299000,2060.2
2026-04-02,Gurdaspur,Chikungunya,24,3,111,21.62,35.0,83.7,1.4,2299000,1271.8
2026-04-03,Gurdaspur,Chikungunya,25,3,87,28.74,33.3,70.9,2.7,2299000,1431.6
2026-04-04,Gurdaspur,Chikungunya,19,4,67,28.36,29.6,68.6,2.1,2299000,845.1
2026-04-05,Gurdaspur,Chikungunya,24,4,66,36.36,30.2,69.6,8.5,2299000,1146.9
2026-04-06,Gurdaspur,Chikungunya,19,3,73,26.03,34.3,82.0,5.8,2299000,862.9
2026-04-07,Gurdaspur,Chikungunya,27,4,106,25.47,30.9,85.4,4.1,2299000,1299.1
2026-04-08,Gurdaspur,Chikungunya,26,3,66,39.39,28.5,75.9,1.5,2299000,993.2
2026-04-09,Gurdaspur,Chikungunya,26,2,111,23.42,28.8,84.3,3.6,2299000,1507.5
2026-04-10,Gurdaspur,Chikungunya,28,6,88,31.82,32.2,78.2,3.0,2299000,1210.0
2026-04-11,Gurdaspur,Chikungunya,30,6,91,32.97,28.4,77.8,9.4,2299000,1724.9
2026-04-12,Gurdaspur,Chikungunya,24,3,52,46.15,33.5,75.5,1.7,2299000,947.4
2026-04-13,Gurdaspur,Chikungunya,13,2,44,29.55,34.6,81.6,5.4,2299000,814.3
2026-04-14,Gurdaspur,Chikungunya,28,5,99,28.28,27.7,76.7,5.4,2299000,2472.7
2026-04-15,Gurdaspur,Chikungunya,23,4,65,35.38,31.9,68.7,5.8,2299000,2567.2
2026-04-16,Gurdaspur,Chikungunya,31,7,84,36.9,29.5,77.0,3.8,2299000,1370.7
2026-04-17,Gurdaspur,Chikungunya,25,3,81,30.86,27.5,75.8,2.1,2299000,1042.8
2026-04-18,Gurdaspur,Chikungunya,25,3,109,22.94,28.2,72.9,1.8,2299000,2594.1
2026-04-19,Gurdaspur,Chikungunya,19,4,73,26.03,29.1,78.5,3.5,2299000,1074.7
2026-04-20,Gurdaspur,Chikungunya,22,4,102,21.57,27.3,85.5,4.1,2299000,1574.2
2026-04-21,Gurdaspur,Chikungunya,17,2,35,48.57,28.6,74.8,2.9,2299000,1196.8
2026-04-22,Gurdaspur,Chikungunya,25,5,120,20.83,27.2,73.1,7.8,2299000,847.7
2026-04-23,Gurdaspur,Chikungunya,19,2,75,25.33,27.2,72.3,3.8,2299000,967.3
2026-04-24,Gurdaspur,Chikungunya,21,2,104,20.19,28.4,68.7,4.7,2299000,812.3
2026-04-25,Gurdaspur,Chikungunya,23,3,50,46.0,30.8,65.0,10.0,2299000,1337.6
2026-04-26,Gurdaspur,Chikungunya,20,3,62,32.26,31.6,82.4,3.9,2299000,1227.6
2026-04-27,Gurdaspur,Chikungunya,15,2,73,20.55,29.5,68.4,1.7,2299000,1039.3
2026-04-28,Gurdaspur,Chikungunya,20,3,79,25.32,26.4,69.9,9.4,2299000,868.6
2026-04-29,Gurdaspur,Chikungunya,24,5,70,34.29,27.3,71.0,6.9,2299000,1318.4
2026-04-30,Gurdaspur,Chikungunya,20,2,52,38.46,24.9,66.7,7.1,2299000,1072.7
2026-05-01,Gurdaspur,Chikungunya,19,2,94,20.21,28.0,77.5,4.4,2299000,767.0
2026-05-02,Gurdaspur,Chikungunya,25,5,64,39.06,26.6,70.1,2.9,2299000,2125.7
2026-05-03,Gurdaspur,Chikungunya,26,3,81,32.1,26.5,74.9,5.0,2299000,839.2
2026-05-04,Gurdaspur,Chikungunya,20,3,67,29.85,24.2,67.0,5.5,2299000,1264.4
2026-05-05,Gurdaspur,Chikungunya,23,2,80,28.75,27.8,75.8,8.2,2299000,1177.3
2026-05-06,Gurdaspur,Chikungunya,13,1,42,30.95,26.3,63.2,0.0,2299000,924.7
2025-11-08,Gurdaspur,Dengue,13,2,45,28.89,25.0,45.3,0.0,2299000,991.8
2025-11-09,Gurdaspur,Dengue,13,1,37,35.14,19.7,44.3,0.0,2299000,1040.4
2025-11-10,Gurdaspur,Dengue,17,3,41,41.46,23.3,57.1,0.0,2299000,1751.8
2025-11-11,Gurdaspur,Dengue,11,2,27,40.74,25.0,51.6,0.0,2299000,937.7
2025-11-12,Gurdaspur,Dengue,16,2,66,24.24,28.7,52.9,2.2,2299000,865.3
2025-11-13,Gurdaspur,Dengue,15,1,49,30.61,23.5,53.2,0.0,2299000,2252.6
2025-11-14,Gurdaspur,Dengue,14,2,63,22.22,25.8,46.9,0.0,2299000,1347.7
2025-11-15,Gurdaspur,Dengue,18,2,55,32.73,27.9,43.9,0.0,2299000,1287.0
2025-11-16,Gurdaspur,Dengue,11,2,29,37.93,29.7,53.0,0.0,2299000,1472.9
2025-11-17,Gurdaspur,Dengue,17,3,58,29.31,23.5,45.6,0.0,2299000,2004.7
2025-11-18,Gurdaspur,Dengue,14,3,39,35.9,25.3,53.7,0.0,2299000,981.9
2025-11-19,Gurdaspur,Dengue,15,3,40,37.5,27.2,57.5,0.0,2299000,1772.9
2025-11-20,Gurdaspur,Dengue,16,3,41,39.02,27.3,59.0,0.0,2299000,989.8
2025-11-21,Gurdaspur,Dengue,17,3,83,20.48,28.7,55.5,0.0,2299000,1502.3
2025-11-22,Gurdaspur,Dengue,14,2,58,24.14,26.4,51.9,0.0,2299000,1168.8
2025-11-23,Gurdaspur,Dengue,14,3,32,43.75,27.5,57.3,0.0,2299000,1781.4
2025-11-24,Gurdaspur,Dengue,18,3,65,27.69,25.7,60.4,0.0,2299000,2342.5
2025-11-25,Gurdaspur,Dengue,17,3,52,32.69,24.7,50.2,0.0,2299000,990.2
2025-11-26,Gurdaspur,Dengue,17,3,59,28.81,30.0,52.2,0.0,2299000,1069.6
2025-11-27,Gurdaspur,Dengue,18,1,81,22.22,28.2,57.9,0.0,2299000,798.9
2025-11-28,Gurdaspur,Dengue,18,1,60,30.0,28.7,42.4,0.0,2299000,2035.7
2025-11-29,Gurdaspur,Dengue,15,3,61,24.59,28.9,55.1,0.0,2299000,810.6
2025-11-30,Gurdaspur,Dengue,15,2,45,33.33,27.9,51.9,0.0,2299000,2044.0
2025-12-01,Gurdaspur,Dengue,18,3,53,33.96,28.5,53.3,0.0,2299000,2007.4
2025-12-02,Gurdaspur,Dengue,16,3,61,26.23,31.1,54.2,0.0,2299000,1586.2
2025-12-03,Gurdaspur,Dengue,15,3,47,31.91,28.8,59.1,0.8,2299000,2082.7
2025-12-04,Gurdaspur,Dengue,19,2,72,26.39,30.6,59.1,0.3,2299000,837.1
2025-12-05,Gurdaspur,Dengue,15,2,34,44.12,26.8,55.7,0.0,2299000,1493.2
2025-12-06,Gurdaspur,Dengue,14,2,40,35.0,28.9,65.2,0.0,2299000,809.7
2025-12-07,Gurdaspur,Dengue,16,3,38,42.11,30.8,53.0,0.0,2299000,1127.5
2025-12-08,Gurdaspur,Dengue,16,3,59,27.12,30.0,58.3,0.0,2299000,1059.0
2025-12-09,Gurdaspur,Dengue,16,3,66,24.24,33.6,61.5,0.1,2299000,819.4
2025-12-10,Gurdaspur,Dengue,12,2,25,48.0,29.9,62.2,0.0,2299000,1651.0
2025-12-11,Gurdaspur,Dengue,16,2,49,32.65,33.2,63.9,0.0,2299000,969.5
2025-12-12,Gurdaspur,Dengue,13,3,61,21.31,28.6,66.9,0.0,2299000,2761.2
2025-12-13,Gurdaspur,Dengue,16,2,52,30.77,28.7,53.7,0.0,2299000,790.1
2025-12-14,Gurdaspur,Dengue,13,2,53,24.53,30.9,61.7,0.0,2299000,917.2
2025-12-15,Gurdaspur,Dengue,15,1,53,28.3,29.8,67.1,1.4,2299000,813.8
2025-12-16,Gurdaspur,Dengue,18,2,62,29.03,31.4,63.8,0.0,2299000,927.9
2025-12-17,Gurdaspur,Dengue,14,2,49,28.57,30.2,68.4,1.8,2299000,1333.1
2025-12-18,Gurdaspur,Dengue,14,1,60,23.33,30.9,63.8,0.0,2299000,919.9
2025-12-19,Gurdaspur,Dengue,15,2,65,23.08,32.6,65.2,0.0,2299000,1180.8
2025-12-20,Gurdaspur,Dengue,18,3,88,20.45,30.4,62.1,0.0,2299000,861.3
2025-12-21,Gurdaspur,Dengue,16,1,53,30.19,31.8,57.8,2.2,2299000,1044.8
2025-12-22,Gurdaspur,Dengue,18,4,84,21.43,36.5,68.5,0.0,2299000,873.6
2025-12-23,Gurdaspur,Dengue,13,2,63,20.63,35.3,60.6,0.0,2299000,1305.0
2025-12-24,Gurdaspur,Dengue,18,1,56,32.14,32.2,68.5,2.3,2299000,1038.9
2025-12-25,Gurdaspur,Dengue,16,3,71,22.54,32.8,68.3,1.0,2299000,1394.9
2025-12-26,Gurdaspur,Dengue,13,1,30,43.33,29.2,74.5,0.0,2299000,2449.7
2025-12-27,Gurdaspur,Dengue,13,1,61,21.31,31.1,68.1,1.5,2299000,1242.4
2025-12-28,Gurdaspur,Dengue,12,2,40,30.0,32.7,64.7,1.5,2299000,860.2
2025-12-29,Gurdaspur,Dengue,15,1,53,28.3,32.7,60.1,4.5,2299000,1240.8
2025-12-30,Gurdaspur,Dengue,21,3,65,32.31,32.9,61.3,0.0,2299000,1430.3
2025-12-31,Gurdaspur,Dengue,19,2,80,23.75,30.0,71.2,0.0,2299000,891.1
2026-01-01,Gurdaspur,Dengue,16,3,44,36.36,35.5,70.8,0.0,2299000,915.8
2026-01-02,Gurdaspur,Dengue,17,3,37,45.95,35.9,62.6,3.5,2299000,1586.3
2026-01-03,Gurdaspur,Dengue,17,3,47,36.17,32.7,73.7,0.0,2299000,876.0
2026-01-04,Gurdaspur,Dengue,15,3,37,40.54,32.2,63.1,0.3,2299000,2725.8
2026-01-05,Gurdaspur,Dengue,20,2,51,39.22,36.5,66.9,0.0,2299000,811.6
2026-01-06,Gurdaspur,Dengue,14,3,47,29.79,32.3,74.4,3.3,2299000,889.9
2026-01-07,Gurdaspur,Dengue,21,2,68,30.88,32.5,68.4,1.1,2299000,1190.7
2026-01-08,Gurdaspur,Dengue,15,1,63,23.81,35.7,73.7,0.0,2299000,1023.2
2026-01-09,Gurdaspur,Dengue,30,6,137,21.9,33.0,71.4,3.9,2299000,1834.2
2026-01-10,Gurdaspur,Dengue,35,5,142,24.65,32.9,62.1,0.0,2299000,1035.7
2026-01-11,Gurdaspur,Dengue,40,6,168,23.81,32.5,84.9,4.5,2299000,827.5
2026-01-12,Gurdaspur,Dengue,33,3,88,37.5,32.3,67.3,0.0,2299000,844.9
2026-01-13,Gurdaspur,Dengue,47,8,190,24.74,30.8,74.0,4.3,2299000,1525.4
2026-01-14,Gurdaspur,Dengue,53,8,106,50.0,32.8,67.9,0.4,2299000,856.6
2026-01-15,Gurdaspur,Dengue,61,13,153,39.87,33.1,81.6,1.4,2299000,2125.7
2026-01-16,Gurdaspur,Dengue,65,9,183,35.52,32.5,67.6,0.0,2299000,1554.1
2026-01-17,Gurdaspur,Dengue,89,9,347,25.65,32.7,77.2,4.0,2299000,1193.9
2026-01-18,Gurdaspur,Dengue,109,16,452,24.12,33.0,71.5,0.0,2299000,798.3
2026-01-19,Gurdaspur,Dengue,100,22,286,34.97,36.8,69.2,0.2,2299000,1500.6
2026-01-20,Gurdaspur,Dengue,89,21,414,21.5,36.6,76.8,6.1,2299000,981.3
2026-01-21,Gurdaspur,Dengue,130,22,263,49.43,35.3,74.8,1.2,2299000,2653.1
2026-01-22,Gurdaspur,Dengue,108,20,248,43.55,35.3,82.1,0.0,2299000,1061.0
2026-01-23,Gurdaspur,Dengue,102,13,413,24.7,38.3,75.4,0.0,2299000,1241.4
2026-01-24,Gurdaspur,Dengue,90,11,380,23.68,30.8,76.7,4.8,2299000,1315.3
2026-01-25,Gurdaspur,Dengue,105,25,229,45.85,31.9,77.5,0.7,2299000,1603.7
2026-01-26,Gurdaspur,Dengue,99,22,375,26.4,37.0,75.9,0.0,2299000,1753.4
2026-01-27,Gurdaspur,Dengue,98,22,438,22.37,38.6,78.5,5.2,2299000,1075.8
2026-01-28,Gurdaspur,Dengue,80,13,287,27.87,37.6,78.1,3.7,2299000,2600.3
2026-01-29,Gurdaspur,Dengue,52,10,172,30.23,34.3,77.9,1.5,2299000,1460.6
2026-01-30,Gurdaspur,Dengue,63,12,262,24.05,36.0,76.1,1.7,2299000,1027.5
2026-01-31,Gurdaspur,Dengue,58,8,151,38.41,35.1,71.0,0.0,2299000,835.6
2026-02-01,Gurdaspur,Dengue,55,11,191,28.8,34.5,77.4,0.1,2299000,1250.6
2026-02-02,Gurdaspur,Dengue,38,9,93,40.86,35.6,80.7,0.9,2299000,952.0
2026-02-03,Gurdaspur,Dengue,35,4,77,45.45,32.7,76.6,2.9,2299000,861.2
2026-02-04,Gurdaspur,Dengue,24,3,88,27.27,39.1,76.9,0.0,2299000,1996.4
2026-02-05,Gurdaspur,Dengue,20,2,61,32.79,35.8,85.8,3.0,2299000,1028.4
2026-02-06,Gurdaspur,Dengue,24,4,86,27.91,33.4,79.7,4.5,2299000,2479.0
2026-02-07,Gurdaspur,Dengue,24,3,85,28.24,32.1,78.0,1.1,2299000,845.1
2026-02-08,Gurdaspur,Dengue,22,4,109,20.18,35.2,73.7,3.6,2299000,834.4
2026-02-09,Gurdaspur,Dengue,21,3,62,33.87,35.3,73.5,4.7,2299000,1054.9
2026-02-10,Gurdaspur,Dengue,20,3,92,21.74,31.5,70.7,1.3,2299000,1060.5
2026-02-11,Gurdaspur,Dengue,21,3,56,37.5,33.9,78.0,4.3,2299000,989.8
2026-02-12,Gurdaspur,Dengue,14,2,40,35.0,32.7,69.7,2.6,2299000,980.8
2026-02-13,Gurdaspur,Dengue,17,1,70,24.29,32.0,85.3,5.4,2299000,1338.2
2026-02-14,Gurdaspur,Dengue,17,2,63,26.98,35.1,87.5,4.9,2299000,1180.7
2026-02-15,Gurdaspur,Dengue,18,2,86,20.93,37.4,73.3,11.3,2299000,2203.7
2026-02-16,Gurdaspur,Dengue,16,3,71,22.54,36.3,80.4,6.5,2299000,1372.9
2026-02-17,Gurdaspur,Dengue,15,1,35,42.86,33.8,84.4,1.3,2299000,1436.2
2026-02-18,Gurdaspur,Dengue,16,3,49,32.65,34.8,73.0,3.1,2299000,2084.7
2026-02-19,Gurdaspur,Dengue,13,2,36,36.11,36.8,75.7,0.5,2299000,1241.2
2026-02-20,Gurdaspur,Dengue,21,3,60,35.0,34.4,71.9,2.0,2299000,1527.5
2026-02-21,Gurdaspur,Dengue,17,3,55,30.91,36.4,78.2,3.7,2299000,1030.0
2026-02-22,Gurdaspur,Dengue,16,1,68,23.53,31.1,84.0,2.5,2299000,1165.7
2026-02-23,Gurdaspur,Dengue,20,2,72,27.78,33.2,84.1,1.8,2299000,798.4
2026-02-24,Gurdaspur,Dengue,12,1,39,30.77,35.5,66.5,0.0,2299000,1214.4
2026-02-25,Gurdaspur,Dengue,20,3,72,27.78,33.3,81.6,9.3,2299000,972.7
2026-02-26,Gurdaspur,Dengue,17,3,56,30.36,30.4,77.5,4.7,2299000,831.5
2026-02-27,Gurdaspur,Dengue,16,2,45,35.56,33.9,81.9,6.8,2299000,788.2
2026-02-28,Gurdaspur,Dengue,12,1,33,36.36,35.4,73.2,0.0,2299000,1969.3
2026-03-01,Gurdaspur,Dengue,20,2,98,20.41,36.0,85.1,5.9,2299000,1892.6
2026-03-02,Gurdaspur,Dengue,17,3,50,34.0,36.9,75.0,3.4,2299000,1015.3
2026-03-03,Gurdaspur,Dengue,19,3,68,27.94,33.5,78.5,1.7,2299000,1131.5
2026-03-04,Gurdaspur,Dengue,13,1,38,34.21,36.0,82.0,5.3,2299000,2721.0
2026-03-05,Gurdaspur,Dengue,19,3,54,35.19,34.8,80.3,1.8,2299000,935.3
2026-03-06,Gurdaspur,Dengue,14,2,29,48.28,33.1,84.4,5.7,2299000,1167.6
2026-03-07,Gurdaspur,Dengue,16,2,47,34.04,33.6,85.2,0.8,2299000,769.2
2026-03-08,Gurdaspur,Dengue,18,1,47,38.3,36.5,78.1,5.7,2299000,980.6
2026-03-09,Gurdaspur,Dengue,22,5,104,21.15,37.1,83.7,9.7,2299000,2601.9
2026-03-10,Gurdaspur,Dengue,17,2,83,20.48,34.3,66.9,3.0,2299000,2397.6
2026-03-11,Gurdaspur,Dengue,20,3,92,21.74,32.5,82.6,0.0,2299000,781.5
2026-03-12,Gurdaspur,Dengue,17,1,73,23.29,36.6,73.6,2.1,2299000,1378.3
2026-03-13,Gurdaspur,Dengue,20,3,42,47.62,32.9,78.0,3.7,2299000,813.9
2026-03-14,Gurdaspur,Dengue,14,3,39,35.9,32.6,77.7,4.5,2299000,2065.4
2026-03-15,Gurdaspur,Dengue,16,3,70,22.86,33.7,79.6,4.6,2299000,941.6
2026-03-16,Gurdaspur,Dengue,15,1,32,46.88,32.9,75.9,5.2,2299000,1560.5
2026-03-17,Gurdaspur,Dengue,19,4,89,21.35,33.2,81.3,7.9,2299000,1432.6
2026-03-18,Gurdaspur,Dengue,17,4,79,21.52,33.7,83.1,6.5,2299000,1846.7
2026-03-19,Gurdaspur,Dengue,16,3,68,23.53,33.0,79.2,8.6,2299000,2680.1
2026-03-20,Gurdaspur,Dengue,16,3,37,43.24,34.9,78.6,10.6,2299000,2012.0
2026-03-21,Gurdaspur,Dengue,16,2,75,21.33,32.4,79.8,6.6,2299000,1552.6
2026-03-22,Gurdaspur,Dengue,15,3,66,22.73,29.6,84.0,3.4,2299000,779.0
2026-03-23,Gurdaspur,Dengue,20,2,95,21.05,36.7,73.3,7.9,2299000,1689.8
2026-03-24,Gurdaspur,Dengue,15,1,57,26.32,26.9,77.9,7.4,2299000,1122.7
2026-03-25,Gurdaspur,Dengue,18,4,46,39.13,28.3,74.1,3.8,2299000,1720.1
2026-03-26,Gurdaspur,Dengue,19,3,64,29.69,30.0,81.5,3.9,2299000,773.5
2026-03-27,Gurdaspur,Dengue,17,2,66,25.76,31.6,77.1,4.6,2299000,822.2
2026-03-28,Gurdaspur,Dengue,15,2,33,45.45,32.1,78.5,7.5,2299000,888.7
2026-03-29,Gurdaspur,Dengue,13,1,35,37.14,27.2,73.9,10.8,2299000,1233.7
2026-03-30,Gurdaspur,Dengue,18,3,66,27.27,31.6,77.1,6.6,2299000,2680.7
2026-03-31,Gurdaspur,Dengue,14,2,52,26.92,31.5,82.8,1.5,2299000,1894.9
2026-04-01,Gurdaspur,Dengue,11,1,24,45.83,34.6,74.1,5.2,2299000,1389.8
2026-04-02,Gurdaspur,Dengue,19,3,93,20.43,29.3,81.8,7.3,2299000,838.0
2026-04-03,Gurdaspur,Dengue,15,3,63,23.81,34.5,88.0,6.2,2299000,2126.1
2026-04-04,Gurdaspur,Dengue,14,3,32,43.75,28.7,82.3,6.7,2299000,1980.6
2026-04-05,Gurdaspur,Dengue,17,2,41,41.46,32.7,83.8,14.5,2299000,913.5
2026-04-06,Gurdaspur,Dengue,17,2,43,39.53,27.1,76.8,1.3,2299000,930.3
2026-04-07,Gurdaspur,Dengue,19,3,42,45.24,29.1,68.2,7.3,2299000,813.1
2026-04-08,Gurdaspur,Dengue,15,2,50,30.0,29.9,79.0,4.6,2299000,1175.6
2026-04-09,Gurdaspur,Dengue,15,1,44,34.09,31.0,78.7,10.0,2299000,2169.3
2026-04-10,Gurdaspur,Dengue,17,2,47,36.17,31.0,78.5,4.0,2299000,1605.3
2026-04-11,Gurdaspur,Dengue,16,2,53,30.19,29.9,75.9,6.6,2299000,2422.5
2026-04-12,Gurdaspur,Dengue,14,2,59,23.73,30.5,72.5,7.2,2299000,991.3
2026-04-13,Gurdaspur,Dengue,20,2,53,37.74,30.2,85.5,5.9,2299000,1359.0
2026-04-14,Gurdaspur,Dengue,14,2,52,26.92,31.8,74.8,0.5,2299000,930.7
2026-04-15,Gurdaspur,Dengue,13,2,44,29.55,30.4,80.8,7.9,2299000,2176.7
2026-04-16,Gurdaspur,Dengue,13,2,62,20.97,29.4,73.5,4.4,2299000,844.6
2026-04-17,Gurdaspur,Dengue,16,3,36,44.44,28.1,80.3,5.6,2299000,2591.8
2026-04-18,Gurdaspur,Dengue,14,1,29,48.28,31.1,74.2,7.8,2299000,929.0
2026-04-19,Gurdaspur,Dengue,16,2,72,22.22,26.5,85.5,5.9,2299000,1474.3
2026-04-20,Gurdaspur,Dengue,11,1,26,42.31,25.9,77.4,3.8,2299000,1235.3
2026-04-21,Gurdaspur,Dengue,14,1,66,21.21,25.7,75.0,4.6,2299000,1856.0
2026-04-22,Gurdaspur,Dengue,18,1,61,29.51,27.7,71.2,5.9,2299000,2596.5
2026-04-23,Gurdaspur,Dengue,16,3,38,42.11,25.2,67.4,6.5,2299000,1164.5
2026-04-24,Gurdaspur,Dengue,12,2,28,42.86,26.4,73.2,1.2,2299000,1136.6
2026-04-25,Gurdaspur,Dengue,11,1,48,22.92,28.8,77.9,0.9,2299000,992.8
2026-04-26,Gurdaspur,Dengue,16,2,77,20.78,22.4,77.2,3.9,2299000,2440.1
2026-04-27,Gurdaspur,Dengue,14,1,68,20.59,28.6,78.0,2.8,2299000,964.6
2026-04-28,Gurdaspur,Dengue,15,2,57,26.32,25.0,73.2,0.0,2299000,905.1
2026-04-29,Gurdaspur,Dengue,15,3,67,22.39,26.1,58.2,2.1,2299000,1155.1
2026-04-30,Gurdaspur,Dengue,13,1,38,34.21,26.6,65.7,5.4,2299000,798.5
2026-05-01,Gurdaspur,Dengue,16,1,70,22.86,29.2,70.4,0.4,2299000,927.9
2026-05-02,Gurdaspur,Dengue,16,3,45,35.56,25.2,68.6,6.0,2299000,2799.4
2026-05-03,Gurdaspur,Dengue,17,4,36,47.22,24.5,71.8,2.9,2299000,952.0
2026-05-04,Gurdaspur,Dengue,20,3,78,25.64,22.9,68.2,0.0,2299000,1019.6
2026-05-05,Gurdaspur,Dengue,14,2,61,22.95,26.1,67.5,3.2,2299000,874.1
2026-05-06,Gurdaspur,Dengue,17,3,47,36.17,25.7,70.5,3.1,2299000,1550.7
2025-11-08,Gurdaspur,Influenza,27,5,74,36.49,24.8,42.1,0.0,2299000,2066.4
2025-11-09,Gurdaspur,Influenza,22,2,102,21.57,25.5,53.1,0.0,2299000,1710.0
2025-11-10,Gurdaspur,Influenza,25,3,56,44.64,24.3,53.5,0.0,2299000,1140.5
2025-11-11,Gurdaspur,Influenza,29,5,78,37.18,26.6,47.1,0.0,2299000,816.0
2025-11-12,Gurdaspur,Influenza,21,2,60,35.0,28.1,47.8,0.0,2299000,2289.0
2025-11-13,Gurdaspur,Influenza,23,3,69,33.33,21.5,43.6,0.0,2299000,1842.7
2025-11-14,Gurdaspur,Influenza,24,3,81,29.63,23.2,57.7,0.0,2299000,1572.4
2025-11-15,Gurdaspur,Influenza,19,3,80,23.75,26.0,54.1,0.0,2299000,839.5
2025-11-16,Gurdaspur,Influenza,21,3,72,29.17,22.7,51.0,0.0,2299000,1845.0
2025-11-17,Gurdaspur,Influenza,22,3,73,30.14,27.1,55.0,0.0,2299000,1372.4
2025-11-18,Gurdaspur,Influenza,25,2,84,29.76,26.4,53.6,0.0,2299000,1953.3
2025-11-19,Gurdaspur,Influenza,20,3,49,40.82,27.0,45.1,0.0,2299000,1993.2
2025-11-20,Gurdaspur,Influenza,33,8,78,42.31,27.2,48.0,0.0,2299000,774.0
2025-11-21,Gurdaspur,Influenza,29,4,76,38.16,24.2,53.3,0.0,2299000,1654.8
2025-11-22,Gurdaspur,Influenza,24,4,65,36.92,26.1,51.8,0.0,2299000,871.5
2025-11-23,Gurdaspur,Influenza,28,5,86,32.56,26.5,58.9,0.0,2299000,1298.8
2025-11-24,Gurdaspur,Influenza,25,3,56,44.64,26.3,60.0,0.0,2299000,1526.3
2025-11-25,Gurdaspur,Influenza,23,5,69,33.33,25.1,52.0,0.0,2299000,1740.4
2025-11-26,Gurdaspur,Influenza,27,5,66,40.91,29.5,53.8,0.0,2299000,2465.3
2025-11-27,Gurdaspur,Influenza,37,7,130,28.46,26.8,53.6,0.0,2299000,1335.2
2025-11-28,Gurdaspur,Influenza,26,6,84,30.95,23.2,61.8,0.0,2299000,1327.2
2025-11-29,Gurdaspur,Influenza,27,5,118,22.88,28.4,54.9,0.7,2299000,848.5
2025-11-30,Gurdaspur,Influenza,24,2,113,21.24,31.7,56.6,0.0,2299000,790.4
2025-12-01,Gurdaspur,Influenza,22,3,52,42.31,29.0,53.4,0.0,2299000,1919.5
2025-12-02,Gurdaspur,Influenza,31,6,117,26.5,28.4,58.2,0.0,2299000,975.1
2025-12-03,Gurdaspur,Influenza,26,2,93,27.96,28.5,55.5,0.0,2299000,1820.9
2025-12-04,Gurdaspur,Influenza,26,5,126,20.63,26.9,56.0,0.0,2299000,1058.2
2025-12-05,Gurdaspur,Influenza,28,3,122,22.95,32.2,56.2,0.0,2299000,1209.4
2025-12-06,Gurdaspur,Influenza,28,4,128,21.88,32.8,56.7,0.0,2299000,857.2
2025-12-07,Gurdaspur,Influenza,32,6,120,26.67,26.0,65.6,0.3,2299000,1278.7
2025-12-08,Gurdaspur,Influenza,27,6,116,23.28,32.1,59.2,0.9,2299000,2604.2
2025-12-09,Gurdaspur,Influenza,27,6,74,36.49,29.2,56.1,0.0,2299000,780.1
2025-12-10,Gurdaspur,Influenza,25,3,116,21.55,31.7,60.6,0.0,2299000,1505.1
2025-12-11,Gurdaspur,Influenza,28,5,89,31.46,29.7,71.2,0.0,2299000,2461.3
2025-12-12,Gurdaspur,Influenza,28,4,57,49.12,29.8,66.5,0.0,2299000,886.3
2025-12-13,Gurdaspur,Influenza,26,6,83,31.33,33.1,57.2,0.0,2299000,1863.1
2025-12-14,Gurdaspur,Influenza,29,5,116,25.0,30.6,53.8,0.0,2299000,945.0
2025-12-15,Gurdaspur,Influenza,32,5,77,41.56,33.7,62.9,0.0,2299000,2102.4
2025-12-16,Gurdaspur,Influenza,32,4,102,31.37,31.6,71.9,2.7,2299000,1076.8
2025-12-17,Gurdaspur,Influenza,30,3,79,37.97,33.8,56.8,0.0,2299000,2464.5
2025-12-18,Gurdaspur,Influenza,26,3,98,26.53,29.8,68.4,0.0,2299000,1337.2
2025-12-19,Gurdaspur,Influenza,28,3,58,48.28,31.2,53.3,0.7,2299000,1357.1
2025-12-20,Gurdaspur,Influenza,26,4,69,37.68,32.7,60.5,0.0,2299000,1575.5
2025-12-21,Gurdaspur,Influenza,25,5,51,49.02,33.9,65.4,0.0,2299000,1569.7
2025-12-22,Gurdaspur,Influenza,24,4,84,28.57,36.3,59.5,0.0,2299000,1113.8
2025-12-23,Gurdaspur,Influenza,34,7,162,20.99,29.7,72.7,0.0,2299000,937.9
2025-12-24,Gurdaspur,Influenza,31,4,137,22.63,34.2,72.0,0.0,2299000,1702.4
2025-12-25,Gurdaspur,Influenza,36,7,161,22.36,32.1,63.1,0.0,2299000,855.6
2025-12-26,Gurdaspur,Influenza,29,5,58,50.0,35.7,69.8,0.0,2299000,1260.0
2025-12-27,Gurdaspur,Influenza,38,6,110,34.55,33.2,70.9,0.0,2299000,1309.5
2025-12-28,Gurdaspur,Influenza,22,3,98,22.45,30.1,68.5,0.0,2299000,881.6
2025-12-29,Gurdaspur,Influenza,26,2,104,25.0,31.5,57.2,0.0,2299000,1535.6
2025-12-30,Gurdaspur,Influenza,35,4,159,22.01,35.9,68.5,0.0,2299000,1402.9
2025-12-31,Gurdaspur,Influenza,35,4,126,27.78,32.3,69.2,0.0,2299000,847.1
2026-01-01,Gurdaspur,Influenza,32,3,67,47.76,30.7,66.0,3.1,2299000,2488.5
2026-01-02,Gurdaspur,Influenza,37,5,155,23.87,36.6,65.2,2.3,2299000,1111.6
2026-01-03,Gurdaspur,Influenza,25,3,122,20.49,33.1,74.3,1.1,2299000,979.5
2026-01-04,Gurdaspur,Influenza,26,5,69,37.68,34.9,74.6,0.0,2299000,1001.8
2026-01-05,Gurdaspur,Influenza,30,3,83,36.14,32.3,73.3,0.6,2299000,1356.5
2026-01-06,Gurdaspur,Influenza,26,3,87,29.89,34.5,68.9,4.2,2299000,846.2
2026-01-07,Gurdaspur,Influenza,36,4,169,21.3,32.2,68.3,0.0,2299000,1082.5
2026-01-08,Gurdaspur,Influenza,31,6,64,48.44,32.2,66.3,6.5,2299000,1606.5
2026-01-09,Gurdaspur,Influenza,35,6,137,25.55,35.3,72.0,0.0,2299000,2094.3
2026-01-10,Gurdaspur,Influenza,24,4,117,20.51,30.6,83.4,3.7,2299000,1319.5
2026-01-11,Gurdaspur,Influenza,31,3,77,40.26,31.5,71.6,0.0,2299000,1048.9
2026-01-12,Gurdaspur,Influenza,19,2,80,23.75,36.7,72.9,0.0,2299000,2845.2
2026-01-13,Gurdaspur,Influenza,37,7,90,41.11,31.5,70.1,2.7,2299000,1012.2
2026-01-14,Gurdaspur,Influenza,35,4,78,44.87,33.0,70.6,0.0,2299000,1233.1
2026-01-15,Gurdaspur,Influenza,23,2,82,28.05,35.6,73.3,1.2,2299000,1287.9
2026-01-16,Gurdaspur,Influenza,25,4,82,30.49,35.8,73.2,3.3,2299000,1033.7
2026-01-17,Gurdaspur,Influenza,30,3,112,26.79,33.2,83.4,5.0,2299000,1203.1
2026-01-18,Gurdaspur,Influenza,39,4,130,30.0,32.2,75.6,3.8,2299000,1002.6
2026-01-19,Gurdaspur,Influenza,29,6,91,31.87,32.5,74.8,5.9,2299000,766.5
2026-01-20,Gurdaspur,Influenza,36,7,170,21.18,33.9,68.4,2.1,2299000,1199.8
2026-01-21,Gurdaspur,Influenza,33,5,146,22.6,36.1,68.5,5.6,2299000,825.7
2026-01-22,Gurdaspur,Influenza,44,10,173,25.43,36.3,78.3,0.0,2299000,867.9
2026-01-23,Gurdaspur,Influenza,36,6,110,32.73,40.6,75.7,5.1,2299000,1732.8
2026-01-24,Gurdaspur,Influenza,31,7,115,26.96,31.9,72.6,4.5,2299000,2050.5
2026-01-25,Gurdaspur,Influenza,29,3,99,29.29,38.6,67.9,0.0,2299000,1801.5
2026-01-26,Gurdaspur,Influenza,22,2,89,24.72,35.9,73.1,2.7,2299000,1396.9
2026-01-27,Gurdaspur,Influenza,30,6,144,20.83,31.8,71.9,4.3,2299000,983.4
2026-01-28,Gurdaspur,Influenza,33,3,109,30.28,31.7,77.9,3.8,2299000,2037.0
2026-01-29,Gurdaspur,Influenza,30,3,75,40.0,35.8,81.6,0.0,2299000,1238.4
2026-01-30,Gurdaspur,Influenza,33,3,114,28.95,35.4,76.7,0.0,2299000,925.6
2026-01-31,Gurdaspur,Influenza,29,5,110,26.36,37.4,85.2,1.7,2299000,2836.2
2026-02-01,Gurdaspur,Influenza,24,3,69,34.78,38.7,76.6,4.4,2299000,1348.3
2026-02-02,Gurdaspur,Influenza,25,3,65,38.46,31.0,74.0,4.3,2299000,931.4
2026-02-03,Gurdaspur,Influenza,34,7,96,35.42,36.1,78.3,0.0,2299000,1025.3
2026-02-04,Gurdaspur,Influenza,38,6,189,20.11,36.0,71.0,2.7,2299000,2706.6
2026-02-05,Gurdaspur,Influenza,42,8,124,33.87,36.2,75.8,4.3,2299000,2403.4
2026-02-06,Gurdaspur,Influenza,30,5,77,38.96,33.2,71.0,0.0,2299000,1908.0
2026-02-07,Gurdaspur,Influenza,23,3,58,39.66,34.2,66.6,5.2,2299000,852.0
2026-02-08,Gurdaspur,Influenza,35,4,70,50.0,37.9,77.6,3.8,2299000,1881.1
2026-02-09,Gurdaspur,Influenza,51,10,132,38.64,34.0,75.3,12.2,2299000,2290.2
2026-02-10,Gurdaspur,Influenza,54,11,218,24.77,34.6,88.3,0.0,2299000,1030.6
2026-02-11,Gurdaspur,Influenza,59,6,256,23.05,33.0,76.4,2.6,2299000,1308.4
2026-02-12,Gurdaspur,Influenza,45,6,163,27.61,36.6,82.2,3.6,2299000,2311.0
2026-02-13,Gurdaspur,Influenza,47,4,151,31.13,37.8,80.5,1.8,2299000,817.5
2026-02-14,Gurdaspur,Influenza,64,9,302,21.19,34.7,71.4,0.0,2299000,1584.9
2026-02-15,Gurdaspur,Influenza,76,10,180,42.22,33.0,80.3,0.0,2299000,2545.9
2026-02-16,Gurdaspur,Influenza,69,14,257,26.85,34.7,80.9,4.3,2299000,891.1
2026-02-17,Gurdaspur,Influenza,69,13,330,20.91,34.2,76.2,4.2,2299000,1521.6
2026-02-18,Gurdaspur,Influenza,92,19,397,23.17,36.7,76.7,0.0,2299000,927.9
2026-02-19,Gurdaspur,Influenza,94,22,315,29.84,32.4,77.9,7.5,2299000,1715.0
2026-02-20,Gurdaspur,Influenza,99,12,199,49.75,35.2,77.7,9.4,2299000,785.0
2026-02-21,Gurdaspur,Influenza,96,12,423,22.7,33.9,85.4,5.8,2299000,2738.7
2026-02-22,Gurdaspur,Influenza,96,10,248,38.71,35.1,84.3,9.1,2299000,1356.0
2026-02-23,Gurdaspur,Influenza,90,17,428,21.03,32.6,81.1,0.0,2299000,1973.1
2026-02-24,Gurdaspur,Influenza,95,13,345,27.54,35.4,73.3,9.0,2299000,1392.5
2026-02-25,Gurdaspur,Influenza,115,22,291,39.52,36.5,74.9,1.9,2299000,905.1
2026-02-26,Gurdaspur,Influenza,106,20,469,22.6,32.9,76.9,3.4,2299000,995.4
2026-02-27,Gurdaspur,Influenza,102,18,303,33.66,30.4,84.7,4.9,2299000,2050.3
2026-02-28,Gurdaspur,Influenza,106,26,521,20.35,37.3,78.3,6.2,2299000,1368.4
2026-03-01,Gurdaspur,Influenza,98,14,413,23.73,34.0,72.9,3.5,2299000,1030.8
2026-03-02,Gurdaspur,Influenza,88,19,420,20.95,34.3,82.3,2.9,2299000,1058.9
2026-03-03,Gurdaspur,Influenza,79,18,304,25.99,34.6,68.2,5.0,2299000,947.1
2026-03-04,Gurdaspur,Influenza,65,11,167,38.92,33.1,86.9,5.5,2299000,1250.2
2026-03-05,Gurdaspur,Influenza,77,12,365,21.1,34.6,80.0,4.6,2299000,1035.1
2026-03-06,Gurdaspur,Influenza,68,8,172,39.53,32.9,69.3,1.7,2299000,1242.0
2026-03-07,Gurdaspur,Influenza,43,9,144,29.86,29.0,75.2,0.2,2299000,1798.0
2026-03-08,Gurdaspur,Influenza,46,5,136,33.82,32.7,75.8,1.9,2299000,1141.7
2026-03-09,Gurdaspur,Influenza,50,7,180,27.78,31.6,85.5,2.8,2299000,1281.7
2026-03-10,Gurdaspur,Influenza,46,4,139,33.09,32.7,83.0,5.0,2299000,2683.8
2026-03-11,Gurdaspur,Influenza,26,3,83,31.33,28.8,78.4,3.5,2299000,1949.8
2026-03-12,Gurdaspur,Influenza,30,4,99,30.3,32.5,80.6,7.0,2299000,2421.0
2026-03-13,Gurdaspur,Influenza,23,4,52,44.23,34.6,80.7,2.1,2299000,795.3
2026-03-14,Gurdaspur,Influenza,24,3,97,24.74,31.2,79.5,1.1,2299000,1473.6
2026-03-15,Gurdaspur,Influenza,35,3,108,32.41,30.8,74.1,2.4,2299000,1628.0
2026-03-16,Gurdaspur,Influenza,27,5,91,29.67,33.0,84.3,7.0,2299000,1358.1
2026-03-17,Gurdaspur,Influenza,25,3,80,31.25,32.8,85.2,0.2,2299000,2161.1
2026-03-18,Gurdaspur,Influenza,30,3,72,41.67,33.0,76.1,0.8,2299000,1539.3
2026-03-19,Gurdaspur,Influenza,33,3,164,20.12,30.0,78.6,2.5,2299000,1288.0
2026-03-20,Gurdaspur,Influenza,35,7,137,25.55,30.0,81.2,3.7,2299000,969.4
2026-03-21,Gurdaspur,Influenza,31,3,130,23.85,33.5,78.7,2.4,2299000,861.1
2026-03-22,Gurdaspur,Influenza,23,2,72,31.94,30.2,84.3,5.8,2299000,1053.1
2026-03-23,Gurdaspur,Influenza,20,4,86,23.26,30.6,72.2,3.0,2299000,1015.8
2026-03-24,Gurdaspur,Influenza,32,7,99,32.32,33.7,80.1,4.7,2299000,1674.6
2026-03-25,Gurdaspur,Influenza,31,7,112,27.68,31.9,75.4,10.0,2299000,1970.2
2026-03-26,Gurdaspur,Influenza,35,3,87,40.23,32.4,84.9,7.1,2299000,1608.0
2026-03-27,Gurdaspur,Influenza,30,4,110,27.27,33.4,76.6,2.6,2299000,1698.8
2026-03-28,Gurdaspur,Influenza,29,6,101,28.71,31.5,76.8,7.6,2299000,1251.3
2026-03-29,Gurdaspur,Influenza,32,3,123,26.02,28.9,82.7,1.3,2299000,1029.2
2026-03-30,Gurdaspur,Influenza,30,4,71,42.25,28.3,86.7,1.3,2299000,1012.7
2026-03-31,Gurdaspur,Influenza,30,4,88,34.09,31.6,78.4,6.9,2299000,1438.8
2026-04-01,Gurdaspur,Influenza,33,5,164,20.12,30.3,81.1,4.6,2299000,847.1
2026-04-02,Gurdaspur,Influenza,30,6,124,24.19,31.4,82.6,5.2,2299000,913.0
2026-04-03,Gurdaspur,Influenza,27,3,105,25.71,33.6,82.4,10.2,2299000,1177.6
2026-04-04,Gurdaspur,Influenza,33,7,71,46.48,31.3,81.5,0.0,2299000,827.1
2026-04-05,Gurdaspur,Influenza,32,4,94,34.04,28.4,80.6,4.1,2299000,788.9
2026-04-06,Gurdaspur,Influenza,28,5,96,29.17,31.0,78.6,3.5,2299000,963.8
2026-04-07,Gurdaspur,Influenza,28,3,133,21.05,25.8,82.3,5.0,2299000,813.0
2026-04-08,Gurdaspur,Influenza,23,4,108,21.3,29.3,79.4,5.6,2299000,830.9
2026-04-09,Gurdaspur,Influenza,32,6,147,21.77,30.5,75.9,10.2,2299000,1044.2
2026-04-10,Gurdaspur,Influenza,26,3,92,28.26,29.5,78.0,6.7,2299000,1016.9
2026-04-11,Gurdaspur,Influenza,35,5,117,29.91,32.3,82.9,6.7,2299000,1324.9
2026-04-12,Gurdaspur,Influenza,28,5,64,43.75,31.7,81.3,10.1,2299000,859.9
2026-04-13,Gurdaspur,Influenza,34,4,108,31.48,28.6,79.6,5.2,2299000,2374.0
2026-04-14,Gurdaspur,Influenza,25,3,100,25.0,28.0,79.2,3.6,2299000,1042.7
2026-04-15,Gurdaspur,Influenza,19,2,78,24.36,29.9,72.9,3.2,2299000,1412.4
2026-04-16,Gurdaspur,Influenza,27,4,89,30.34,26.8,85.5,5.2,2299000,1848.9
2026-04-17,Gurdaspur,Influenza,27,5,61,44.26,25.9,79.7,3.0,2299000,833.0
2026-04-18,Gurdaspur,Influenza,38,9,186,20.43,27.1,74.9,9.8,2299000,1676.6
2026-04-19,Gurdaspur,Influenza,37,8,173,21.39,26.4,87.3,9.9,2299000,2148.6
2026-04-20,Gurdaspur,Influenza,33,8,99,33.33,30.8,71.3,8.0,2299000,1189.0
2026-04-21,Gurdaspur,Influenza,21,3,73,28.77,26.2,76.9,2.9,2299000,825.6
2026-04-22,Gurdaspur,Influenza,24,5,112,21.43,27.4,72.4,6.2,2299000,961.4
2026-04-23,Gurdaspur,Influenza,21,2,74,28.38,28.6,78.8,4.3,2299000,826.3
2026-04-24,Gurdaspur,Influenza,24,3,111,21.62,27.9,71.9,5.3,2299000,2152.1
2026-04-25,Gurdaspur,Influenza,31,3,129,24.03,24.9,72.4,3.1,2299000,885.0
2026-04-26,Gurdaspur,Influenza,31,6,87,35.63,22.8,70.1,9.1,2299000,800.8
2026-04-27,Gurdaspur,Influenza,25,5,110,22.73,26.0,67.1,5.8,2299000,2837.0
2026-04-28,Gurdaspur,Influenza,28,5,85,32.94,24.8,76.8,4.8,2299000,1160.6
2026-04-29,Gurdaspur,Influenza,35,7,164,21.34,27.6,80.8,3.4,2299000,2520.0
2026-04-30,Gurdaspur,Influenza,23,2,85,27.06,27.3,69.2,0.3,2299000,1469.4
2026-05-01,Gurdaspur,Influenza,28,3,83,33.73,27.6,72.4,6.8,2299000,2224.0
2026-05-02,Gurdaspur,Influenza,19,2,41,46.34,26.2,70.1,5.4,2299000,1521.5
2026-05-03,Gurdaspur,Influenza,24,4,53,45.28,28.2,66.8,0.0,2299000,1018.5
2026-05-04,Gurdaspur,Influenza,18,4,53,33.96,25.0,67.8,3.7,2299000,1620.3
2026-05-05,Gurdaspur,Influenza,24,5,51,47.06,25.0,65.5,3.6,2299000,972.6
2026-05-06,Gurdaspur,Influenza,24,3,61,39.34,26.9,75.7,2.7,2299000,806.2
2025-11-08,Gurdaspur,Malaria,19,3,71,26.76,22.3,51.3,0.0,2299000,972.6
2025-11-09,Gurdaspur,Malaria,14,2,67,20.9,25.5,43.3,0.0,2299000,796.2
2025-11-10,Gurdaspur,Malaria,17,3,78,21.79,26.5,49.0,0.0,2299000,1189.4
2025-11-11,Gurdaspur,Malaria,15,3,31,48.39,28.4,44.8,0.0,2299000,895.3
2025-11-12,Gurdaspur,Malaria,16,3,70,22.86,25.4,42.1,0.5,2299000,1116.5
2025-11-13,Gurdaspur,Malaria,13,1,27,48.15,26.6,41.0,0.0,2299000,1332.3
2025-11-14,Gurdaspur,Malaria,16,1,52,30.77,25.6,50.0,0.0,2299000,1286.8
2025-11-15,Gurdaspur,Malaria,14,2,43,32.56,23.1,57.2,0.0,2299000,925.3
2025-11-16,Gurdaspur,Malaria,13,1,57,22.81,25.9,53.7,0.0,2299000,768.1
2025-11-17,Gurdaspur,Malaria,19,2,43,44.19,27.7,49.6,1.0,2299000,1152.3
2025-11-18,Gurdaspur,Malaria,21,5,65,32.31,27.6,53.8,0.0,2299000,1986.0
2025-11-19,Gurdaspur,Malaria,18,2,43,41.86,24.0,57.2,0.0,2299000,1031.3
2025-11-20,Gurdaspur,Malaria,18,2,71,25.35,24.3,47.0,0.0,2299000,2833.0
2025-11-21,Gurdaspur,Malaria,15,2,44,34.09,24.3,52.9,0.0,2299000,1699.9
2025-11-22,Gurdaspur,Malaria,19,2,79,24.05,27.9,47.4,0.0,2299000,949.2
2025-11-23,Gurdaspur,Malaria,18,2,56,32.14,26.5,48.6,0.0,2299000,781.6
2025-11-24,Gurdaspur,Malaria,18,2,40,45.0,31.3,56.3,0.0,2299000,916.1
2025-11-25,Gurdaspur,Malaria,11,1,34,32.35,27.8,64.0,0.0,2299000,2123.4
2025-11-26,Gurdaspur,Malaria,19,3,47,40.43,27.8,47.3,0.0,2299000,1610.9
2025-11-27,Gurdaspur,Malaria,16,3,37,43.24,23.6,56.8,0.0,2299000,2733.0
2025-11-28,Gurdaspur,Malaria,19,3,52,36.54,29.1,52.9,0.0,2299000,1421.1
2025-11-29,Gurdaspur,Malaria,21,4,55,38.18,30.9,66.2,0.0,2299000,1811.5
2025-11-30,Gurdaspur,Malaria,21,2,64,32.81,29.3,64.3,3.2,2299000,1115.6
2025-12-01,Gurdaspur,Malaria,18,2,59,30.51,28.9,49.3,0.0,2299000,776.9
2025-12-02,Gurdaspur,Malaria,17,2,83,20.48,30.1,54.8,0.0,2299000,1958.0
2025-12-03,Gurdaspur,Malaria,18,2,54,33.33,31.4,63.7,0.0,2299000,1519.1
2025-12-04,Gurdaspur,Malaria,22,2,58,37.93,28.5,59.4,0.0,2299000,2265.7
2025-12-05,Gurdaspur,Malaria,18,2,77,23.38,34.1,54.0,0.0,2299000,961.6
2025-12-06,Gurdaspur,Malaria,17,2,74,22.97,29.3,62.7,1.1,2299000,2614.1
2025-12-07,Gurdaspur,Malaria,17,3,60,28.33,29.1,58.6,0.9,2299000,1432.0
2025-12-08,Gurdaspur,Malaria,14,3,33,42.42,31.4,60.6,0.0,2299000,1696.4
2025-12-09,Gurdaspur,Malaria,19,4,78,24.36,36.2,52.6,0.0,2299000,1679.9
2025-12-10,Gurdaspur,Malaria,12,1,33,36.36,31.6,58.9,0.6,2299000,1339.4
2025-12-11,Gurdaspur,Malaria,22,4,104,21.15,27.8,65.6,0.0,2299000,1897.8
2025-12-12,Gurdaspur,Malaria,20,3,63,31.75,28.1,61.2,0.4,2299000,1841.5
2025-12-13,Gurdaspur,Malaria,16,3,47,34.04,28.5,55.8,0.0,2299000,1637.7
2025-12-14,Gurdaspur,Malaria,20,4,85,23.53,31.7,61.5,0.0,2299000,795.4
2025-12-15,Gurdaspur,Malaria,12,1,40,30.0,34.6,60.4,0.0,2299000,1426.2
2025-12-16,Gurdaspur,Malaria,19,4,93,20.43,29.9,70.5,0.0,2299000,839.3
2025-12-17,Gurdaspur,Malaria,13,3,63,20.63,29.6,58.4,2.9,2299000,813.4
2025-12-18,Gurdaspur,Malaria,21,2,89,23.6,31.7,61.9,0.0,2299000,2299.4
2025-12-19,Gurdaspur,Malaria,21,4,79,26.58,32.2,63.6,0.0,2299000,1201.0
2025-12-20,Gurdaspur,Malaria,21,3,80,26.25,32.3,66.9,0.0,2299000,864.1
2025-12-21,Gurdaspur,Malaria,24,4,86,27.91,31.4,62.3,0.5,2299000,1734.5
2025-12-22,Gurdaspur,Malaria,18,2,88,20.45,33.4,68.3,0.0,2299000,1536.7
2025-12-23,Gurdaspur,Malaria,20,4,76,26.32,31.1,65.6,0.0,2299000,1932.5
2025-12-24,Gurdaspur,Malaria,20,2,61,32.79,31.5,73.5,1.5,2299000,767.9
2025-12-25,Gurdaspur,Malaria,14,2,38,36.84,38.0,67.8,0.0,2299000,1736.5
2025-12-26,Gurdaspur,Malaria,20,2,84,23.81,29.9,68.0,4.3,2299000,1444.7
2025-12-27,Gurdaspur,Malaria,17,1,36,47.22,31.3,72.0,5.9,2299000,1209.2
2025-12-28,Gurdaspur,Malaria,18,2,71,25.35,29.4,71.3,0.0,2299000,1030.7
2025-12-29,Gurdaspur,Malaria,22,4,56,39.29,30.1,68.0,0.0,2299000,1595.9
2025-12-30,Gurdaspur,Malaria,23,4,62,37.1,36.1,65.4,0.0,2299000,921.5
2025-12-31,Gurdaspur,Malaria,21,3,47,44.68,33.9,65.3,0.0,2299000,1978.5
2026-01-01,Gurdaspur,Malaria,20,3,78,25.64,33.3,65.7,2.0,2299000,1365.6
2026-01-02,Gurdaspur,Malaria,17,2,74,22.97,31.5,67.7,1.1,2299000,938.6
2026-01-03,Gurdaspur,Malaria,23,2,81,28.4,35.1,71.5,1.7,2299000,1089.8
2026-01-04,Gurdaspur,Malaria,26,3,85,30.59,33.5,70.6,3.6,2299000,2098.4
2026-01-05,Gurdaspur,Malaria,21,4,60,35.0,33.1,67.3,2.5,2299000,2551.1
2026-01-06,Gurdaspur,Malaria,13,1,40,32.5,30.2,65.2,2.7,2299000,1133.1
2026-01-07,Gurdaspur,Malaria,19,2,43,44.19,37.3,66.0,0.0,2299000,1742.0
2026-01-08,Gurdaspur,Malaria,23,2,84,27.38,33.3,66.2,0.0,2299000,990.0
2026-01-09,Gurdaspur,Malaria,20,3,83,24.1,30.7,66.3,0.0,2299000,978.2
2026-01-10,Gurdaspur,Malaria,20,2,82,24.39,35.7,68.5,0.0,2299000,974.9
2026-01-11,Gurdaspur,Malaria,16,1,34,47.06,35.5,71.1,0.1,2299000,2504.1
2026-01-12,Gurdaspur,Malaria,20,2,49,40.82,39.2,70.1,0.0,2299000,1084.1
2026-01-13,Gurdaspur,Malaria,18,2,61,29.51,36.6,78.3,4.8,2299000,1180.6
2026-01-14,Gurdaspur,Malaria,18,4,51,35.29,35.3,78.5,0.0,2299000,2119.2
2026-01-15,Gurdaspur,Malaria,18,3,53,33.96,32.1,66.1,1.9,2299000,770.3
2026-01-16,Gurdaspur,Malaria,26,2,112,23.21,36.9,77.4,6.3,2299000,820.0
2026-01-17,Gurdaspur,Malaria,21,5,43,48.84,34.8,71.1,0.0,2299000,1638.7
2026-01-18,Gurdaspur,Malaria,22,2,58,37.93,34.3,78.0,5.3,2299000,767.1
2026-01-19,Gurdaspur,Malaria,19,4,46,41.3,34.9,65.4,3.4,2299000,1083.8
2026-01-20,Gurdaspur,Malaria,19,3,80,23.75,35.5,75.8,0.0,2299000,769.8
2026-01-21,Gurdaspur,Malaria,20,3,93,21.51,31.8,75.0,6.7,2299000,1659.4
2026-01-22,Gurdaspur,Malaria,21,2,56,37.5,36.3,73.4,0.0,2299000,769.8
2026-01-23,Gurdaspur,Malaria,18,3,38,47.37,35.6,72.5,0.0,2299000,798.4
2026-01-24,Gurdaspur,Malaria,20,3,87,22.99,34.3,63.2,0.0,2299000,2643.5
2026-01-25,Gurdaspur,Malaria,20,2,59,33.9,37.1,76.8,3.2,2299000,1760.1
2026-01-26,Gurdaspur,Malaria,22,3,84,26.19,36.9,73.2,7.4,2299000,1568.2
2026-01-27,Gurdaspur,Malaria,28,3,58,48.28,33.1,80.6,4.0,2299000,2040.3
2026-01-28,Gurdaspur,Malaria,12,1,56,21.43,34.3,70.9,0.0,2299000,821.5
2026-01-29,Gurdaspur,Malaria,23,3,112,20.54,35.2,72.0,2.9,2299000,941.2
2026-01-30,Gurdaspur,Malaria,19,2,85,22.35,33.6,68.8,2.2,2299000,862.9
2026-01-31,Gurdaspur,Malaria,21,2,54,38.89,38.4,67.1,1.4,2299000,1216.2
2026-02-01,Gurdaspur,Malaria,20,3,64,31.25,37.3,81.8,2.2,2299000,1118.0
2026-02-02,Gurdaspur,Malaria,22,4,49,44.9,33.4,80.7,2.9,2299000,814.7
2026-02-03,Gurdaspur,Malaria,22,5,84,26.19,37.0,72.3,1.3,2299000,1021.8
2026-02-04,Gurdaspur,Malaria,17,3,37,45.95,35.1,81.1,8.4,2299000,1920.5
2026-02-05,Gurdaspur,Malaria,22,4,70,31.43,34.0,67.8,1.9,2299000,2261.3
2026-02-06,Gurdaspur,Malaria,18,3,73,24.66,34.7,72.7,2.8,2299000,1902.6
2026-02-07,Gurdaspur,Malaria,24,4,111,21.62,32.6,79.1,0.0,2299000,1226.7
2026-02-08,Gurdaspur,Malaria,18,2,52,34.62,35.4,76.8,6.6,2299000,1039.1
2026-02-09,Gurdaspur,Malaria,18,4,66,27.27,34.6,77.4,5.7,2299000,1588.8
2026-02-10,Gurdaspur,Malaria,15,2,69,21.74,37.5,78.4,0.0,2299000,1104.9
2026-02-11,Gurdaspur,Malaria,20,2,77,25.97,36.1,81.3,9.0,2299000,889.8
2026-02-12,Gurdaspur,Malaria,19,4,56,33.93,34.7,76.5,2.0,2299000,992.1
2026-02-13,Gurdaspur,Malaria,38,5,93,40.86,36.2,81.0,3.7,2299000,1204.8
2026-02-14,Gurdaspur,Malaria,39,9,84,46.43,37.0,77.6,5.3,2299000,959.7
2026-02-15,Gurdaspur,Malaria,33,7,157,21.02,34.5,80.6,8.5,2299000,1127.2
2026-02-16,Gurdaspur,Malaria,44,8,157,28.03,32.6,73.9,0.0,2299000,919.0
2026-02-17,Gurdaspur,Malaria,40,6,133,30.08,34.5,74.7,3.9,2299000,1538.4
2026-02-18,Gurdaspur,Malaria,47,8,97,48.45,34.5,87.8,4.0,2299000,1841.7
2026-02-19,Gurdaspur,Malaria,58,8,269,21.56,33.2,74.9,1.0,2299000,1529.4
2026-02-20,Gurdaspur,Malaria,81,15,340,23.82,32.2,75.0,3.6,2299000,1498.5
2026-02-21,Gurdaspur,Malaria,85,15,196,43.37,32.4,78.5,2.8,2299000,1280.2
2026-02-22,Gurdaspur,Malaria,84,17,392,21.43,35.7,77.9,4.0,2299000,841.8
2026-02-23,Gurdaspur,Malaria,107,22,216,49.54,33.2,71.8,0.0,2299000,2740.7
2026-02-24,Gurdaspur,Malaria,108,25,385,28.05,35.8,81.2,2.5,2299000,944.9
2026-02-25,Gurdaspur,Malaria,106,20,241,43.98,35.0,72.6,8.6,2299000,1152.7
2026-02-26,Gurdaspur,Malaria,105,20,222,47.3,38.1,81.3,6.3,2299000,976.2
2026-02-27,Gurdaspur,Malaria,84,10,319,26.33,35.0,82.8,7.8,2299000,1208.6
2026-02-28,Gurdaspur,Malaria,105,21,443,23.7,33.5,73.6,5.9,2299000,1442.4
2026-03-01,Gurdaspur,Malaria,117,13,509,22.99,35.5,87.0,0.0,2299000,2597.6
2026-03-02,Gurdaspur,Malaria,109,12,372,29.3,34.0,78.3,4.4,2299000,1082.5
2026-03-03,Gurdaspur,Malaria,125,20,482,25.93,35.3,84.5,4.4,2299000,826.4
2026-03-04,Gurdaspur,Malaria,72,13,306,23.53,38.4,85.1,7.1,2299000,1116.7
2026-03-05,Gurdaspur,Malaria,87,19,191,45.55,34.7,73.3,2.6,2299000,1049.9
2026-03-06,Gurdaspur,Malaria,97,21,215,45.12,35.4,76.2,4.6,2299000,2095.1
2026-03-07,Gurdaspur,Malaria,87,17,351,24.79,35.1,69.0,4.6,2299000,841.9
2026-03-08,Gurdaspur,Malaria,56,13,225,24.89,34.9,83.0,6.3,2299000,887.5
2026-03-09,Gurdaspur,Malaria,63,11,302,20.86,34.3,77.5,9.1,2299000,986.5
2026-03-10,Gurdaspur,Malaria,36,6,83,43.37,34.5,76.9,4.2,2299000,1218.4
2026-03-11,Gurdaspur,Malaria,42,8,187,22.46,34.3,77.9,4.4,2299000,1085.0
2026-03-12,Gurdaspur,Malaria,44,6,178,24.72,33.4,82.1,0.3,2299000,1082.6
2026-03-13,Gurdaspur,Malaria,35,6,103,33.98,31.7,78.5,3.4,2299000,1405.5
2026-03-14,Gurdaspur,Malaria,45,7,200,22.5,36.9,88.3,3.8,2299000,1257.2
2026-03-15,Gurdaspur,Malaria,17,2,76,22.37,33.7,80.0,6.3,2299000,1361.3
2026-03-16,Gurdaspur,Malaria,21,2,86,24.42,31.1,76.6,5.8,2299000,2621.3
2026-03-17,Gurdaspur,Malaria,19,3,93,20.43,33.7,73.7,8.3,2299000,857.4
2026-03-18,Gurdaspur,Malaria,17,2,80,21.25,34.8,77.4,4.8,2299000,1359.3
2026-03-19,Gurdaspur,Malaria,18,3,68,26.47,36.0,83.8,4.9,2299000,2378.3
2026-03-20,Gurdaspur,Malaria,16,3,44,36.36,31.9,84.2,0.0,2299000,2418.8
2026-03-21,Gurdaspur,Malaria,21,3,65,32.31,35.4,75.8,5.5,2299000,1041.4
2026-03-22,Gurdaspur,Malaria,21,2,98,21.43,31.6,81.8,2.1,2299000,825.9
2026-03-23,Gurdaspur,Malaria,23,4,98,23.47,30.6,91.0,0.0,2299000,883.6
2026-03-24,Gurdaspur,Malaria,20,3,83,24.1,35.0,79.9,2.5,2299000,1355.9
2026-03-25,Gurdaspur,Malaria,20,4,86,23.26,37.8,81.9,7.4,2299000,1005.4
2026-03-26,Gurdaspur,Malaria,17,4,62,27.42,33.3,80.1,3.3,2299000,1233.8
2026-03-27,Gurdaspur,Malaria,18,3,78,23.08,32.1,79.8,3.7,2299000,1774.7
2026-03-28,Gurdaspur,Malaria,19,3,45,42.22,31.5,85.1,5.9,2299000,1623.2
2026-03-29,Gurdaspur,Malaria,14,2,39,35.9,32.1,78.3,3.5,2299000,981.0
2026-03-30,Gurdaspur,Malaria,20,3,61,32.79,30.1,75.0,7.1,2299000,919.3
2026-03-31,Gurdaspur,Malaria,20,2,41,48.78,28.0,84.9,6.7,2299000,1638.5
2026-04-01,Gurdaspur,Malaria,20,4,88,22.73,32.3,79.7,3.9,2299000,951.7
2026-04-02,Gurdaspur,Malaria,19,2,79,24.05,33.0,81.3,5.7,2299000,867.3
2026-04-03,Gurdaspur,Malaria,22,3,68,32.35,29.8,75.2,3.1,2299000,1812.8
2026-04-04,Gurdaspur,Malaria,13,1,60,21.67,29.8,76.7,1.4,2299000,860.1
2026-04-05,Gurdaspur,Malaria,22,5,90,24.44,31.3,79.9,7.4,2299000,1051.4
2026-04-06,Gurdaspur,Malaria,19,4,93,20.43,29.1,81.6,3.1,2299000,1353.2
2026-04-07,Gurdaspur,Malaria,16,2,62,25.81,29.5,82.1,3.5,2299000,901.0
2026-04-08,Gurdaspur,Malaria,16,2,73,21.92,28.7,72.5,2.3,2299000,2252.2
2026-04-09,Gurdaspur,Malaria,19,2,92,20.65,30.0,82.9,8.1,2299000,2335.9
2026-04-10,Gurdaspur,Malaria,12,2,39,30.77,26.5,78.0,1.4,2299000,984.4
2026-04-11,Gurdaspur,Malaria,18,4,86,20.93,29.7,80.1,6.1,2299000,1373.4
2026-04-12,Gurdaspur,Malaria,17,2,66,25.76,27.4,80.9,3.5,2299000,1643.5
2026-04-13,Gurdaspur,Malaria,20,3,60,33.33,26.6,83.0,4.7,2299000,2393.1
2026-04-14,Gurdaspur,Malaria,20,4,60,33.33,32.3,76.2,3.0,2299000,2185.9
2026-04-15,Gurdaspur,Malaria,19,4,41,46.34,30.8,77.4,6.0,2299000,833.3
2026-04-16,Gurdaspur,Malaria,23,2,93,24.73,30.7,75.0,6.8,2299000,1086.9
2026-04-17,Gurdaspur,Malaria,17,4,81,20.99,30.7,80.7,0.7,2299000,1815.6
2026-04-18,Gurdaspur,Malaria,20,2,60,33.33,26.2,78.1,8.4,2299000,817.6
2026-04-19,Gurdaspur,Malaria,16,2,49,32.65,30.4,66.9,5.4,2299000,2466.5
2026-04-20,Gurdaspur,Malaria,20,4,74,27.03,30.0,78.9,6.3,2299000,1221.8
2026-04-21,Gurdaspur,Malaria,18,3,61,29.51,30.2,69.1,4.5,2299000,1054.3
2026-04-22,Gurdaspur,Malaria,16,3,63,25.4,28.5,73.6,5.1,2299000,1232.3
2026-04-23,Gurdaspur,Malaria,16,3,59,27.12,30.9,67.3,10.5,2299000,791.4
2026-04-24,Gurdaspur,Malaria,18,3,51,35.29,28.4,79.7,10.1,2299000,1014.0
2026-04-25,Gurdaspur,Malaria,18,2,43,41.86,27.1,68.5,4.3,2299000,1379.8
2026-04-26,Gurdaspur,Malaria,17,1,73,23.29,26.5,66.4,6.5,2299000,2237.1
2026-04-27,Gurdaspur,Malaria,18,1,38,47.37,27.9,72.7,0.6,2299000,1132.4
2026-04-28,Gurdaspur,Malaria,14,2,37,37.84,30.5,75.7,4.7,2299000,1147.1
2026-04-29,Gurdaspur,Malaria,18,2,78,23.08,28.9,74.2,2.0,2299000,1181.5
2026-04-30,Gurdaspur,Malaria,18,3,67,26.87,28.2,66.4,3.9,2299000,2130.0
2026-05-01,Gurdaspur,Malaria,19,3,80,23.75,23.3,68.5,3.0,2299000,1111.9
2026-05-02,Gurdaspur,Malaria,18,2,78,23.08,29.2,74.9,2.3,2299000,1671.8
2026-05-03,Gurdaspur,Malaria,17,2,45,37.78,25.5,74.8,0.0,2299000,1128.8
2026-05-04,Gurdaspur,Malaria,15,1,36,41.67,21.5,78.3,1.5,2299000,1581.5
2026-05-05,Gurdaspur,Malaria,14,3,44,31.82,26.4,71.6,7.1,2299000,1693.9
2026-05-06,Gurdaspur,Malaria,15,3,57,26.32,27.5,70.8,4.4,2299000,1213.7
2025-11-08,Hoshiarpur,COVID-19,18,1,82,21.95,24.3,53.7,0.0,1586000,597.7
2025-11-09,Hoshiarpur,COVID-19,14,2,32,43.75,26.7,47.6,0.0,1586000,572.6
2025-11-10,Hoshiarpur,COVID-19,21,3,97,21.65,23.1,64.9,0.0,1586000,1020.4
2025-11-11,Hoshiarpur,COVID-19,21,4,53,39.62,25.7,58.3,0.0,1586000,773.9
2025-11-12,Hoshiarpur,COVID-19,19,3,44,43.18,26.2,49.2,0.0,1586000,605.1
2025-11-13,Hoshiarpur,COVID-19,22,5,105,20.95,27.1,50.2,0.0,1586000,784.4
2025-11-14,Hoshiarpur,COVID-19,15,3,57,26.32,27.9,59.7,0.0,1586000,1245.7
2025-11-15,Hoshiarpur,COVID-19,18,4,57,31.58,26.3,52.7,0.0,1586000,701.9
2025-11-16,Hoshiarpur,COVID-19,22,4,44,50.0,25.8,49.4,0.0,1586000,700.1
2025-11-17,Hoshiarpur,COVID-19,20,2,68,29.41,28.1,50.8,0.0,1586000,870.5
2025-11-18,Hoshiarpur,COVID-19,15,2,66,22.73,26.4,59.6,0.0,1586000,570.3
2025-11-19,Hoshiarpur,COVID-19,20,2,85,23.53,27.4,57.8,0.5,1586000,828.9
2025-11-20,Hoshiarpur,COVID-19,20,3,69,28.99,27.7,51.3,0.0,1586000,708.8
2025-11-21,Hoshiarpur,COVID-19,20,4,72,27.78,25.2,57.1,6.5,1586000,1124.1
2025-11-22,Hoshiarpur,COVID-19,22,5,53,41.51,26.9,64.6,0.0,1586000,814.6
2025-11-23,Hoshiarpur,COVID-19,21,3,67,31.34,26.9,62.0,0.0,1586000,1324.7
2025-11-24,Hoshiarpur,COVID-19,25,4,59,42.37,28.7,57.9,0.0,1586000,1055.3
2025-11-25,Hoshiarpur,COVID-19,22,3,51,43.14,26.8,55.2,0.0,1586000,553.2
2025-11-26,Hoshiarpur,COVID-19,20,2,89,22.47,28.4,57.4,0.0,1586000,560.9
2025-11-27,Hoshiarpur,COVID-19,20,4,71,28.17,27.8,48.8,0.0,1586000,775.3
2025-11-28,Hoshiarpur,COVID-19,24,2,90,26.67,29.2,48.5,0.0,1586000,721.3
2025-11-29,Hoshiarpur,COVID-19,22,3,96,22.92,27.3,53.1,0.0,1586000,886.5
2025-11-30,Hoshiarpur,COVID-19,21,2,97,21.65,27.9,50.0,0.0,1586000,953.5
2025-12-01,Hoshiarpur,COVID-19,19,4,53,35.85,30.4,56.0,0.0,1586000,723.2
2025-12-02,Hoshiarpur,COVID-19,15,3,54,27.78,27.3,61.6,0.0,1586000,1672.7
2025-12-03,Hoshiarpur,COVID-19,24,5,72,33.33,26.5,52.4,0.0,1586000,1292.5
2025-12-04,Hoshiarpur,COVID-19,22,5,59,37.29,24.8,62.6,0.0,1586000,1370.8
2025-12-05,Hoshiarpur,COVID-19,24,5,71,33.8,31.1,55.9,0.0,1586000,854.3
2025-12-06,Hoshiarpur,COVID-19,24,2,75,32.0,27.2,61.5,2.0,1586000,738.9
2025-12-07,Hoshiarpur,COVID-19,19,3,42,45.24,30.6,54.0,0.0,1586000,575.6
2025-12-08,Hoshiarpur,COVID-19,21,2,51,41.18,29.7,66.4,0.7,1586000,1073.4
2025-12-09,Hoshiarpur,COVID-19,23,4,68,33.82,29.2,56.3,0.0,1586000,1497.5
2025-12-10,Hoshiarpur,COVID-19,20,3,51,39.22,32.5,59.7,0.0,1586000,626.8
2025-12-11,Hoshiarpur,COVID-19,24,5,80,30.0,30.7,65.2,0.0,1586000,653.2
2025-12-12,Hoshiarpur,COVID-19,20,2,54,37.04,26.1,67.7,0.0,1586000,1969.1
2025-12-13,Hoshiarpur,COVID-19,19,4,79,24.05,32.6,61.0,0.0,1586000,1025.7
2025-12-14,Hoshiarpur,COVID-19,20,2,59,33.9,30.3,71.4,0.0,1586000,660.4
2025-12-15,Hoshiarpur,COVID-19,22,2,103,21.36,28.8,59.9,0.0,1586000,1135.1
2025-12-16,Hoshiarpur,COVID-19,20,2,88,22.73,35.0,59.4,0.0,1586000,1439.5
2025-12-17,Hoshiarpur,COVID-19,21,4,102,20.59,31.3,60.3,0.0,1586000,588.7
2025-12-18,Hoshiarpur,COVID-19,23,5,113,20.35,31.6,64.7,0.0,1586000,671.9
2025-12-19,Hoshiarpur,COVID-19,22,5,87,25.29,29.8,55.8,1.2,1586000,1209.7
2025-12-20,Hoshiarpur,COVID-19,22,2,91,24.18,32.9,57.5,0.0,1586000,612.6
2025-12-21,Hoshiarpur,COVID-19,29,7,69,42.03,30.7,56.5,0.0,1586000,591.9
2025-12-22,Hoshiarpur,COVID-19,20,4,68,29.41,34.1,59.1,0.0,1586000,598.8
2025-12-23,Hoshiarpur,COVID-19,24,4,59,40.68,36.0,64.5,0.0,1586000,644.2
2025-12-24,Hoshiarpur,COVID-19,24,3,84,28.57,30.1,60.8,0.6,1586000,682.0
2025-12-25,Hoshiarpur,COVID-19,15,1,72,20.83,33.9,69.5,1.2,1586000,676.9
2025-12-26,Hoshiarpur,COVID-19,20,4,97,20.62,29.6,58.3,0.0,1586000,712.9
2025-12-27,Hoshiarpur,COVID-19,23,5,73,31.51,34.8,69.5,0.0,1586000,534.7
2025-12-28,Hoshiarpur,COVID-19,22,5,85,25.88,36.0,62.0,0.0,1586000,885.5
2025-12-29,Hoshiarpur,COVID-19,19,4,58,32.76,32.3,71.6,0.0,1586000,903.8
2025-12-30,Hoshiarpur,COVID-19,18,2,64,28.12,32.1,67.3,0.0,1586000,1528.2
2025-12-31,Hoshiarpur,COVID-19,30,4,121,24.79,34.1,70.9,0.5,1586000,629.4
2026-01-01,Hoshiarpur,COVID-19,19,1,62,30.65,31.9,73.5,0.0,1586000,1131.5
2026-01-02,Hoshiarpur,COVID-19,26,5,127,20.47,34.4,73.7,6.2,1586000,676.6
2026-01-03,Hoshiarpur,COVID-19,23,3,86,26.74,28.7,74.6,0.1,1586000,1263.3
2026-01-04,Hoshiarpur,COVID-19,22,5,63,34.92,34.2,72.6,2.4,1586000,1310.1
2026-01-05,Hoshiarpur,COVID-19,26,4,97,26.8,34.0,75.3,0.0,1586000,1306.3
2026-01-06,Hoshiarpur,COVID-19,25,5,118,21.19,31.0,74.6,3.0,1586000,1407.2
2026-01-07,Hoshiarpur,COVID-19,27,3,102,26.47,34.7,65.5,1.7,1586000,648.3
2026-01-08,Hoshiarpur,COVID-19,22,3,54,40.74,32.9,69.1,0.0,1586000,744.5
2026-01-09,Hoshiarpur,COVID-19,16,1,72,22.22,31.7,64.9,0.0,1586000,1961.0
2026-01-10,Hoshiarpur,COVID-19,19,1,43,44.19,34.1,65.0,1.7,1586000,638.9
2026-01-11,Hoshiarpur,COVID-19,21,4,78,26.92,33.3,71.3,0.0,1586000,796.5
2026-01-12,Hoshiarpur,COVID-19,19,3,85,22.35,34.5,68.1,0.7,1586000,616.1
2026-01-13,Hoshiarpur,COVID-19,24,2,64,37.5,34.4,70.2,0.0,1586000,561.3
2026-01-14,Hoshiarpur,COVID-19,30,4,83,36.14,31.9,75.8,0.0,1586000,834.0
2026-01-15,Hoshiarpur,COVID-19,25,4,64,39.06,34.4,73.1,3.2,1586000,537.7
2026-01-16,Hoshiarpur,COVID-19,29,2,85,34.12,30.4,74.3,0.2,1586000,878.3
2026-01-17,Hoshiarpur,COVID-19,19,4,80,23.75,36.0,62.2,1.7,1586000,687.8
2026-01-18,Hoshiarpur,COVID-19,26,2,103,25.24,35.1,66.3,0.0,1586000,695.0
2026-01-19,Hoshiarpur,COVID-19,26,2,109,23.85,35.5,79.1,0.0,1586000,961.8
2026-01-20,Hoshiarpur,COVID-19,23,3,111,20.72,35.9,76.2,3.8,1586000,535.3
2026-01-21,Hoshiarpur,COVID-19,16,2,71,22.54,33.4,77.5,2.8,1586000,558.3
2026-01-22,Hoshiarpur,COVID-19,18,2,80,22.5,33.1,71.5,0.0,1586000,733.6
2026-01-23,Hoshiarpur,COVID-19,23,3,92,25.0,37.9,85.3,2.3,1586000,1168.9
2026-01-24,Hoshiarpur,COVID-19,21,4,59,35.59,37.5,78.4,0.0,1586000,562.7
2026-01-25,Hoshiarpur,COVID-19,25,3,92,27.17,31.3,80.2,1.3,1586000,659.3
2026-01-26,Hoshiarpur,COVID-19,23,5,49,46.94,38.4,70.5,1.6,1586000,1023.8
2026-01-27,Hoshiarpur,COVID-19,21,2,104,20.19,37.9,71.6,0.0,1586000,863.1
2026-01-28,Hoshiarpur,COVID-19,30,6,61,49.18,34.2,73.4,3.0,1586000,1146.6
2026-01-29,Hoshiarpur,COVID-19,22,3,56,39.29,32.0,66.0,1.9,1586000,696.7
2026-01-30,Hoshiarpur,COVID-19,25,6,124,20.16,34.3,79.2,1.8,1586000,605.5
2026-01-31,Hoshiarpur,COVID-19,25,5,113,22.12,35.4,71.0,1.0,1586000,555.6
2026-02-01,Hoshiarpur,COVID-19,24,3,73,32.88,30.9,77.1,7.4,1586000,1635.9
2026-02-02,Hoshiarpur,COVID-19,31,3,107,28.97,30.7,71.1,0.0,1586000,633.8
2026-02-03,Hoshiarpur,COVID-19,23,4,69,33.33,37.2,75.4,1.9,1586000,845.1
2026-02-04,Hoshiarpur,COVID-19,28,3,58,48.28,33.8,65.2,0.0,1586000,945.1
2026-02-05,Hoshiarpur,COVID-19,24,5,53,45.28,36.3,70.0,4.1,1586000,675.1
2026-02-06,Hoshiarpur,COVID-19,35,7,155,22.58,34.4,73.7,1.8,1586000,604.3
2026-02-07,Hoshiarpur,COVID-19,24,2,54,44.44,35.3,74.7,2.8,1586000,637.0
2026-02-08,Hoshiarpur,COVID-19,24,4,55,43.64,32.9,78.2,0.8,1586000,1945.6
2026-02-09,Hoshiarpur,COVID-19,19,3,76,25.0,32.8,74.0,0.0,1586000,1468.3
2026-02-10,Hoshiarpur,COVID-19,19,2,61,31.15,37.0,77.7,2.4,1586000,552.7
2026-02-11,Hoshiarpur,COVID-19,26,4,66,39.39,36.9,75.8,2.0,1586000,1586.2
2026-02-12,Hoshiarpur,COVID-19,30,4,98,30.61,36.2,84.6,1.8,1586000,1682.7
2026-02-13,Hoshiarpur,COVID-19,24,3,67,35.82,33.0,73.0,2.5,1586000,787.9
2026-02-14,Hoshiarpur,COVID-19,18,3,37,48.65,33.8,76.5,1.5,1586000,1070.5
2026-02-15,Hoshiarpur,COVID-19,17,2,51,33.33,36.0,85.7,0.0,1586000,943.3
2026-02-16,Hoshiarpur,COVID-19,26,4,117,22.22,34.7,84.1,6.3,1586000,531.5
2026-02-17,Hoshiarpur,COVID-19,43,8,200,21.5,29.7,79.3,4.9,1586000,711.6
2026-02-18,Hoshiarpur,COVID-19,42,7,197,21.32,32.5,81.8,5.0,1586000,1025.2
2026-02-19,Hoshiarpur,COVID-19,35,8,72,48.61,34.7,76.2,3.8,1586000,1200.9
2026-02-20,Hoshiarpur,COVID-19,61,11,200,30.5,32.4,81.9,0.7,1586000,567.0
2026-02-21,Hoshiarpur,COVID-19,51,7,175,29.14,35.8,82.9,2.9,1586000,1755.9
2026-02-22,Hoshiarpur,COVID-19,62,6,286,21.68,34.8,85.4,2.8,1586000,1404.6
2026-02-23,Hoshiarpur,COVID-19,63,11,140,45.0,33.7,69.2,2.3,1586000,1044.1
2026-02-24,Hoshiarpur,COVID-19,60,10,215,27.91,34.7,86.3,5.6,1586000,1831.9
2026-02-25,Hoshiarpur,COVID-19,81,8,201,40.3,37.0,75.3,5.4,1586000,534.3
2026-02-26,Hoshiarpur,COVID-19,97,11,230,42.17,33.6,77.1,2.5,1586000,1611.3
2026-02-27,Hoshiarpur,COVID-19,99,19,279,35.48,34.4,73.0,5.4,1586000,1031.9
2026-02-28,Hoshiarpur,COVID-19,74,15,169,43.79,35.0,80.2,6.2,1586000,699.5
2026-03-01,Hoshiarpur,COVID-19,126,30,343,36.73,33.3,75.0,2.5,1586000,1393.3
2026-03-02,Hoshiarpur,COVID-19,121,26,270,44.81,36.1,77.7,2.9,1586000,1941.9
2026-03-03,Hoshiarpur,COVID-19,128,25,484,26.45,33.3,76.0,4.7,1586000,761.9
2026-03-04,Hoshiarpur,COVID-19,139,25,383,36.29,33.0,76.5,0.0,1586000,871.2
2026-03-05,Hoshiarpur,COVID-19,117,25,348,33.62,40.1,79.4,7.0,1586000,1239.1
2026-03-06,Hoshiarpur,COVID-19,111,26,233,47.64,31.1,79.7,1.9,1586000,1007.6
2026-03-07,Hoshiarpur,COVID-19,120,22,405,29.63,33.5,82.4,12.3,1586000,752.9
2026-03-08,Hoshiarpur,COVID-19,110,21,358,30.73,32.8,90.3,9.6,1586000,1030.6
2026-03-09,Hoshiarpur,COVID-19,129,18,398,32.41,32.4,75.3,5.3,1586000,970.9
2026-03-10,Hoshiarpur,COVID-19,139,27,526,26.43,33.7,73.2,5.5,1586000,1706.2
2026-03-11,Hoshiarpur,COVID-19,122,18,273,44.69,32.5,74.5,3.5,1586000,539.7
2026-03-12,Hoshiarpur,COVID-19,102,14,464,21.98,34.9,83.7,2.3,1586000,1325.4
2026-03-13,Hoshiarpur,COVID-19,126,30,342,36.84,33.5,84.8,3.3,1586000,770.1
2026-03-14,Hoshiarpur,COVID-19,96,23,277,34.66,33.2,76.1,12.1,1586000,831.9
2026-03-15,Hoshiarpur,COVID-19,96,13,326,29.45,34.3,83.0,0.0,1586000,1876.7
2026-03-16,Hoshiarpur,COVID-19,69,8,302,22.85,32.5,77.2,8.3,1586000,619.1
2026-03-17,Hoshiarpur,COVID-19,63,7,249,25.3,32.4,93.0,0.0,1586000,766.2
2026-03-18,Hoshiarpur,COVID-19,84,15,226,37.17,34.7,79.1,3.1,1586000,654.3
2026-03-19,Hoshiarpur,COVID-19,68,12,250,27.2,32.5,76.5,1.8,1586000,542.3
2026-03-20,Hoshiarpur,COVID-19,66,7,296,22.3,33.7,77.4,1.4,1586000,653.9
2026-03-21,Hoshiarpur,COVID-19,54,11,162,33.33,31.6,85.8,11.8,1586000,695.9
2026-03-22,Hoshiarpur,COVID-19,46,5,160,28.75,33.7,82.5,0.0,1586000,676.5
2026-03-23,Hoshiarpur,COVID-19,35,8,164,21.34,32.4,80.5,2.1,1586000,1010.2
2026-03-24,Hoshiarpur,COVID-19,44,9,183,24.04,32.5,83.5,5.4,1586000,618.0
2026-03-25,Hoshiarpur,COVID-19,30,4,135,22.22,35.2,79.6,5.1,1586000,1554.1
2026-03-26,Hoshiarpur,COVID-19,27,3,72,37.5,32.6,84.5,5.3,1586000,922.6
2026-03-27,Hoshiarpur,COVID-19,13,2,27,48.15,32.5,87.6,2.0,1586000,894.1
2026-03-28,Hoshiarpur,COVID-19,23,4,83,27.71,35.4,86.7,3.3,1586000,591.6
2026-03-29,Hoshiarpur,COVID-19,25,2,62,40.32,35.2,81.6,10.2,1586000,761.8
2026-03-30,Hoshiarpur,COVID-19,27,3,83,32.53,31.8,78.6,4.1,1586000,1391.5
2026-03-31,Hoshiarpur,COVID-19,23,3,110,20.91,31.8,81.3,9.1,1586000,529.9
2026-04-01,Hoshiarpur,COVID-19,28,3,78,35.9,34.3,90.9,7.4,1586000,1275.0
2026-04-02,Hoshiarpur,COVID-19,20,3,53,37.74,31.1,80.6,6.1,1586000,551.5
2026-04-03,Hoshiarpur,COVID-19,26,6,107,24.3,30.4,77.3,7.9,1586000,623.8
2026-04-04,Hoshiarpur,COVID-19,22,5,72,30.56,32.4,85.4,6.4,1586000,1112.9
2026-04-05,Hoshiarpur,COVID-19,14,2,45,31.11,34.0,78.2,7.6,1586000,545.8
2026-04-06,Hoshiarpur,COVID-19,21,2,91,23.08,29.1,72.5,5.6,1586000,766.3
2026-04-07,Hoshiarpur,COVID-19,18,1,60,30.0,31.9,81.1,3.8,1586000,1111.3
2026-04-08,Hoshiarpur,COVID-19,26,5,95,27.37,31.3,76.6,7.7,1586000,822.4
2026-04-09,Hoshiarpur,COVID-19,21,3,58,36.21,28.9,75.7,4.5,1586000,610.8
2026-04-10,Hoshiarpur,COVID-19,18,2,51,35.29,26.8,82.7,8.5,1586000,1005.4
2026-04-11,Hoshiarpur,COVID-19,24,5,96,25.0,27.0,75.9,5.1,1586000,1643.1
2026-04-12,Hoshiarpur,COVID-19,22,2,95,23.16,26.9,77.1,3.0,1586000,597.3
2026-04-13,Hoshiarpur,COVID-19,16,3,45,35.56,32.0,81.6,6.7,1586000,743.1
2026-04-14,Hoshiarpur,COVID-19,21,4,56,37.5,30.9,83.5,6.8,1586000,616.3
2026-04-15,Hoshiarpur,COVID-19,19,2,51,37.25,27.5,77.7,2.7,1586000,1123.3
2026-04-16,Hoshiarpur,COVID-19,21,2,62,33.87,29.9,75.7,6.4,1586000,786.2
2026-04-17,Hoshiarpur,COVID-19,22,2,92,23.91,29.7,81.5,3.7,1586000,1012.6
2026-04-18,Hoshiarpur,COVID-19,19,3,52,36.54,31.4,74.0,6.9,1586000,691.8
2026-04-19,Hoshiarpur,COVID-19,20,2,49,40.82,27.9,75.9,0.0,1586000,1376.2
2026-04-20,Hoshiarpur,COVID-19,20,4,42,47.62,26.0,76.8,5.2,1586000,542.3
2026-04-21,Hoshiarpur,COVID-19,25,5,54,46.3,31.1,74.9,9.1,1586000,953.6
2026-04-22,Hoshiarpur,COVID-19,17,3,72,23.61,29.7,68.7,5.1,1586000,779.5
2026-04-23,Hoshiarpur,COVID-19,17,4,68,25.0,31.5,74.4,6.1,1586000,1757.7
2026-04-24,Hoshiarpur,COVID-19,15,3,74,20.27,31.2,74.3,6.8,1586000,722.3
2026-04-25,Hoshiarpur,COVID-19,16,3,68,23.53,24.8,73.7,3.8,1586000,1231.2
2026-04-26,Hoshiarpur,COVID-19,24,2,72,33.33,32.1,78.2,5.0,1586000,731.6
2026-04-27,Hoshiarpur,COVID-19,19,2,40,47.5,29.1,75.3,6.6,1586000,1334.2
2026-04-28,Hoshiarpur,COVID-19,16,3,33,48.48,29.6,72.3,5.2,1586000,1779.3
2026-04-29,Hoshiarpur,COVID-19,19,4,75,25.33,24.1,72.6,2.9,1586000,686.4
2026-04-30,Hoshiarpur,COVID-19,20,4,74,27.03,29.3,72.8,3.7,1586000,640.2
2026-05-01,Hoshiarpur,COVID-19,20,4,76,26.32,26.0,75.3,8.8,1586000,664.5
2026-05-02,Hoshiarpur,COVID-19,27,6,86,31.4,27.2,75.2,7.4,1586000,1422.4
2026-05-03,Hoshiarpur,COVID-19,21,4,94,22.34,27.7,79.5,6.1,1586000,686.8
2026-05-04,Hoshiarpur,COVID-19,16,1,68,23.53,25.2,71.3,7.8,1586000,819.2
2026-05-05,Hoshiarpur,COVID-19,20,2,52,38.46,26.5,75.5,2.9,1586000,1034.4
2026-05-06,Hoshiarpur,COVID-19,18,3,71,25.35,25.9,72.2,6.5,1586000,900.9
2025-11-08,Hoshiarpur,Chikungunya,18,4,73,24.66,22.9,46.8,0.0,1586000,895.7
2025-11-09,Hoshiarpur,Chikungunya,17,3,55,30.91,24.2,42.5,0.0,1586000,769.9
2025-11-10,Hoshiarpur,Chikungunya,20,2,56,35.71,22.3,48.5,0.0,1586000,1347.4
2025-11-11,Hoshiarpur,Chikungunya,14,3,42,33.33,25.0,50.3,0.0,1586000,1826.7
2025-11-12,Hoshiarpur,Chikungunya,18,4,52,34.62,27.9,48.9,0.0,1586000,540.5
2025-11-13,Hoshiarpur,Chikungunya,23,4,69,33.33,26.9,56.2,0.0,1586000,848.8
2025-11-14,Hoshiarpur,Chikungunya,28,4,95,29.47,25.4,48.9,0.0,1586000,650.3
2025-11-15,Hoshiarpur,Chikungunya,23,4,111,20.72,27.1,36.7,0.0,1586000,1005.3
2025-11-16,Hoshiarpur,Chikungunya,18,3,38,47.37,28.1,47.2,0.7,1586000,672.0
2025-11-17,Hoshiarpur,Chikungunya,23,2,55,41.82,26.7,39.6,0.0,1586000,537.2
2025-11-18,Hoshiarpur,Chikungunya,21,4,71,29.58,28.5,49.2,0.0,1586000,775.5
2025-11-19,Hoshiarpur,Chikungunya,26,4,60,43.33,25.5,48.1,0.0,1586000,594.0
2025-11-20,Hoshiarpur,Chikungunya,17,1,50,34.0,28.8,57.9,0.0,1586000,1013.0
2025-11-21,Hoshiarpur,Chikungunya,22,4,88,25.0,27.9,66.1,0.0,1586000,711.7
2025-11-22,Hoshiarpur,Chikungunya,24,3,76,31.58,24.8,45.0,0.0,1586000,1059.3
2025-11-23,Hoshiarpur,Chikungunya,23,2,55,41.82,27.6,60.0,0.0,1586000,1241.4
2025-11-24,Hoshiarpur,Chikungunya,21,2,47,44.68,25.5,57.6,0.3,1586000,797.8
2025-11-25,Hoshiarpur,Chikungunya,23,3,69,33.33,29.0,56.9,0.0,1586000,599.3
2025-11-26,Hoshiarpur,Chikungunya,22,3,54,40.74,29.2,61.1,0.0,1586000,1737.9
2025-11-27,Hoshiarpur,Chikungunya,22,3,53,41.51,27.3,58.0,0.0,1586000,684.4
2025-11-28,Hoshiarpur,Chikungunya,25,5,59,42.37,27.2,60.8,0.0,1586000,910.9
2025-11-29,Hoshiarpur,Chikungunya,24,3,95,25.26,32.1,57.7,0.0,1586000,1467.1
2025-11-30,Hoshiarpur,Chikungunya,26,3,101,25.74,33.6,46.3,0.0,1586000,1233.7
2025-12-01,Hoshiarpur,Chikungunya,25,3,85,29.41,28.2,51.1,0.0,1586000,1555.1
2025-12-02,Hoshiarpur,Chikungunya,26,4,53,49.06,27.6,57.1,0.0,1586000,811.6
2025-12-03,Hoshiarpur,Chikungunya,23,4,54,42.59,27.3,58.3,0.0,1586000,861.6
2025-12-04,Hoshiarpur,Chikungunya,23,5,112,20.54,31.4,54.7,0.8,1586000,1155.6
2025-12-05,Hoshiarpur,Chikungunya,23,2,78,29.49,28.8,66.5,0.5,1586000,753.7
2025-12-06,Hoshiarpur,Chikungunya,25,5,55,45.45,31.8,52.8,0.0,1586000,841.8
2025-12-07,Hoshiarpur,Chikungunya,21,2,46,45.65,33.4,62.8,0.0,1586000,865.5
2025-12-08,Hoshiarpur,Chikungunya,30,3,73,41.1,30.9,60.5,0.0,1586000,742.5
2025-12-09,Hoshiarpur,Chikungunya,21,4,94,22.34,31.5,55.5,0.0,1586000,1017.0
2025-12-10,Hoshiarpur,Chikungunya,19,2,44,43.18,31.6,63.7,0.0,1586000,1233.2
2025-12-11,Hoshiarpur,Chikungunya,25,3,68,36.76,33.8,57.6,0.0,1586000,578.6
2025-12-12,Hoshiarpur,Chikungunya,26,3,96,27.08,29.4,71.3,0.0,1586000,624.9
2025-12-13,Hoshiarpur,Chikungunya,24,5,89,26.97,29.0,58.3,0.0,1586000,822.8
2025-12-14,Hoshiarpur,Chikungunya,20,2,88,22.73,31.6,65.1,0.0,1586000,665.9
2025-12-15,Hoshiarpur,Chikungunya,23,2,55,41.82,33.6,61.8,2.0,1586000,643.9
2025-12-16,Hoshiarpur,Chikungunya,29,6,102,28.43,31.8,59.2,0.9,1586000,571.8
2025-12-17,Hoshiarpur,Chikungunya,24,3,98,24.49,31.9,77.0,0.9,1586000,1189.1
2025-12-18,Hoshiarpur,Chikungunya,24,5,58,41.38,32.1,59.6,1.9,1586000,867.0
2025-12-19,Hoshiarpur,Chikungunya,27,5,58,46.55,31.4,61.7,0.0,1586000,1810.4
2025-12-20,Hoshiarpur,Chikungunya,28,6,120,23.33,29.7,63.7,6.5,1586000,1356.2
2025-12-21,Hoshiarpur,Chikungunya,15,3,36,41.67,30.4,68.0,2.0,1586000,1639.2
2025-12-22,Hoshiarpur,Chikungunya,26,5,89,29.21,32.2,65.8,4.9,1586000,1161.1
2025-12-23,Hoshiarpur,Chikungunya,30,4,140,21.43,33.3,65.0,0.0,1586000,719.6
2025-12-24,Hoshiarpur,Chikungunya,29,5,107,27.1,30.3,64.3,0.0,1586000,678.0
2025-12-25,Hoshiarpur,Chikungunya,23,2,73,31.51,36.6,68.9,0.0,1586000,822.8
2025-12-26,Hoshiarpur,Chikungunya,26,4,73,35.62,34.6,70.4,0.0,1586000,946.0
2025-12-27,Hoshiarpur,Chikungunya,25,5,104,24.04,30.2,69.1,2.1,1586000,594.6
2025-12-28,Hoshiarpur,Chikungunya,23,4,58,39.66,35.4,64.0,0.0,1586000,538.3
2025-12-29,Hoshiarpur,Chikungunya,20,4,69,28.99,32.6,55.5,1.3,1586000,1092.3
2025-12-30,Hoshiarpur,Chikungunya,32,7,152,21.05,31.3,67.5,0.0,1586000,1473.8
2025-12-31,Hoshiarpur,Chikungunya,25,3,109,22.94,35.1,69.9,2.0,1586000,922.4
2026-01-01,Hoshiarpur,Chikungunya,27,4,128,21.09,34.0,67.3,2.0,1586000,653.2
2026-01-02,Hoshiarpur,Chikungunya,31,6,145,21.38,35.1,60.0,1.7,1586000,977.4
2026-01-03,Hoshiarpur,Chikungunya,25,4,74,33.78,30.6,69.6,0.0,1586000,589.6
2026-01-04,Hoshiarpur,Chikungunya,26,3,113,23.01,30.7,64.2,0.0,1586000,837.4
2026-01-05,Hoshiarpur,Chikungunya,23,3,112,20.54,36.8,68.1,0.0,1586000,916.3
2026-01-06,Hoshiarpur,Chikungunya,27,3,128,21.09,34.4,61.6,3.6,1586000,765.8
2026-01-07,Hoshiarpur,Chikungunya,24,5,83,28.92,34.7,70.0,1.2,1586000,1947.8
2026-01-08,Hoshiarpur,Chikungunya,28,5,108,25.93,31.3,70.6,5.0,1586000,1541.8
2026-01-09,Hoshiarpur,Chikungunya,29,5,77,37.66,33.7,70.2,0.0,1586000,1136.8
2026-01-10,Hoshiarpur,Chikungunya,28,3,86,32.56,38.4,71.5,0.5,1586000,1186.1
2026-01-11,Hoshiarpur,Chikungunya,22,5,82,26.83,34.0,62.6,0.0,1586000,1152.7
2026-01-12,Hoshiarpur,Chikungunya,29,4,124,23.39,35.7,68.3,1.4,1586000,554.1
2026-01-13,Hoshiarpur,Chikungunya,30,4,110,27.27,34.4,70.8,0.0,1586000,1133.6
2026-01-14,Hoshiarpur,Chikungunya,22,4,60,36.67,27.7,66.9,0.6,1586000,984.1
2026-01-15,Hoshiarpur,Chikungunya,28,2,101,27.72,33.2,66.8,0.0,1586000,764.4
2026-01-16,Hoshiarpur,Chikungunya,25,3,67,37.31,36.6,65.5,0.5,1586000,966.1
2026-01-17,Hoshiarpur,Chikungunya,24,3,60,40.0,32.5,72.6,1.8,1586000,1204.4
2026-01-18,Hoshiarpur,Chikungunya,27,5,117,23.08,34.3,73.1,0.0,1586000,684.7
2026-01-19,Hoshiarpur,Chikungunya,31,7,153,20.26,37.5,66.5,0.0,1586000,1063.2
2026-01-20,Hoshiarpur,Chikungunya,24,3,114,21.05,34.5,80.6,0.0,1586000,652.7
2026-01-21,Hoshiarpur,Chikungunya,30,3,135,22.22,37.7,71.9,0.0,1586000,613.5
2026-01-22,Hoshiarpur,Chikungunya,29,3,58,50.0,38.3,75.8,6.3,1586000,1578.6
2026-01-23,Hoshiarpur,Chikungunya,26,4,62,41.94,31.6,68.9,3.0,1586000,1100.8
2026-01-24,Hoshiarpur,Chikungunya,34,8,128,26.56,34.8,76.8,1.4,1586000,702.9
2026-01-25,Hoshiarpur,Chikungunya,47,11,210,22.38,34.0,78.5,0.0,1586000,770.6
2026-01-26,Hoshiarpur,Chikungunya,59,12,218,27.06,36.2,78.5,0.0,1586000,662.8
2026-01-27,Hoshiarpur,Chikungunya,80,18,251,31.87,36.0,75.4,5.0,1586000,1061.0
2026-01-28,Hoshiarpur,Chikungunya,59,13,220,26.82,40.2,75.9,3.9,1586000,813.1
2026-01-29,Hoshiarpur,Chikungunya,99,19,298,33.22,35.9,74.3,1.5,1586000,1702.5
2026-01-30,Hoshiarpur,Chikungunya,59,6,254,23.23,39.6,76.6,3.7,1586000,1818.6
2026-01-31,Hoshiarpur,Chikungunya,80,17,259,30.89,33.0,85.9,2.3,1586000,985.7
2026-02-01,Hoshiarpur,Chikungunya,133,16,529,25.14,35.5,70.9,2.8,1586000,1830.7
2026-02-02,Hoshiarpur,Chikungunya,122,18,526,23.19,36.9,77.6,1.9,1586000,850.3
2026-02-03,Hoshiarpur,Chikungunya,121,14,304,39.8,33.0,74.4,0.0,1586000,840.8
2026-02-04,Hoshiarpur,Chikungunya,155,18,348,44.54,36.3,63.5,3.9,1586000,1054.0
2026-02-05,Hoshiarpur,Chikungunya,202,42,620,32.58,33.1,77.5,3.7,1586000,942.7
2026-02-06,Hoshiarpur,Chikungunya,174,18,668,26.05,33.8,81.2,5.9,1586000,596.2
2026-02-07,Hoshiarpur,Chikungunya,172,24,767,22.43,31.0,77.0,3.5,1586000,1034.5
2026-02-08,Hoshiarpur,Chikungunya,113,14,265,42.64,36.2,82.4,8.3,1586000,667.2
2026-02-09,Hoshiarpur,Chikungunya,196,24,822,23.84,35.9,81.4,3.5,1586000,645.2
2026-02-10,Hoshiarpur,Chikungunya,181,29,700,25.86,34.9,76.9,2.8,1586000,637.9
2026-02-11,Hoshiarpur,Chikungunya,167,37,661,25.26,36.5,82.6,2.3,1586000,690.1
2026-02-12,Hoshiarpur,Chikungunya,155,26,516,30.04,33.5,72.6,3.4,1586000,864.1
2026-02-13,Hoshiarpur,Chikungunya,106,23,505,20.99,35.5,78.7,4.6,1586000,884.4
2026-02-14,Hoshiarpur,Chikungunya,194,45,631,30.74,32.9,72.1,0.0,1586000,532.5
2026-02-15,Hoshiarpur,Chikungunya,171,26,771,22.18,34.9,78.4,6.4,1586000,913.6
2026-02-16,Hoshiarpur,Chikungunya,154,20,502,30.68,34.0,82.3,0.0,1586000,1032.3
2026-02-17,Hoshiarpur,Chikungunya,186,27,380,48.95,36.2,82.8,0.0,1586000,724.2
2026-02-18,Hoshiarpur,Chikungunya,141,28,434,32.49,39.0,83.2,0.1,1586000,819.3
2026-02-19,Hoshiarpur,Chikungunya,128,17,414,30.92,34.5,78.8,6.3,1586000,972.4
2026-02-20,Hoshiarpur,Chikungunya,112,19,255,43.92,34.4,75.0,2.0,1586000,573.9
2026-02-21,Hoshiarpur,Chikungunya,117,15,323,36.22,33.8,80.0,2.1,1586000,749.9
2026-02-22,Hoshiarpur,Chikungunya,83,20,226,36.73,34.9,79.5,0.0,1586000,1193.2
2026-02-23,Hoshiarpur,Chikungunya,75,16,211,35.55,35.2,83.0,4.1,1586000,965.7
2026-02-24,Hoshiarpur,Chikungunya,72,14,286,25.17,35.6,73.6,2.1,1586000,1807.8
2026-02-25,Hoshiarpur,Chikungunya,60,8,132,45.45,38.8,84.7,6.4,1586000,696.2
2026-02-26,Hoshiarpur,Chikungunya,54,8,233,23.18,33.4,72.7,7.2,1586000,1384.8
2026-02-27,Hoshiarpur,Chikungunya,48,11,185,25.95,32.2,78.2,1.5,1586000,543.6
2026-02-28,Hoshiarpur,Chikungunya,22,2,83,26.51,37.3,72.5,7.5,1586000,946.6
2026-03-01,Hoshiarpur,Chikungunya,32,5,67,47.76,39.9,81.4,3.1,1586000,836.7
2026-03-02,Hoshiarpur,Chikungunya,28,3,99,28.28,30.4,74.2,2.6,1586000,686.1
2026-03-03,Hoshiarpur,Chikungunya,23,3,103,22.33,34.3,77.9,7.1,1586000,947.8
2026-03-04,Hoshiarpur,Chikungunya,28,4,86,32.56,35.2,84.0,5.4,1586000,638.7
2026-03-05,Hoshiarpur,Chikungunya,30,3,118,25.42,32.6,78.7,3.3,1586000,575.2
2026-03-06,Hoshiarpur,Chikungunya,24,4,63,38.1,34.3,85.5,5.0,1586000,570.3
2026-03-07,Hoshiarpur,Chikungunya,24,5,66,36.36,33.4,76.3,4.0,1586000,1538.3
2026-03-08,Hoshiarpur,Chikungunya,24,3,98,24.49,33.3,75.0,9.3,1586000,529.1
2026-03-09,Hoshiarpur,Chikungunya,28,6,126,22.22,34.4,84.7,0.0,1586000,1608.3
2026-03-10,Hoshiarpur,Chikungunya,21,3,74,28.38,33.3,82.9,1.0,1586000,764.2
2026-03-11,Hoshiarpur,Chikungunya,27,5,88,30.68,29.8,72.1,4.7,1586000,542.3
2026-03-12,Hoshiarpur,Chikungunya,20,3,71,28.17,34.7,84.0,6.4,1586000,751.6
2026-03-13,Hoshiarpur,Chikungunya,18,3,52,34.62,33.4,81.7,6.3,1586000,723.5
2026-03-14,Hoshiarpur,Chikungunya,22,3,52,42.31,34.8,81.1,6.9,1586000,1060.4
2026-03-15,Hoshiarpur,Chikungunya,29,3,109,26.61,32.8,77.9,4.4,1586000,1204.7
2026-03-16,Hoshiarpur,Chikungunya,22,4,98,22.45,33.6,73.6,8.6,1586000,1708.2
2026-03-17,Hoshiarpur,Chikungunya,26,5,96,27.08,33.7,72.3,5.1,1586000,724.5
2026-03-18,Hoshiarpur,Chikungunya,25,5,112,22.32,33.8,73.0,0.0,1586000,1637.0
2026-03-19,Hoshiarpur,Chikungunya,24,5,85,28.24,35.5,78.5,6.7,1586000,674.6
2026-03-20,Hoshiarpur,Chikungunya,25,3,122,20.49,32.5,82.3,10.1,1586000,1784.1
2026-03-21,Hoshiarpur,Chikungunya,23,3,106,21.7,35.7,76.0,0.0,1586000,791.6
2026-03-22,Hoshiarpur,Chikungunya,33,5,73,45.21,34.9,73.5,8.1,1586000,732.4
2026-03-23,Hoshiarpur,Chikungunya,22,4,75,29.33,29.0,70.2,2.5,1586000,1524.3
2026-03-24,Hoshiarpur,Chikungunya,21,2,44,47.73,37.0,78.1,4.2,1586000,587.5
2026-03-25,Hoshiarpur,Chikungunya,21,3,83,25.3,34.4,82.5,3.2,1586000,802.4
2026-03-26,Hoshiarpur,Chikungunya,24,4,62,38.71,29.5,80.1,8.8,1586000,927.8
2026-03-27,Hoshiarpur,Chikungunya,25,3,53,47.17,30.7,81.0,6.3,1586000,723.3
2026-03-28,Hoshiarpur,Chikungunya,24,4,80,30.0,32.6,82.3,7.1,1586000,1668.9
2026-03-29,Hoshiarpur,Chikungunya,21,2,88,23.86,30.0,85.9,1.7,1586000,1416.5
2026-03-30,Hoshiarpur,Chikungunya,30,5,68,44.12,30.7,78.8,0.6,1586000,1144.4
2026-03-31,Hoshiarpur,Chikungunya,21,2,101,20.79,31.9,74.6,5.7,1586000,924.2
2026-04-01,Hoshiarpur,Chikungunya,23,3,101,22.77,32.6,76.9,6.1,1586000,582.4
2026-04-02,Hoshiarpur,Chikungunya,18,4,80,22.5,33.2,71.6,11.2,1586000,991.2
2026-04-03,Hoshiarpur,Chikungunya,21,4,98,21.43,29.8,78.8,11.6,1586000,1114.8
2026-04-04,Hoshiarpur,Chikungunya,22,3,67,32.84,31.3,81.6,4.4,1586000,1503.2
2026-04-05,Hoshiarpur,Chikungunya,24,4,90,26.67,28.4,78.7,2.7,1586000,575.8
2026-04-06,Hoshiarpur,Chikungunya,25,2,102,24.51,30.8,75.6,1.2,1586000,1024.8
2026-04-07,Hoshiarpur,Chikungunya,14,3,28,50.0,34.2,82.1,9.3,1586000,840.2
2026-04-08,Hoshiarpur,Chikungunya,21,3,62,33.87,28.0,79.4,5.2,1586000,578.6
2026-04-09,Hoshiarpur,Chikungunya,14,3,46,30.43,30.3,67.7,7.8,1586000,1122.3
2026-04-10,Hoshiarpur,Chikungunya,23,4,59,38.98,26.6,84.2,5.7,1586000,696.8
2026-04-11,Hoshiarpur,Chikungunya,32,6,131,24.43,30.9,80.5,6.5,1586000,770.9
2026-04-12,Hoshiarpur,Chikungunya,22,3,91,24.18,27.6,79.1,1.9,1586000,1031.6
2026-04-13,Hoshiarpur,Chikungunya,24,5,99,24.24,30.6,81.8,6.9,1586000,1280.7
2026-04-14,Hoshiarpur,Chikungunya,19,3,73,26.03,31.5,74.2,6.7,1586000,545.4
2026-04-15,Hoshiarpur,Chikungunya,24,4,51,47.06,27.9,80.7,1.3,1586000,1308.0
2026-04-16,Hoshiarpur,Chikungunya,18,4,72,25.0,26.4,84.4,8.4,1586000,871.6
2026-04-17,Hoshiarpur,Chikungunya,26,3,105,24.76,31.3,80.9,2.8,1586000,1487.3
2026-04-18,Hoshiarpur,Chikungunya,16,3,64,25.0,25.5,74.4,3.9,1586000,1346.8
2026-04-19,Hoshiarpur,Chikungunya,18,2,55,32.73,28.5,80.5,5.3,1586000,616.6
2026-04-20,Hoshiarpur,Chikungunya,19,4,57,33.33,27.7,85.6,2.7,1586000,735.8
2026-04-21,Hoshiarpur,Chikungunya,24,5,106,22.64,27.3,74.8,8.1,1586000,653.4
2026-04-22,Hoshiarpur,Chikungunya,25,4,86,29.07,29.8,73.9,4.5,1586000,1122.0
2026-04-23,Hoshiarpur,Chikungunya,26,5,110,23.64,27.1,71.7,5.3,1586000,1012.2
2026-04-24,Hoshiarpur,Chikungunya,25,4,62,40.32,28.2,67.6,7.1,1586000,1110.5
2026-04-25,Hoshiarpur,Chikungunya,26,3,113,23.01,23.9,77.6,3.1,1586000,679.0
2026-04-26,Hoshiarpur,Chikungunya,24,3,95,25.26,30.6,69.1,5.9,1586000,582.2
2026-04-27,Hoshiarpur,Chikungunya,20,3,74,27.03,28.4,77.0,3.6,1586000,551.5
2026-04-28,Hoshiarpur,Chikungunya,19,2,86,22.09,23.2,71.6,5.1,1586000,750.9
2026-04-29,Hoshiarpur,Chikungunya,30,7,131,22.9,26.4,78.2,6.6,1586000,751.7
2026-04-30,Hoshiarpur,Chikungunya,19,3,86,22.09,23.8,75.6,5.7,1586000,1982.2
2026-05-01,Hoshiarpur,Chikungunya,18,4,37,48.65,27.5,68.2,5.6,1586000,1846.5
2026-05-02,Hoshiarpur,Chikungunya,24,3,111,21.62,25.4,68.1,2.1,1586000,1838.7
2026-05-03,Hoshiarpur,Chikungunya,21,3,63,33.33,25.9,62.0,3.7,1586000,1846.1
2026-05-04,Hoshiarpur,Chikungunya,16,2,37,43.24,27.1,70.5,6.3,1586000,1103.4
2026-05-05,Hoshiarpur,Chikungunya,21,2,87,24.14,22.0,69.9,6.0,1586000,1975.7
2026-05-06,Hoshiarpur,Chikungunya,21,2,78,26.92,24.3,70.8,10.6,1586000,1152.7
2025-11-08,Hoshiarpur,Dengue,20,2,51,39.22,25.5,53.5,1.6,1586000,799.8
2025-11-09,Hoshiarpur,Dengue,28,6,99,28.28,24.5,55.4,0.0,1586000,1622.8
2025-11-10,Hoshiarpur,Dengue,31,6,70,44.29,24.8,42.0,0.0,1586000,580.9
2025-11-11,Hoshiarpur,Dengue,26,4,63,41.27,27.1,51.4,1.5,1586000,1134.1
2025-11-12,Hoshiarpur,Dengue,32,5,108,29.63,25.5,47.7,0.0,1586000,803.6
2025-11-13,Hoshiarpur,Dengue,25,4,61,40.98,26.1,44.9,0.0,1586000,570.2
2025-11-14,Hoshiarpur,Dengue,23,4,72,31.94,26.4,54.6,0.0,1586000,1107.6
2025-11-15,Hoshiarpur,Dengue,31,4,73,42.47,25.2,49.5,0.0,1586000,1915.1
2025-11-16,Hoshiarpur,Dengue,26,5,101,25.74,23.5,50.1,0.0,1586000,565.0
2025-11-17,Hoshiarpur,Dengue,32,5,71,45.07,24.8,55.5,0.0,1586000,1754.2
2025-11-18,Hoshiarpur,Dengue,24,5,71,33.8,24.8,52.8,0.0,1586000,840.3
2025-11-19,Hoshiarpur,Dengue,32,7,106,30.19,25.5,56.7,0.0,1586000,981.8
2025-11-20,Hoshiarpur,Dengue,29,6,68,42.65,26.4,54.6,0.0,1586000,721.5
2025-11-21,Hoshiarpur,Dengue,30,4,79,37.97,28.9,47.8,0.0,1586000,1364.8
2025-11-22,Hoshiarpur,Dengue,33,8,119,27.73,28.6,54.3,0.0,1586000,1198.1
2025-11-23,Hoshiarpur,Dengue,32,6,149,21.48,28.0,57.1,0.0,1586000,642.0
2025-11-24,Hoshiarpur,Dengue,34,5,118,28.81,25.4,68.1,0.0,1586000,721.9
2025-11-25,Hoshiarpur,Dengue,22,4,61,36.07,28.9,53.9,0.0,1586000,1479.1
2025-11-26,Hoshiarpur,Dengue,29,6,130,22.31,28.2,57.0,0.0,1586000,1126.7
2025-11-27,Hoshiarpur,Dengue,30,3,113,26.55,31.9,53.8,0.0,1586000,975.8
2025-11-28,Hoshiarpur,Dengue,40,8,81,49.38,24.9,52.7,0.0,1586000,1932.4
2025-11-29,Hoshiarpur,Dengue,26,3,76,34.21,29.2,57.1,0.0,1586000,1632.1
2025-11-30,Hoshiarpur,Dengue,27,3,73,36.99,28.0,60.9,0.0,1586000,1542.9
2025-12-01,Hoshiarpur,Dengue,32,6,123,26.02,25.2,62.5,0.0,1586000,1624.3
2025-12-02,Hoshiarpur,Dengue,27,6,85,31.76,28.8,62.3,0.0,1586000,778.9
2025-12-03,Hoshiarpur,Dengue,36,7,114,31.58,29.5,60.5,0.0,1586000,565.6
2025-12-04,Hoshiarpur,Dengue,29,3,131,22.14,28.5,55.2,0.0,1586000,559.4
2025-12-05,Hoshiarpur,Dengue,32,3,117,27.35,28.1,60.5,0.0,1586000,1006.1
2025-12-06,Hoshiarpur,Dengue,26,3,92,28.26,29.8,58.4,0.9,1586000,975.7
2025-12-07,Hoshiarpur,Dengue,40,4,160,25.0,32.1,60.3,0.0,1586000,1409.6
2025-12-08,Hoshiarpur,Dengue,38,8,183,20.77,31.6,55.0,0.0,1586000,793.2
2025-12-09,Hoshiarpur,Dengue,36,6,171,21.05,27.8,64.9,0.2,1586000,651.7
2025-12-10,Hoshiarpur,Dengue,34,7,153,22.22,29.9,60.4,1.3,1586000,1246.4
2025-12-11,Hoshiarpur,Dengue,39,7,147,26.53,34.2,54.8,0.0,1586000,774.8
2025-12-12,Hoshiarpur,Dengue,29,3,115,25.22,32.6,69.6,0.2,1586000,572.5
2025-12-13,Hoshiarpur,Dengue,35,8,120,29.17,31.5,65.5,0.0,1586000,1123.3
2025-12-14,Hoshiarpur,Dengue,35,8,93,37.63,31.9,65.8,0.4,1586000,580.3
2025-12-15,Hoshiarpur,Dengue,27,4,63,42.86,28.8,52.6,1.4,1586000,576.1
2025-12-16,Hoshiarpur,Dengue,35,8,107,32.71,32.1,65.8,0.0,1586000,1878.6
2025-12-17,Hoshiarpur,Dengue,38,8,139,27.34,30.7,55.5,2.6,1586000,706.9
2025-12-18,Hoshiarpur,Dengue,42,6,100,42.0,32.6,67.7,1.1,1586000,1471.8
2025-12-19,Hoshiarpur,Dengue,35,4,150,23.33,31.1,69.1,0.6,1586000,864.3
2025-12-20,Hoshiarpur,Dengue,36,6,163,22.09,32.6,62.2,0.0,1586000,1674.3
2025-12-21,Hoshiarpur,Dengue,37,5,130,28.46,34.4,62.6,0.0,1586000,652.5
2025-12-22,Hoshiarpur,Dengue,37,4,110,33.64,32.5,59.2,0.9,1586000,796.3
2025-12-23,Hoshiarpur,Dengue,36,7,139,25.9,34.1,69.7,0.4,1586000,537.5
2025-12-24,Hoshiarpur,Dengue,42,4,129,32.56,34.1,52.4,0.0,1586000,1963.1
2025-12-25,Hoshiarpur,Dengue,28,3,121,23.14,32.9,65.1,0.0,1586000,778.5
2025-12-26,Hoshiarpur,Dengue,41,8,181,22.65,33.1,64.6,0.2,1586000,1581.2
2025-12-27,Hoshiarpur,Dengue,33,7,130,25.38,34.3,69.3,1.7,1586000,617.0
2025-12-28,Hoshiarpur,Dengue,30,4,63,47.62,34.7,66.1,1.5,1586000,1112.9
2025-12-29,Hoshiarpur,Dengue,35,8,98,35.71,35.1,66.9,0.0,1586000,534.4
2025-12-30,Hoshiarpur,Dengue,32,7,106,30.19,32.9,71.0,0.1,1586000,1196.2
2025-12-31,Hoshiarpur,Dengue,38,4,147,25.85,33.3,74.6,0.0,1586000,1058.8
2026-01-01,Hoshiarpur,Dengue,34,3,128,26.56,32.8,68.3,0.0,1586000,618.5
2026-01-02,Hoshiarpur,Dengue,31,4,68,45.59,35.9,55.0,2.4,1586000,1362.4
2026-01-03,Hoshiarpur,Dengue,38,6,135,28.15,32.9,63.4,0.0,1586000,534.5
2026-01-04,Hoshiarpur,Dengue,24,3,59,40.68,33.7,66.5,0.0,1586000,1187.3
2026-01-05,Hoshiarpur,Dengue,43,7,86,50.0,33.1,67.6,3.0,1586000,1473.0
2026-01-06,Hoshiarpur,Dengue,44,10,141,31.21,32.5,73.2,4.2,1586000,656.0
2026-01-07,Hoshiarpur,Dengue,37,5,178,20.79,35.9,73.4,0.0,1586000,1228.0
2026-01-08,Hoshiarpur,Dengue,26,6,92,28.26,29.3,68.1,0.0,1586000,709.9
2026-01-09,Hoshiarpur,Dengue,38,6,170,22.35,35.8,69.4,0.0,1586000,657.0
2026-01-10,Hoshiarpur,Dengue,33,3,133,24.81,33.5,72.0,0.2,1586000,570.3
2026-01-11,Hoshiarpur,Dengue,36,6,172,20.93,34.3,74.7,0.9,1586000,563.1
2026-01-12,Hoshiarpur,Dengue,43,5,99,43.43,36.2,70.4,1.5,1586000,546.8
2026-01-13,Hoshiarpur,Dengue,52,10,158,32.91,37.8,66.7,0.0,1586000,728.9
2026-01-14,Hoshiarpur,Dengue,31,5,131,23.66,35.1,61.0,0.0,1586000,1889.6
2026-01-15,Hoshiarpur,Dengue,40,7,122,32.79,36.5,61.6,7.1,1586000,1199.5
2026-01-16,Hoshiarpur,Dengue,31,4,78,39.74,35.2,70.1,0.1,1586000,1519.0
2026-01-17,Hoshiarpur,Dengue,30,4,107,28.04,32.8,76.8,4.4,1586000,710.3
2026-01-18,Hoshiarpur,Dengue,33,6,134,24.63,29.3,75.8,4.5,1586000,976.4
2026-01-19,Hoshiarpur,Dengue,44,10,182,24.18,32.8,81.6,2.4,1586000,636.0
2026-01-20,Hoshiarpur,Dengue,37,6,153,24.18,33.2,74.8,0.0,1586000,918.5
2026-01-21,Hoshiarpur,Dengue,40,6,145,27.59,35.8,76.6,4.4,1586000,1219.8
2026-01-22,Hoshiarpur,Dengue,28,3,113,24.78,34.2,76.3,1.7,1586000,820.4
2026-01-23,Hoshiarpur,Dengue,27,5,128,21.09,36.5,71.7,2.8,1586000,929.3
2026-01-24,Hoshiarpur,Dengue,33,6,86,38.37,34.3,73.2,4.2,1586000,599.6
2026-01-25,Hoshiarpur,Dengue,32,5,147,21.77,33.4,72.7,0.9,1586000,1141.8
2026-01-26,Hoshiarpur,Dengue,32,6,133,24.06,37.3,77.7,0.0,1586000,544.7
2026-01-27,Hoshiarpur,Dengue,39,8,187,20.86,35.4,76.8,0.0,1586000,955.7
2026-01-28,Hoshiarpur,Dengue,40,8,148,27.03,35.3,65.6,4.4,1586000,561.4
2026-01-29,Hoshiarpur,Dengue,35,7,113,30.97,34.1,72.8,0.0,1586000,674.9
2026-01-30,Hoshiarpur,Dengue,35,4,93,37.63,33.5,73.8,1.0,1586000,764.8
2026-01-31,Hoshiarpur,Dengue,32,5,138,23.19,33.3,69.8,0.9,1586000,851.0
2026-02-01,Hoshiarpur,Dengue,38,5,187,20.32,38.0,71.7,0.0,1586000,851.2
2026-02-02,Hoshiarpur,Dengue,37,4,122,30.33,32.7,75.2,2.0,1586000,900.8
2026-02-03,Hoshiarpur,Dengue,46,9,138,33.33,32.1,76.2,0.0,1586000,776.7
2026-02-04,Hoshiarpur,Dengue,41,9,142,28.87,30.5,74.0,0.0,1586000,569.1
2026-02-05,Hoshiarpur,Dengue,35,5,91,38.46,34.3,75.7,0.0,1586000,585.2
2026-02-06,Hoshiarpur,Dengue,39,8,134,29.1,34.8,91.3,1.3,1586000,1441.6
2026-02-07,Hoshiarpur,Dengue,39,9,182,21.43,34.7,83.9,5.2,1586000,923.6
2026-02-08,Hoshiarpur,Dengue,43,7,200,21.5,33.4,81.3,1.2,1586000,616.5
2026-02-09,Hoshiarpur,Dengue,37,7,171,21.64,34.7,80.0,5.7,1586000,707.9
2026-02-10,Hoshiarpur,Dengue,35,7,145,24.14,34.6,78.7,2.8,1586000,1025.7
2026-02-11,Hoshiarpur,Dengue,46,8,210,21.9,36.3,80.4,0.0,1586000,570.3
2026-02-12,Hoshiarpur,Dengue,25,5,77,32.47,35.0,77.2,7.7,1586000,1259.9
2026-02-13,Hoshiarpur,Dengue,43,8,155,27.74,34.2,83.9,0.0,1586000,1259.9
2026-02-14,Hoshiarpur,Dengue,36,6,152,23.68,33.2,79.8,8.4,1586000,1132.1
2026-02-15,Hoshiarpur,Dengue,38,8,155,24.52,33.7,70.8,7.9,1586000,871.9
2026-02-16,Hoshiarpur,Dengue,29,6,103,28.16,33.9,70.6,5.5,1586000,1760.6
2026-02-17,Hoshiarpur,Dengue,36,8,143,25.17,34.6,80.4,1.4,1586000,1175.5
2026-02-18,Hoshiarpur,Dengue,36,5,77,46.75,39.2,81.6,2.6,1586000,1662.5
2026-02-19,Hoshiarpur,Dengue,47,8,94,50.0,34.3,77.8,0.0,1586000,572.9
2026-02-20,Hoshiarpur,Dengue,38,5,182,20.88,29.9,87.3,3.6,1586000,593.0
2026-02-21,Hoshiarpur,Dengue,41,4,91,45.05,34.8,82.2,0.2,1586000,917.2
2026-02-22,Hoshiarpur,Dengue,39,7,157,24.84,38.1,79.9,0.0,1586000,1199.3
2026-02-23,Hoshiarpur,Dengue,38,8,115,33.04,32.6,71.7,0.7,1586000,683.1
2026-02-24,Hoshiarpur,Dengue,44,9,202,21.78,33.0,82.6,6.1,1586000,1067.8
2026-02-25,Hoshiarpur,Dengue,25,4,95,26.32,31.9,83.8,4.6,1586000,642.3
2026-02-26,Hoshiarpur,Dengue,46,7,193,23.83,35.2,80.1,4.0,1586000,686.1
2026-02-27,Hoshiarpur,Dengue,39,7,148,26.35,36.9,84.3,2.8,1586000,1098.1
2026-02-28,Hoshiarpur,Dengue,34,7,148,22.97,32.2,72.8,0.0,1586000,1036.2
2026-03-01,Hoshiarpur,Dengue,43,7,91,47.25,31.9,80.7,1.8,1586000,834.6
2026-03-02,Hoshiarpur,Dengue,46,9,93,49.46,37.3,75.0,4.4,1586000,647.4
2026-03-03,Hoshiarpur,Dengue,40,6,109,36.7,35.0,76.2,10.5,1586000,1658.5
2026-03-04,Hoshiarpur,Dengue,72,8,341,21.11,34.7,84.9,4.9,1586000,1497.1
2026-03-05,Hoshiarpur,Dengue,70,10,347,20.17,36.3,80.2,0.4,1586000,528.8
2026-03-06,Hoshiarpur,Dengue,79,14,159,49.69,35.2,81.7,1.9,1586000,1136.9
2026-03-07,Hoshiarpur,Dengue,109,20,218,50.0,33.2,82.1,5.2,1586000,862.6
2026-03-08,Hoshiarpur,Dengue,107,13,460,23.26,32.1,73.9,7.2,1586000,1747.5
2026-03-09,Hoshiarpur,Dengue,119,20,385,30.91,31.5,76.6,0.8,1586000,1780.1
2026-03-10,Hoshiarpur,Dengue,95,14,409,23.23,34.6,82.9,6.7,1586000,682.6
2026-03-11,Hoshiarpur,Dengue,140,16,420,33.33,32.7,77.9,2.1,1586000,599.6
2026-03-12,Hoshiarpur,Dengue,105,21,337,31.16,32.4,74.9,1.7,1586000,641.8
2026-03-13,Hoshiarpur,Dengue,121,21,557,21.72,30.6,86.8,9.7,1586000,555.9
2026-03-14,Hoshiarpur,Dengue,129,19,447,28.86,32.3,80.4,0.0,1586000,1094.5
2026-03-15,Hoshiarpur,Dengue,112,24,356,31.46,31.5,71.7,2.1,1586000,603.1
2026-03-16,Hoshiarpur,Dengue,101,12,402,25.12,33.7,82.4,9.2,1586000,936.6
2026-03-17,Hoshiarpur,Dengue,116,15,438,26.48,35.4,83.6,10.6,1586000,874.8
2026-03-18,Hoshiarpur,Dengue,76,15,279,27.24,29.1,72.2,1.3,1586000,1831.6
2026-03-19,Hoshiarpur,Dengue,81,8,229,35.37,32.9,76.8,8.3,1586000,561.6
2026-03-20,Hoshiarpur,Dengue,70,7,245,28.57,33.0,76.0,1.1,1586000,656.1
2026-03-21,Hoshiarpur,Dengue,68,13,175,38.86,33.6,75.0,0.0,1586000,878.5
2026-03-22,Hoshiarpur,Dengue,49,9,192,25.52,28.7,90.5,9.2,1586000,574.2
2026-03-23,Hoshiarpur,Dengue,43,5,152,28.29,32.3,80.1,8.4,1586000,811.7
2026-03-24,Hoshiarpur,Dengue,37,8,156,23.72,31.9,86.5,0.0,1586000,635.1
2026-03-25,Hoshiarpur,Dengue,35,5,79,44.3,31.5,74.1,1.7,1586000,545.1
2026-03-26,Hoshiarpur,Dengue,29,3,104,27.88,33.3,86.1,3.0,1586000,608.8
2026-03-27,Hoshiarpur,Dengue,37,6,85,43.53,33.3,74.3,5.7,1586000,644.5
2026-03-28,Hoshiarpur,Dengue,27,4,116,23.28,31.1,75.1,1.9,1586000,1346.6
2026-03-29,Hoshiarpur,Dengue,34,6,151,22.52,31.7,79.3,2.0,1586000,1103.8
2026-03-30,Hoshiarpur,Dengue,27,3,59,45.76,32.4,83.3,4.2,1586000,673.9
2026-03-31,Hoshiarpur,Dengue,35,5,157,22.29,29.6,75.4,0.8,1586000,614.0
2026-04-01,Hoshiarpur,Dengue,36,4,160,22.5,31.1,83.3,9.4,1586000,1891.2
2026-04-02,Hoshiarpur,Dengue,29,3,108,26.85,32.3,81.7,8.2,1586000,677.4
2026-04-03,Hoshiarpur,Dengue,39,9,128,30.47,30.7,71.5,5.5,1586000,622.0
2026-04-04,Hoshiarpur,Dengue,32,4,110,29.09,30.1,80.2,1.2,1586000,544.6
2026-04-05,Hoshiarpur,Dengue,29,5,63,46.03,32.8,79.3,3.5,1586000,626.7
2026-04-06,Hoshiarpur,Dengue,44,5,161,27.33,32.5,67.4,2.3,1586000,1000.9
2026-04-07,Hoshiarpur,Dengue,32,7,141,22.7,28.9,76.3,6.3,1586000,704.7
2026-04-08,Hoshiarpur,Dengue,33,7,94,35.11,28.0,67.5,6.9,1586000,729.5
2026-04-09,Hoshiarpur,Dengue,30,4,71,42.25,32.5,79.1,5.8,1586000,658.1
2026-04-10,Hoshiarpur,Dengue,37,7,89,41.57,32.3,72.7,3.1,1586000,708.8
2026-04-11,Hoshiarpur,Dengue,33,6,93,35.48,29.4,74.6,2.9,1586000,1070.2
2026-04-12,Hoshiarpur,Dengue,26,6,99,26.26,27.4,73.7,6.7,1586000,1043.7
2026-04-13,Hoshiarpur,Dengue,39,5,141,27.66,28.9,77.7,11.6,1586000,713.6
2026-04-14,Hoshiarpur,Dengue,36,3,139,25.9,26.8,70.7,6.8,1586000,1324.6
2026-04-15,Hoshiarpur,Dengue,35,3,165,21.21,31.4,83.7,3.6,1586000,566.6
2026-04-16,Hoshiarpur,Dengue,30,6,124,24.19,27.3,75.5,15.4,1586000,1659.4
2026-04-17,Hoshiarpur,Dengue,28,3,125,22.4,27.3,77.8,4.4,1586000,872.0
2026-04-18,Hoshiarpur,Dengue,37,4,139,26.62,31.8,84.6,3.9,1586000,896.7
2026-04-19,Hoshiarpur,Dengue,28,5,121,23.14,27.9,74.4,10.8,1586000,868.4
2026-04-20,Hoshiarpur,Dengue,33,3,109,30.28,29.1,65.2,0.0,1586000,717.5
2026-04-21,Hoshiarpur,Dengue,33,4,96,34.38,27.2,75.0,0.5,1586000,589.9
2026-04-22,Hoshiarpur,Dengue,24,5,100,24.0,27.7,72.5,9.7,1586000,645.8
2026-04-23,Hoshiarpur,Dengue,39,4,190,20.53,27.5,74.2,7.9,1586000,779.2
2026-04-24,Hoshiarpur,Dengue,39,7,176,22.16,22.9,70.5,6.6,1586000,721.4
2026-04-25,Hoshiarpur,Dengue,31,6,93,33.33,28.2,70.5,6.3,1586000,1444.6
2026-04-26,Hoshiarpur,Dengue,26,5,64,40.62,31.3,72.6,6.2,1586000,674.1
2026-04-27,Hoshiarpur,Dengue,30,5,60,50.0,27.3,71.7,4.2,1586000,623.5
2026-04-28,Hoshiarpur,Dengue,27,3,77,35.06,25.4,68.0,8.3,1586000,796.9
2026-04-29,Hoshiarpur,Dengue,29,5,74,39.19,28.0,72.6,3.4,1586000,927.5
2026-04-30,Hoshiarpur,Dengue,27,6,130,20.77,27.0,71.8,8.0,1586000,811.4
2026-05-01,Hoshiarpur,Dengue,35,8,156,22.44,24.1,71.8,6.2,1586000,1054.4
2026-05-02,Hoshiarpur,Dengue,30,3,73,41.1,28.0,67.5,2.4,1586000,756.1
2026-05-03,Hoshiarpur,Dengue,28,5,81,34.57,23.9,72.4,5.6,1586000,580.9
2026-05-04,Hoshiarpur,Dengue,26,4,71,36.62,27.0,64.0,8.5,1586000,742.2
2026-05-05,Hoshiarpur,Dengue,37,8,138,26.81,26.3,79.5,2.7,1586000,1287.6
2026-05-06,Hoshiarpur,Dengue,31,3,146,21.23,25.8,73.4,6.9,1586000,1135.6
2025-11-08,Hoshiarpur,Influenza,10,1,28,35.71,23.9,50.7,0.0,1586000,1634.0
2025-11-09,Hoshiarpur,Influenza,7,1,16,43.75,20.8,53.5,0.0,1586000,812.5
2025-11-10,Hoshiarpur,Influenza,8,1,36,22.22,24.2,47.7,0.0,1586000,574.1
2025-11-11,Hoshiarpur,Influenza,12,2,24,50.0,22.3,54.2,0.0,1586000,645.1
2025-11-12,Hoshiarpur,Influenza,12,2,53,22.64,26.3,56.7,0.0,1586000,623.7
2025-11-13,Hoshiarpur,Influenza,8,1,22,36.36,24.9,51.8,0.0,1586000,755.6
2025-11-14,Hoshiarpur,Influenza,13,2,38,34.21,24.6,56.1,0.0,1586000,583.1
2025-11-15,Hoshiarpur,Influenza,11,1,45,24.44,22.8,45.7,0.0,1586000,878.6
2025-11-16,Hoshiarpur,Influenza,11,2,54,20.37,25.6,51.1,0.0,1586000,838.7
2025-11-17,Hoshiarpur,Influenza,14,2,42,33.33,22.5,49.6,0.0,1586000,714.9
2025-11-18,Hoshiarpur,Influenza,10,1,43,23.26,30.2,55.4,0.0,1586000,576.6
2025-11-19,Hoshiarpur,Influenza,11,2,46,23.91,25.2,49.6,0.0,1586000,1016.7
2025-11-20,Hoshiarpur,Influenza,10,1,38,26.32,31.8,49.3,0.0,1586000,662.9
2025-11-21,Hoshiarpur,Influenza,14,2,38,36.84,25.9,55.6,0.0,1586000,1232.2
2025-11-22,Hoshiarpur,Influenza,15,2,33,45.45,26.6,60.4,0.9,1586000,1082.3
2025-11-23,Hoshiarpur,Influenza,13,2,37,35.14,27.5,51.1,0.0,1586000,591.0
2025-11-24,Hoshiarpur,Influenza,15,2,32,46.88,24.0,50.1,0.0,1586000,1359.5
2025-11-25,Hoshiarpur,Influenza,11,1,47,23.4,28.4,49.4,1.6,1586000,1273.1
2025-11-26,Hoshiarpur,Influenza,10,1,26,38.46,29.3,62.6,0.5,1586000,1694.7
2025-11-27,Hoshiarpur,Influenza,12,1,57,21.05,26.6,55.1,0.0,1586000,621.9
2025-11-28,Hoshiarpur,Influenza,13,2,61,21.31,29.9,51.8,0.0,1586000,654.0
2025-11-29,Hoshiarpur,Influenza,15,3,62,24.19,29.3,64.6,0.0,1586000,1826.4
2025-11-30,Hoshiarpur,Influenza,10,2,48,20.83,31.5,64.4,0.0,1586000,629.1
2025-12-01,Hoshiarpur,Influenza,10,2,46,21.74,28.1,52.4,0.0,1586000,588.8
2025-12-02,Hoshiarpur,Influenza,14,1,44,31.82,24.3,51.3,3.6,1586000,733.1
2025-12-03,Hoshiarpur,Influenza,16,2,59,27.12,30.0,49.6,0.0,1586000,1585.6
2025-12-04,Hoshiarpur,Influenza,13,3,34,38.24,26.7,55.9,0.0,1586000,1203.0
2025-12-05,Hoshiarpur,Influenza,12,1,43,27.91,30.3,55.7,0.0,1586000,710.1
2025-12-06,Hoshiarpur,Influenza,14,2,42,33.33,29.5,65.9,0.9,1586000,1454.8
2025-12-07,Hoshiarpur,Influenza,9,1,23,39.13,32.2,63.0,0.0,1586000,1183.9
2025-12-08,Hoshiarpur,Influenza,8,0,29,27.59,29.0,52.6,0.7,1586000,1870.1
2025-12-09,Hoshiarpur,Influenza,14,1,50,28.0,30.1,51.8,0.8,1586000,1003.9
2025-12-10,Hoshiarpur,Influenza,15,3,74,20.27,28.0,65.6,0.0,1586000,566.7
2025-12-11,Hoshiarpur,Influenza,12,2,34,35.29,32.2,62.1,0.0,1586000,698.3
2025-12-12,Hoshiarpur,Influenza,11,2,22,50.0,30.5,58.5,0.4,1586000,932.2
2025-12-13,Hoshiarpur,Influenza,10,1,47,21.28,29.3,58.5,3.3,1586000,632.0
2025-12-14,Hoshiarpur,Influenza,15,3,39,38.46,34.3,53.7,4.9,1586000,688.3
2025-12-15,Hoshiarpur,Influenza,10,2,27,37.04,30.7,57.6,2.4,1586000,1443.0
2025-12-16,Hoshiarpur,Influenza,12,2,54,22.22,28.9,61.4,0.0,1586000,1552.3
2025-12-17,Hoshiarpur,Influenza,11,1,22,50.0,31.2,57.2,2.5,1586000,1112.2
2025-12-18,Hoshiarpur,Influenza,15,3,37,40.54,31.4,68.1,0.0,1586000,655.3
2025-12-19,Hoshiarpur,Influenza,15,3,62,24.19,31.2,57.1,2.5,1586000,829.2
2025-12-20,Hoshiarpur,Influenza,10,2,44,22.73,31.3,64.2,0.0,1586000,659.8
2025-12-21,Hoshiarpur,Influenza,13,2,28,46.43,28.1,63.9,0.0,1586000,1416.3
2025-12-22,Hoshiarpur,Influenza,12,1,45,26.67,35.7,69.8,0.5,1586000,1524.0
2025-12-23,Hoshiarpur,Influenza,15,2,71,21.13,33.9,63.9,3.5,1586000,730.3
2025-12-24,Hoshiarpur,Influenza,9,1,24,37.5,31.6,69.0,0.0,1586000,1582.8
2025-12-25,Hoshiarpur,Influenza,12,2,42,28.57,32.7,61.3,1.4,1586000,558.0
2025-12-26,Hoshiarpur,Influenza,11,1,41,26.83,39.4,80.7,3.2,1586000,888.9
2025-12-27,Hoshiarpur,Influenza,12,2,57,21.05,35.1,67.0,0.0,1586000,682.1
2025-12-28,Hoshiarpur,Influenza,15,3,51,29.41,33.0,64.7,1.7,1586000,1725.7
2025-12-29,Hoshiarpur,Influenza,14,1,48,29.17,35.4,60.3,0.0,1586000,660.0
2025-12-30,Hoshiarpur,Influenza,17,3,59,28.81,32.8,66.1,3.3,1586000,1096.5
2025-12-31,Hoshiarpur,Influenza,15,3,48,31.25,32.8,67.3,0.0,1586000,926.5
2026-01-01,Hoshiarpur,Influenza,14,1,64,21.88,32.4,70.1,0.0,1586000,748.2
2026-01-02,Hoshiarpur,Influenza,9,1,29,31.03,33.6,68.2,0.3,1586000,1334.6
2026-01-03,Hoshiarpur,Influenza,12,2,47,25.53,31.0,64.1,0.0,1586000,644.7
2026-01-04,Hoshiarpur,Influenza,14,2,39,35.9,34.7,71.7,6.0,1586000,1064.8
2026-01-05,Hoshiarpur,Influenza,14,2,66,21.21,30.6,63.2,0.0,1586000,936.7
2026-01-06,Hoshiarpur,Influenza,15,2,73,20.55,32.2,63.7,0.0,1586000,1048.6
2026-01-07,Hoshiarpur,Influenza,14,3,32,43.75,32.7,66.4,0.0,1586000,638.1
2026-01-08,Hoshiarpur,Influenza,14,3,47,29.79,31.4,80.2,2.4,1586000,650.0
2026-01-09,Hoshiarpur,Influenza,10,1,35,28.57,36.4,71.9,5.7,1586000,577.7
2026-01-10,Hoshiarpur,Influenza,16,3,75,21.33,33.4,70.7,1.7,1586000,1109.3
2026-01-11,Hoshiarpur,Influenza,13,2,54,24.07,39.0,71.4,3.2,1586000,615.3
2026-01-12,Hoshiarpur,Influenza,14,2,49,28.57,35.7,67.1,2.1,1586000,1561.0
2026-01-13,Hoshiarpur,Influenza,14,2,29,48.28,34.3,77.5,0.0,1586000,560.2
2026-01-14,Hoshiarpur,Influenza,17,3,72,23.61,33.6,73.6,5.6,1586000,531.3
2026-01-15,Hoshiarpur,Influenza,14,2,37,37.84,32.5,70.5,5.2,1586000,618.2
2026-01-16,Hoshiarpur,Influenza,12,2,49,24.49,32.8,75.7,0.0,1586000,950.6
2026-01-17,Hoshiarpur,Influenza,14,3,32,43.75,35.3,68.8,1.3,1586000,660.3
2026-01-18,Hoshiarpur,Influenza,9,1,30,30.0,32.7,73.0,0.8,1586000,580.1
2026-01-19,Hoshiarpur,Influenza,12,2,34,35.29,35.9,73.3,0.0,1586000,1014.1
2026-01-20,Hoshiarpur,Influenza,12,1,44,27.27,34.7,78.1,4.5,1586000,1556.0
2026-01-21,Hoshiarpur,Influenza,9,1,38,23.68,31.5,74.2,0.8,1586000,565.2
2026-01-22,Hoshiarpur,Influenza,11,1,54,20.37,31.6,62.7,1.0,1586000,1314.4
2026-01-23,Hoshiarpur,Influenza,9,2,31,29.03,37.5,66.7,0.3,1586000,565.9
2026-01-24,Hoshiarpur,Influenza,12,2,57,21.05,33.9,82.8,6.6,1586000,1161.8
2026-01-25,Hoshiarpur,Influenza,15,2,38,39.47,32.7,81.2,0.0,1586000,1029.7
2026-01-26,Hoshiarpur,Influenza,18,2,56,32.14,32.9,78.8,1.5,1586000,584.8
2026-01-27,Hoshiarpur,Influenza,10,2,32,31.25,36.1,80.9,0.0,1586000,644.0
2026-01-28,Hoshiarpur,Influenza,10,1,33,30.3,36.9,70.6,8.9,1586000,868.8
2026-01-29,Hoshiarpur,Influenza,12,2,34,35.29,35.0,80.1,3.4,1586000,901.4
2026-01-30,Hoshiarpur,Influenza,16,2,65,24.62,33.6,77.3,2.4,1586000,533.2
2026-01-31,Hoshiarpur,Influenza,13,2,56,23.21,34.5,75.2,3.7,1586000,1272.4
2026-02-01,Hoshiarpur,Influenza,13,2,56,23.21,32.8,76.1,0.0,1586000,553.7
2026-02-02,Hoshiarpur,Influenza,17,2,35,48.57,36.9,72.1,7.5,1586000,1162.1
2026-02-03,Hoshiarpur,Influenza,12,1,26,46.15,32.4,78.4,5.3,1586000,945.1
2026-02-04,Hoshiarpur,Influenza,10,2,38,26.32,33.5,74.2,3.9,1586000,932.0
2026-02-05,Hoshiarpur,Influenza,14,2,42,33.33,34.4,76.7,0.8,1586000,628.6
2026-02-06,Hoshiarpur,Influenza,14,3,35,40.0,37.8,75.6,1.5,1586000,1127.7
2026-02-07,Hoshiarpur,Influenza,13,2,37,35.14,34.0,79.9,5.6,1586000,715.4
2026-02-08,Hoshiarpur,Influenza,14,3,49,28.57,34.2,83.7,3.3,1586000,1568.0
2026-02-09,Hoshiarpur,Influenza,17,3,52,32.69,32.9,82.3,0.0,1586000,552.5
2026-02-10,Hoshiarpur,Influenza,14,2,55,25.45,34.0,84.6,5.0,1586000,1881.8
2026-02-11,Hoshiarpur,Influenza,13,2,64,20.31,32.9,85.9,6.9,1586000,621.2
2026-02-12,Hoshiarpur,Influenza,14,1,29,48.28,36.2,86.0,1.1,1586000,545.1
2026-02-13,Hoshiarpur,Influenza,18,3,52,34.62,37.3,73.1,7.3,1586000,576.6
2026-02-14,Hoshiarpur,Influenza,12,2,35,34.29,35.4,81.7,3.4,1586000,790.7
2026-02-15,Hoshiarpur,Influenza,14,2,37,37.84,33.6,84.9,1.0,1586000,1059.9
2026-02-16,Hoshiarpur,Influenza,11,2,54,20.37,34.7,81.8,6.5,1586000,792.5
2026-02-17,Hoshiarpur,Influenza,11,1,35,31.43,33.6,85.7,2.5,1586000,680.7
2026-02-18,Hoshiarpur,Influenza,15,2,48,31.25,35.9,78.4,3.4,1586000,1002.3
2026-02-19,Hoshiarpur,Influenza,15,3,46,32.61,32.6,77.6,0.8,1586000,562.9
2026-02-20,Hoshiarpur,Influenza,10,1,39,25.64,32.7,80.9,2.6,1586000,1474.6
2026-02-21,Hoshiarpur,Influenza,13,2,45,28.89,37.4,85.1,4.6,1586000,562.2
2026-02-22,Hoshiarpur,Influenza,11,2,42,26.19,35.6,83.4,3.5,1586000,793.0
2026-02-23,Hoshiarpur,Influenza,15,2,59,25.42,34.4,78.1,4.3,1586000,1058.2
2026-02-24,Hoshiarpur,Influenza,12,1,26,46.15,39.1,82.1,6.6,1586000,1275.7
2026-02-25,Hoshiarpur,Influenza,13,1,47,27.66,36.2,78.6,1.3,1586000,1331.8
2026-02-26,Hoshiarpur,Influenza,14,3,43,32.56,34.8,78.1,5.3,1586000,656.5
2026-02-27,Hoshiarpur,Influenza,13,1,28,46.43,33.7,80.0,2.1,1586000,544.3
2026-02-28,Hoshiarpur,Influenza,13,2,49,26.53,34.0,85.6,3.5,1586000,621.1
2026-03-01,Hoshiarpur,Influenza,12,1,54,22.22,34.1,76.8,0.0,1586000,679.6
2026-03-02,Hoshiarpur,Influenza,15,2,43,34.88,30.7,73.8,5.7,1586000,555.2
2026-03-03,Hoshiarpur,Influenza,12,1,25,48.0,30.5,79.5,1.8,1586000,1220.8
2026-03-04,Hoshiarpur,Influenza,10,1,24,41.67,33.5,78.0,9.2,1586000,552.9
2026-03-05,Hoshiarpur,Influenza,16,2,60,26.67,37.4,80.5,0.9,1586000,1007.7
2026-03-06,Hoshiarpur,Influenza,13,1,40,32.5,36.1,83.1,1.7,1586000,1262.0
2026-03-07,Hoshiarpur,Influenza,13,1,56,23.21,34.3,82.7,3.4,1586000,956.9
2026-03-08,Hoshiarpur,Influenza,13,1,64,20.31,32.0,72.3,7.3,1586000,713.3
2026-03-09,Hoshiarpur,Influenza,12,1,35,34.29,36.1,82.5,0.0,1586000,734.9
2026-03-10,Hoshiarpur,Influenza,12,1,48,25.0,33.6,86.2,8.3,1586000,1535.7
2026-03-11,Hoshiarpur,Influenza,18,3,88,20.45,34.2,75.9,1.4,1586000,724.1
2026-03-12,Hoshiarpur,Influenza,13,1,47,27.66,30.0,86.6,2.2,1586000,698.8
2026-03-13,Hoshiarpur,Influenza,13,1,43,30.23,30.8,70.8,9.4,1586000,1907.6
2026-03-14,Hoshiarpur,Influenza,12,2,48,25.0,33.7,69.9,4.4,1586000,629.1
2026-03-15,Hoshiarpur,Influenza,24,4,110,21.82,35.0,80.8,4.1,1586000,1073.3
2026-03-16,Hoshiarpur,Influenza,40,7,103,38.83,32.8,66.3,4.0,1586000,772.8
2026-03-17,Hoshiarpur,Influenza,41,5,111,36.94,31.5,78.4,6.5,1586000,912.1
2026-03-18,Hoshiarpur,Influenza,38,3,167,22.75,34.9,75.8,6.2,1586000,791.6
2026-03-19,Hoshiarpur,Influenza,53,7,183,28.96,35.4,91.7,0.5,1586000,692.2
2026-03-20,Hoshiarpur,Influenza,66,12,201,32.84,34.3,76.6,2.9,1586000,1300.5
2026-03-21,Hoshiarpur,Influenza,87,14,235,37.02,34.2,80.3,7.5,1586000,1609.6
2026-03-22,Hoshiarpur,Influenza,76,9,232,32.76,36.3,70.4,10.6,1586000,925.2
2026-03-23,Hoshiarpur,Influenza,107,19,531,20.15,31.1,80.8,6.0,1586000,734.2
2026-03-24,Hoshiarpur,Influenza,101,16,429,23.54,35.2,77.6,6.3,1586000,666.0
2026-03-25,Hoshiarpur,Influenza,117,21,308,37.99,30.2,76.7,9.4,1586000,1125.9
2026-03-26,Hoshiarpur,Influenza,128,27,258,49.61,32.0,82.6,4.6,1586000,585.1
2026-03-27,Hoshiarpur,Influenza,107,17,319,33.54,28.9,81.7,1.5,1586000,802.7
2026-03-28,Hoshiarpur,Influenza,118,26,413,28.57,30.8,77.5,1.8,1586000,732.9
2026-03-29,Hoshiarpur,Influenza,137,33,288,47.57,32.5,75.7,4.9,1586000,1805.2
2026-03-30,Hoshiarpur,Influenza,133,30,298,44.63,30.4,73.0,10.6,1586000,706.6
2026-03-31,Hoshiarpur,Influenza,144,18,492,29.27,36.2,75.7,0.0,1586000,1302.9
2026-04-01,Hoshiarpur,Influenza,125,13,414,30.19,30.9,76.2,5.1,1586000,536.5
2026-04-02,Hoshiarpur,Influenza,140,18,655,21.37,29.2,80.7,0.1,1586000,1271.6
2026-04-03,Hoshiarpur,Influenza,108,16,423,25.53,28.7,76.1,2.0,1586000,651.7
2026-04-04,Hoshiarpur,Influenza,122,21,530,23.02,35.6,79.2,7.1,1586000,769.5
2026-04-05,Hoshiarpur,Influenza,150,34,747,20.08,30.3,82.9,4.0,1586000,1187.8
2026-04-06,Hoshiarpur,Influenza,125,25,460,27.17,28.8,77.5,0.0,1586000,1105.1
2026-04-07,Hoshiarpur,Influenza,97,14,444,21.85,31.2,70.5,4.0,1586000,1800.2
2026-04-08,Hoshiarpur,Influenza,86,14,389,22.11,31.0,82.9,5.3,1586000,567.3
2026-04-09,Hoshiarpur,Influenza,70,9,282,24.82,31.9,73.8,1.6,1586000,1152.9
2026-04-10,Hoshiarpur,Influenza,79,9,297,26.6,32.6,76.3,6.3,1586000,563.9
2026-04-11,Hoshiarpur,Influenza,68,11,309,22.01,31.3,71.1,6.1,1586000,1762.8
2026-04-12,Hoshiarpur,Influenza,82,20,183,44.81,26.5,66.6,0.9,1586000,1146.8
2026-04-13,Hoshiarpur,Influenza,51,7,108,47.22,29.3,78.9,2.6,1586000,1438.5
2026-04-14,Hoshiarpur,Influenza,47,7,174,27.01,31.8,79.6,3.8,1586000,1611.6
2026-04-15,Hoshiarpur,Influenza,33,4,134,24.63,28.9,83.1,3.9,1586000,550.1
2026-04-16,Hoshiarpur,Influenza,25,4,104,24.04,28.6,74.4,5.1,1586000,657.6
2026-04-17,Hoshiarpur,Influenza,33,3,87,37.93,32.5,83.2,3.9,1586000,1806.8
2026-04-18,Hoshiarpur,Influenza,11,2,29,37.93,25.4,69.4,5.7,1586000,642.1
2026-04-19,Hoshiarpur,Influenza,14,3,39,35.9,26.4,78.1,7.6,1586000,1125.0
2026-04-20,Hoshiarpur,Influenza,12,1,53,22.64,30.0,76.6,5.7,1586000,558.5
2026-04-21,Hoshiarpur,Influenza,15,1,31,48.39,29.2,74.4,12.7,1586000,1955.1
2026-04-22,Hoshiarpur,Influenza,12,2,24,50.0,22.8,83.3,4.3,1586000,701.8
2026-04-23,Hoshiarpur,Influenza,9,1,28,32.14,27.3,77.8,7.9,1586000,1132.2
2026-04-24,Hoshiarpur,Influenza,13,1,36,36.11,30.2,68.5,5.3,1586000,547.9
2026-04-25,Hoshiarpur,Influenza,13,1,40,32.5,29.9,68.7,0.0,1586000,558.2
2026-04-26,Hoshiarpur,Influenza,13,2,55,23.64,26.2,78.8,0.0,1586000,795.1
2026-04-27,Hoshiarpur,Influenza,12,2,46,26.09,26.0,69.4,10.1,1586000,625.2
2026-04-28,Hoshiarpur,Influenza,11,1,39,28.21,27.8,73.3,5.2,1586000,879.6
2026-04-29,Hoshiarpur,Influenza,9,1,23,39.13,27.6,72.3,7.4,1586000,539.3
2026-04-30,Hoshiarpur,Influenza,13,1,56,23.21,28.3,73.1,8.3,1586000,1832.4
2026-05-01,Hoshiarpur,Influenza,10,2,38,26.32,25.5,72.6,2.8,1586000,698.5
2026-05-02,Hoshiarpur,Influenza,9,2,23,39.13,27.2,75.5,5.5,1586000,733.1
2026-05-03,Hoshiarpur,Influenza,12,1,58,20.69,22.1,77.7,4.2,1586000,659.7
2026-05-04,Hoshiarpur,Influenza,11,1,29,37.93,23.4,66.9,4.0,1586000,530.5
2026-05-05,Hoshiarpur,Influenza,11,2,47,23.4,26.5,78.6,5.4,1586000,594.5
2026-05-06,Hoshiarpur,Influenza,12,2,28,42.86,22.4,63.3,6.2,1586000,683.7
2025-11-08,Hoshiarpur,Malaria,12,2,58,20.69,23.4,54.9,0.0,1586000,584.4
2025-11-09,Hoshiarpur,Malaria,10,1,46,21.74,25.5,57.7,0.0,1586000,638.0
2025-11-10,Hoshiarpur,Malaria,10,2,45,22.22,24.4,56.8,0.0,1586000,598.3
2025-11-11,Hoshiarpur,Malaria,11,1,46,23.91,23.8,52.5,0.0,1586000,667.2
2025-11-12,Hoshiarpur,Malaria,9,1,28,32.14,25.5,50.4,0.0,1586000,571.4
2025-11-13,Hoshiarpur,Malaria,13,2,46,28.26,29.6,54.0,1.2,1586000,592.9
2025-11-14,Hoshiarpur,Malaria,11,2,35,31.43,28.2,47.5,0.0,1586000,688.7
2025-11-15,Hoshiarpur,Malaria,9,1,21,42.86,27.7,55.5,0.0,1586000,1427.7
2025-11-16,Hoshiarpur,Malaria,13,2,30,43.33,23.6,47.8,0.0,1586000,1513.9
2025-11-17,Hoshiarpur,Malaria,12,2,31,38.71,28.6,53.2,0.0,1586000,1823.0
2025-11-18,Hoshiarpur,Malaria,12,2,31,38.71,26.6,56.8,0.0,1586000,691.1
2025-11-19,Hoshiarpur,Malaria,11,2,45,24.44,27.7,62.2,0.0,1586000,867.0
2025-11-20,Hoshiarpur,Malaria,12,1,59,20.34,28.0,58.5,0.0,1586000,567.8
2025-11-21,Hoshiarpur,Malaria,10,2,34,29.41,28.8,56.4,0.0,1586000,755.2
2025-11-22,Hoshiarpur,Malaria,11,2,54,20.37,26.9,59.3,0.0,1586000,1092.0
2025-11-23,Hoshiarpur,Malaria,15,3,42,35.71,28.5,58.2,0.0,1586000,661.8
2025-11-24,Hoshiarpur,Malaria,13,3,62,20.97,26.1,54.1,0.0,1586000,609.0
2025-11-25,Hoshiarpur,Malaria,15,3,53,28.3,24.7,62.5,0.0,1586000,984.1
2025-11-26,Hoshiarpur,Malaria,11,2,33,33.33,25.3,49.3,0.0,1586000,779.2
2025-11-27,Hoshiarpur,Malaria,11,2,34,32.35,30.5,56.7,0.0,1586000,634.7
2025-11-28,Hoshiarpur,Malaria,14,2,51,27.45,30.4,61.6,5.7,1586000,1264.9
2025-11-29,Hoshiarpur,Malaria,14,3,61,22.95,27.2,50.2,0.0,1586000,588.4
2025-11-30,Hoshiarpur,Malaria,12,2,42,28.57,30.2,51.4,0.0,1586000,658.6
2025-12-01,Hoshiarpur,Malaria,12,1,59,20.34,27.2,55.2,0.0,1586000,539.8
2025-12-02,Hoshiarpur,Malaria,9,1,32,28.12,31.2,55.5,0.0,1586000,608.5
2025-12-03,Hoshiarpur,Malaria,13,3,32,40.62,28.9,62.0,0.0,1586000,1245.6
2025-12-04,Hoshiarpur,Malaria,10,1,24,41.67,29.9,49.1,0.0,1586000,861.7
2025-12-05,Hoshiarpur,Malaria,14,3,32,43.75,32.4,57.6,0.0,1586000,877.7
2025-12-06,Hoshiarpur,Malaria,13,1,30,43.33,27.7,55.1,0.0,1586000,718.7
2025-12-07,Hoshiarpur,Malaria,15,3,30,50.0,30.6,56.9,0.0,1586000,1221.8
2025-12-08,Hoshiarpur,Malaria,14,3,50,28.0,29.4,60.4,0.6,1586000,594.0
2025-12-09,Hoshiarpur,Malaria,19,3,82,23.17,30.2,64.4,0.1,1586000,1672.8
2025-12-10,Hoshiarpur,Malaria,9,1,37,24.32,32.9,47.3,0.0,1586000,1005.5
2025-12-11,Hoshiarpur,Malaria,13,2,46,28.26,30.2,63.9,0.0,1586000,1021.3
2025-12-12,Hoshiarpur,Malaria,12,1,58,20.69,28.1,53.9,0.0,1586000,1084.2
2025-12-13,Hoshiarpur,Malaria,14,2,58,24.14,27.7,67.8,0.0,1586000,643.5
2025-12-14,Hoshiarpur,Malaria,12,2,47,25.53,31.3,56.7,1.7,1586000,1042.6
2025-12-15,Hoshiarpur,Malaria,12,1,45,26.67,30.2,62.8,3.2,1586000,757.3
2025-12-16,Hoshiarpur,Malaria,8,1,35,22.86,31.7,56.2,0.0,1586000,988.5
2025-12-17,Hoshiarpur,Malaria,8,1,29,27.59,29.8,55.3,0.0,1586000,814.9
2025-12-18,Hoshiarpur,Malaria,13,1,50,26.0,30.5,65.7,0.0,1586000,1228.3
2025-12-19,Hoshiarpur,Malaria,10,2,38,26.32,31.5,67.2,0.0,1586000,1190.9
2025-12-20,Hoshiarpur,Malaria,13,2,64,20.31,32.1,64.8,0.0,1586000,1771.2
2025-12-21,Hoshiarpur,Malaria,13,3,61,21.31,28.0,63.4,1.1,1586000,1285.6
2025-12-22,Hoshiarpur,Malaria,14,3,69,20.29,32.9,67.3,3.6,1586000,1785.7
2025-12-23,Hoshiarpur,Malaria,12,1,42,28.57,32.2,64.8,0.0,1586000,961.6
2025-12-24,Hoshiarpur,Malaria,14,2,41,34.15,33.1,71.9,3.1,1586000,574.1
2025-12-25,Hoshiarpur,Malaria,15,2,31,48.39,28.8,71.0,0.0,1586000,691.4
2025-12-26,Hoshiarpur,Malaria,12,1,55,21.82,28.5,67.8,0.0,1586000,853.9
2025-12-27,Hoshiarpur,Malaria,13,2,35,37.14,31.7,75.8,3.0,1586000,728.7
2025-12-28,Hoshiarpur,Malaria,12,1,48,25.0,30.8,75.1,0.0,1586000,614.5
2025-12-29,Hoshiarpur,Malaria,16,2,62,25.81,36.0,61.2,3.3,1586000,585.5
2025-12-30,Hoshiarpur,Malaria,9,1,42,21.43,32.8,65.9,0.0,1586000,720.7
2025-12-31,Hoshiarpur,Malaria,14,1,48,29.17,29.5,56.8,0.0,1586000,544.4
2026-01-01,Hoshiarpur,Malaria,11,2,45,24.44,32.3,74.3,0.3,1586000,797.6
2026-01-02,Hoshiarpur,Malaria,11,2,28,39.29,37.1,77.8,7.6,1586000,773.8
2026-01-03,Hoshiarpur,Malaria,12,1,32,37.5,33.3,71.1,0.0,1586000,858.4
2026-01-04,Hoshiarpur,Malaria,16,1,38,42.11,32.1,76.4,0.7,1586000,770.3
2026-01-05,Hoshiarpur,Malaria,12,1,53,22.64,34.1,63.7,5.4,1586000,958.0
2026-01-06,Hoshiarpur,Malaria,13,1,29,44.83,30.8,67.0,1.8,1586000,1707.8
2026-01-07,Hoshiarpur,Malaria,11,1,23,47.83,32.1,71.6,1.6,1586000,540.3
2026-01-08,Hoshiarpur,Malaria,15,1,44,34.09,37.0,77.4,2.2,1586000,739.6
2026-01-09,Hoshiarpur,Malaria,15,2,34,44.12,34.7,77.0,0.0,1586000,534.6
2026-01-10,Hoshiarpur,Malaria,11,2,48,22.92,35.1,75.1,2.1,1586000,644.6
2026-01-11,Hoshiarpur,Malaria,13,3,31,41.94,36.6,68.2,0.0,1586000,586.9
2026-01-12,Hoshiarpur,Malaria,9,2,22,40.91,34.4,61.2,0.6,1586000,644.6
2026-01-13,Hoshiarpur,Malaria,14,3,66,21.21,35.5,71.2,0.0,1586000,1326.3
2026-01-14,Hoshiarpur,Malaria,15,1,65,23.08,34.0,74.1,0.0,1586000,577.0
2026-01-15,Hoshiarpur,Malaria,16,3,62,25.81,34.6,66.1,0.2,1586000,664.8
2026-01-16,Hoshiarpur,Malaria,16,2,50,32.0,34.0,76.3,3.0,1586000,579.0
2026-01-17,Hoshiarpur,Malaria,16,2,51,31.37,33.1,67.6,0.0,1586000,1232.5
2026-01-18,Hoshiarpur,Malaria,17,2,45,37.78,38.6,77.6,0.0,1586000,542.8
2026-01-19,Hoshiarpur,Malaria,16,3,63,25.4,35.7,78.1,1.8,1586000,652.3
2026-01-20,Hoshiarpur,Malaria,11,1,50,22.0,33.2,67.6,4.3,1586000,1251.1
2026-01-21,Hoshiarpur,Malaria,14,2,44,31.82,35.7,76.4,0.0,1586000,869.5
2026-01-22,Hoshiarpur,Malaria,13,2,60,21.67,32.9,80.1,0.0,1586000,658.6
2026-01-23,Hoshiarpur,Malaria,14,2,59,23.73,32.2,70.9,0.6,1586000,759.9
2026-01-24,Hoshiarpur,Malaria,10,2,26,38.46,35.7,82.5,1.1,1586000,543.4
2026-01-25,Hoshiarpur,Malaria,11,2,42,26.19,33.5,72.4,3.3,1586000,1941.2
2026-01-26,Hoshiarpur,Malaria,17,3,63,26.98,33.8,71.8,4.2,1586000,650.6
2026-01-27,Hoshiarpur,Malaria,17,3,82,20.73,35.1,77.3,3.6,1586000,744.2
2026-01-28,Hoshiarpur,Malaria,14,1,68,20.59,35.9,72.2,3.4,1586000,787.5
2026-01-29,Hoshiarpur,Malaria,11,1,54,20.37,34.1,79.7,3.5,1586000,839.1
2026-01-30,Hoshiarpur,Malaria,35,4,70,50.0,34.9,70.8,1.4,1586000,779.7
2026-01-31,Hoshiarpur,Malaria,51,11,122,41.8,33.2,73.3,4.0,1586000,583.6
2026-02-01,Hoshiarpur,Malaria,31,5,65,47.69,36.8,78.2,3.3,1586000,645.5
2026-02-02,Hoshiarpur,Malaria,44,10,167,26.35,34.7,79.7,2.2,1586000,1251.6
2026-02-03,Hoshiarpur,Malaria,78,13,203,38.42,31.1,79.6,0.7,1586000,961.3
2026-02-04,Hoshiarpur,Malaria,77,18,303,25.41,34.8,70.6,0.0,1586000,1235.4
2026-02-05,Hoshiarpur,Malaria,74,11,284,26.06,34.3,75.2,1.4,1586000,1628.4
2026-02-06,Hoshiarpur,Malaria,91,22,288,31.6,33.0,78.8,0.0,1586000,1424.7
2026-02-07,Hoshiarpur,Malaria,98,14,336,29.17,33.0,78.9,6.1,1586000,1527.5
2026-02-08,Hoshiarpur,Malaria,100,12,452,22.12,33.4,79.0,5.4,1586000,725.1
2026-02-09,Hoshiarpur,Malaria,134,26,555,24.14,34.6,76.6,6.4,1586000,994.1
2026-02-10,Hoshiarpur,Malaria,144,19,361,39.89,35.0,77.5,7.8,1586000,603.8
2026-02-11,Hoshiarpur,Malaria,85,8,316,26.9,34.0,77.1,0.0,1586000,1154.5
2026-02-12,Hoshiarpur,Malaria,109,11,337,32.34,35.5,73.5,4.4,1586000,586.6
2026-02-13,Hoshiarpur,Malaria,178,41,366,48.63,36.7,80.1,5.6,1586000,920.0
2026-02-14,Hoshiarpur,Malaria,186,28,496,37.5,37.2,81.5,6.6,1586000,545.2
2026-02-15,Hoshiarpur,Malaria,111,18,502,22.11,34.8,80.5,0.0,1586000,907.6
2026-02-16,Hoshiarpur,Malaria,174,28,827,21.04,35.6,82.2,3.3,1586000,1214.8
2026-02-17,Hoshiarpur,Malaria,183,45,736,24.86,34.5,71.7,4.9,1586000,1143.9
2026-02-18,Hoshiarpur,Malaria,137,26,436,31.42,35.8,86.4,1.0,1586000,1204.0
2026-02-19,Hoshiarpur,Malaria,189,29,914,20.68,31.8,77.1,4.5,1586000,957.9
2026-02-20,Hoshiarpur,Malaria,142,15,356,39.89,35.6,92.7,2.8,1586000,626.2
2026-02-21,Hoshiarpur,Malaria,177,33,840,21.07,33.6,77.9,6.1,1586000,594.3
2026-02-22,Hoshiarpur,Malaria,122,30,536,22.76,38.0,81.2,7.0,1586000,976.6
2026-02-23,Hoshiarpur,Malaria,131,17,439,29.84,36.3,72.6,4.6,1586000,574.2
2026-02-24,Hoshiarpur,Malaria,168,41,487,34.5,34.2,80.3,2.2,1586000,864.2
2026-02-25,Hoshiarpur,Malaria,124,23,598,20.74,36.5,70.7,4.9,1586000,690.4
2026-02-26,Hoshiarpur,Malaria,129,19,324,39.81,32.7,80.4,1.4,1586000,631.9
2026-02-27,Hoshiarpur,Malaria,126,22,416,30.29,31.9,79.4,6.8,1586000,621.7
2026-02-28,Hoshiarpur,Malaria,72,16,315,22.86,35.2,82.5,0.0,1586000,1434.8
2026-03-01,Hoshiarpur,Malaria,107,20,441,24.26,35.3,80.0,4.4,1586000,659.9
2026-03-02,Hoshiarpur,Malaria,71,13,330,21.52,34.5,80.3,6.7,1586000,724.7
2026-03-03,Hoshiarpur,Malaria,61,13,248,24.6,33.9,83.4,4.9,1586000,662.2
2026-03-04,Hoshiarpur,Malaria,58,12,223,26.01,33.0,72.1,6.6,1586000,1490.7
2026-03-05,Hoshiarpur,Malaria,45,5,201,22.39,33.8,69.8,4.7,1586000,604.5
2026-03-06,Hoshiarpur,Malaria,43,9,187,22.99,30.6,85.9,4.6,1586000,850.0
2026-03-07,Hoshiarpur,Malaria,43,8,131,32.82,33.5,78.8,1.5,1586000,633.3
2026-03-08,Hoshiarpur,Malaria,30,6,119,25.21,38.4,84.1,3.7,1586000,1244.3
2026-03-09,Hoshiarpur,Malaria,16,2,66,24.24,34.2,86.8,6.0,1586000,586.4
2026-03-10,Hoshiarpur,Malaria,14,2,51,27.45,32.7,79.8,1.9,1586000,1016.9
2026-03-11,Hoshiarpur,Malaria,10,1,43,23.26,32.1,72.7,7.1,1586000,1311.8
2026-03-12,Hoshiarpur,Malaria,9,1,35,25.71,31.2,89.8,3.9,1586000,781.2
2026-03-13,Hoshiarpur,Malaria,15,2,40,37.5,33.6,80.1,2.7,1586000,816.9
2026-03-14,Hoshiarpur,Malaria,12,2,44,27.27,32.6,80.7,8.5,1586000,756.1
2026-03-15,Hoshiarpur,Malaria,12,1,54,22.22,33.0,84.1,9.1,1586000,697.2
2026-03-16,Hoshiarpur,Malaria,10,1,26,38.46,31.1,77.2,6.1,1586000,778.8
2026-03-17,Hoshiarpur,Malaria,13,2,64,20.31,33.7,80.7,1.6,1586000,578.3
2026-03-18,Hoshiarpur,Malaria,14,2,56,25.0,34.3,84.1,3.7,1586000,1652.1
2026-03-19,Hoshiarpur,Malaria,13,1,47,27.66,35.3,68.2,5.0,1586000,843.4
2026-03-20,Hoshiarpur,Malaria,12,2,57,21.05,33.1,71.8,5.3,1586000,767.9
2026-03-21,Hoshiarpur,Malaria,10,2,37,27.03,34.3,79.7,8.9,1586000,1089.9
2026-03-22,Hoshiarpur,Malaria,17,4,61,27.87,28.4,88.1,0.9,1586000,605.3
2026-03-23,Hoshiarpur,Malaria,12,1,24,50.0,31.1,89.1,2.4,1586000,1222.8
2026-03-24,Hoshiarpur,Malaria,13,2,44,29.55,33.0,79.6,3.6,1586000,721.0
2026-03-25,Hoshiarpur,Malaria,14,2,44,31.82,30.0,81.0,5.2,1586000,1483.6
2026-03-26,Hoshiarpur,Malaria,13,2,42,30.95,32.6,79.9,0.9,1586000,945.2
2026-03-27,Hoshiarpur,Malaria,13,1,39,33.33,32.2,81.0,0.0,1586000,797.2
2026-03-28,Hoshiarpur,Malaria,12,2,24,50.0,31.4,76.7,12.3,1586000,1094.9
2026-03-29,Hoshiarpur,Malaria,13,2,52,25.0,31.9,70.3,2.5,1586000,608.5
2026-03-30,Hoshiarpur,Malaria,13,3,56,23.21,31.5,73.7,3.3,1586000,1187.1
2026-03-31,Hoshiarpur,Malaria,12,1,37,32.43,29.3,80.4,11.4,1586000,1240.6
2026-04-01,Hoshiarpur,Malaria,9,2,32,28.12,27.2,80.0,2.7,1586000,616.0
2026-04-02,Hoshiarpur,Malaria,15,2,33,45.45,30.1,81.4,6.9,1586000,770.2
2026-04-03,Hoshiarpur,Malaria,14,2,48,29.17,31.6,76.3,4.9,1586000,1673.3
2026-04-04,Hoshiarpur,Malaria,13,1,60,21.67,32.8,69.4,7.5,1586000,954.5
2026-04-05,Hoshiarpur,Malaria,17,2,55,30.91,30.3,81.7,10.0,1586000,858.9
2026-04-06,Hoshiarpur,Malaria,11,1,42,26.19,30.7,76.9,0.9,1586000,633.1
2026-04-07,Hoshiarpur,Malaria,12,2,48,25.0,30.9,72.0,8.2,1586000,756.1
2026-04-08,Hoshiarpur,Malaria,12,2,29,41.38,30.1,85.0,5.4,1586000,1250.3
2026-04-09,Hoshiarpur,Malaria,12,2,47,25.53,31.5,72.8,3.1,1586000,657.3
2026-04-10,Hoshiarpur,Malaria,13,2,44,29.55,29.8,77.5,9.4,1586000,557.8
2026-04-11,Hoshiarpur,Malaria,12,1,46,26.09,31.2,70.7,6.3,1586000,938.5
2026-04-12,Hoshiarpur,Malaria,8,1,22,36.36,28.1,82.2,5.8,1586000,1002.7
2026-04-13,Hoshiarpur,Malaria,12,2,50,24.0,28.9,79.9,4.7,1586000,1517.7
2026-04-14,Hoshiarpur,Malaria,13,1,52,25.0,28.7,76.5,5.1,1586000,577.0
2026-04-15,Hoshiarpur,Malaria,12,2,24,50.0,27.9,78.1,10.1,1586000,1113.6
2026-04-16,Hoshiarpur,Malaria,11,2,36,30.56,28.3,78.5,10.7,1586000,831.2
2026-04-17,Hoshiarpur,Malaria,8,0,16,50.0,25.7,77.4,2.0,1586000,1226.2
2026-04-18,Hoshiarpur,Malaria,12,2,56,21.43,29.8,75.6,5.1,1586000,599.4
2026-04-19,Hoshiarpur,Malaria,10,2,22,45.45,32.1,77.2,10.6,1586000,582.2
2026-04-20,Hoshiarpur,Malaria,10,1,21,47.62,26.6,74.3,2.7,1586000,797.8
2026-04-21,Hoshiarpur,Malaria,13,2,49,26.53,27.1,81.8,6.3,1586000,532.5
2026-04-22,Hoshiarpur,Malaria,9,1,18,50.0,25.4,74.2,2.2,1586000,1648.3
2026-04-23,Hoshiarpur,Malaria,10,1,30,33.33,26.8,75.4,1.4,1586000,608.8
2026-04-24,Hoshiarpur,Malaria,11,1,42,26.19,27.2,75.6,0.0,1586000,1261.7
2026-04-25,Hoshiarpur,Malaria,12,2,30,40.0,27.3,71.2,1.3,1586000,1875.5
2026-04-26,Hoshiarpur,Malaria,12,1,58,20.69,27.9,68.1,7.6,1586000,814.1
2026-04-27,Hoshiarpur,Malaria,10,1,32,31.25,25.7,66.8,5.1,1586000,1489.8
2026-04-28,Hoshiarpur,Malaria,11,1,48,22.92,25.2,71.9,4.4,1586000,952.2
2026-04-29,Hoshiarpur,Malaria,14,2,48,29.17,29.9,78.1,7.0,1586000,861.1
2026-04-30,Hoshiarpur,Malaria,11,1,36,30.56,26.7,62.1,0.0,1586000,617.9
2026-05-01,Hoshiarpur,Malaria,13,1,28,46.43,27.7,70.0,1.8,1586000,578.3
2026-05-02,Hoshiarpur,Malaria,11,1,22,50.0,25.3,78.0,10.0,1586000,1689.1
2026-05-03,Hoshiarpur,Malaria,9,2,25,36.0,26.0,73.5,6.3,1586000,771.2
2026-05-04,Hoshiarpur,Malaria,10,1,39,25.64,27.3,68.7,3.8,1586000,1330.5
2026-05-05,Hoshiarpur,Malaria,12,1,27,44.44,31.1,64.8,4.7,1586000,559.8
2026-05-06,Hoshiarpur,Malaria,8,1,36,22.22,23.9,75.1,10.5,1586000,1315.7
2025-11-08,Jalandhar,COVID-19,19,4,62,30.65,28.8,47.3,0.0,2181000,734.9
2025-11-09,Jalandhar,COVID-19,31,7,74,41.89,25.4,49.4,0.0,2181000,787.0
2025-11-10,Jalandhar,COVID-19,25,5,79,31.65,23.2,55.1,0.0,2181000,816.2
2025-11-11,Jalandhar,COVID-19,24,3,60,40.0,23.6,52.9,0.0,2181000,2570.6
2025-11-12,Jalandhar,COVID-19,10,1,40,25.0,26.1,44.0,0.0,2181000,928.3
2025-11-13,Jalandhar,COVID-19,25,3,50,50.0,27.6,50.1,0.0,2181000,806.6
2025-11-14,Jalandhar,COVID-19,18,3,82,21.95,25.8,52.6,0.5,2181000,1967.4
2025-11-15,Jalandhar,COVID-19,22,5,78,28.21,24.4,51.5,0.0,2181000,817.0
2025-11-16,Jalandhar,COVID-19,27,3,59,45.76,25.0,45.4,0.0,2181000,2237.2
2025-11-17,Jalandhar,COVID-19,26,3,63,41.27,25.9,60.7,0.0,2181000,886.0
2025-11-18,Jalandhar,COVID-19,18,2,41,43.9,25.1,60.5,0.0,2181000,786.8
2025-11-19,Jalandhar,COVID-19,19,2,73,26.03,28.3,54.2,0.2,2181000,2010.0
2025-11-20,Jalandhar,COVID-19,19,3,78,24.36,28.6,54.4,0.0,2181000,1066.6
2025-11-21,Jalandhar,COVID-19,18,3,43,41.86,25.2,60.3,0.0,2181000,1753.0
2025-11-22,Jalandhar,COVID-19,22,2,108,20.37,24.1,46.3,0.0,2181000,758.4
2025-11-23,Jalandhar,COVID-19,24,2,113,21.24,27.9,54.9,0.0,2181000,997.7
2025-11-24,Jalandhar,COVID-19,19,2,47,40.43,26.5,54.9,0.0,2181000,1224.7
2025-11-25,Jalandhar,COVID-19,20,4,46,43.48,27.0,45.2,2.4,2181000,2141.7
2025-11-26,Jalandhar,COVID-19,26,5,124,20.97,28.1,61.8,0.0,2181000,992.2
2025-11-27,Jalandhar,COVID-19,22,4,61,36.07,29.5,60.1,0.0,2181000,967.2
2025-11-28,Jalandhar,COVID-19,25,3,94,26.6,26.6,57.8,0.0,2181000,1405.2
2025-11-29,Jalandhar,COVID-19,24,5,92,26.09,24.9,55.2,0.0,2181000,1147.0
2025-11-30,Jalandhar,COVID-19,19,3,53,35.85,30.2,46.0,0.0,2181000,1823.4
2025-12-01,Jalandhar,COVID-19,28,6,93,30.11,31.2,58.6,0.0,2181000,736.0
2025-12-02,Jalandhar,COVID-19,30,5,87,34.48,27.0,54.0,0.0,2181000,1010.0
2025-12-03,Jalandhar,COVID-19,23,3,107,21.5,30.4,67.6,0.0,2181000,1847.5
2025-12-04,Jalandhar,COVID-19,26,3,126,20.63,29.4,62.7,0.0,2181000,1574.1
2025-12-05,Jalandhar,COVID-19,23,4,77,29.87,27.6,55.8,0.0,2181000,1080.6
2025-12-06,Jalandhar,COVID-19,24,5,101,23.76,30.1,57.9,0.0,2181000,783.3
2025-12-07,Jalandhar,COVID-19,20,3,43,46.51,29.3,51.8,0.0,2181000,919.2
2025-12-08,Jalandhar,COVID-19,24,5,114,21.05,32.5,60.8,0.0,2181000,868.5
2025-12-09,Jalandhar,COVID-19,21,4,104,20.19,30.7,66.8,0.0,2181000,1095.5
2025-12-10,Jalandhar,COVID-19,17,2,35,48.57,32.1,55.0,0.0,2181000,1415.0
2025-12-11,Jalandhar,COVID-19,25,2,105,23.81,33.4,59.0,0.0,2181000,985.1
2025-12-12,Jalandhar,COVID-19,19,2,49,38.78,30.6,53.1,1.8,2181000,731.3
2025-12-13,Jalandhar,COVID-19,33,4,138,23.91,29.0,59.2,0.0,2181000,1366.6
2025-12-14,Jalandhar,COVID-19,27,4,96,28.12,29.7,56.9,3.0,2181000,1972.5
2025-12-15,Jalandhar,COVID-19,27,5,86,31.4,35.4,65.6,0.0,2181000,1450.8
2025-12-16,Jalandhar,COVID-19,24,2,58,41.38,28.8,62.1,1.0,2181000,2028.4
2025-12-17,Jalandhar,COVID-19,28,4,139,20.14,30.7,61.8,1.8,2181000,2432.9
2025-12-18,Jalandhar,COVID-19,25,4,53,47.17,30.3,56.4,0.7,2181000,1285.0
2025-12-19,Jalandhar,COVID-19,31,6,133,23.31,32.4,63.3,3.5,2181000,992.7
2025-12-20,Jalandhar,COVID-19,29,7,127,22.83,32.6,62.4,1.2,2181000,831.1
2025-12-21,Jalandhar,COVID-19,24,5,99,24.24,37.1,64.1,1.4,2181000,728.5
2025-12-22,Jalandhar,COVID-19,28,3,131,21.37,33.6,60.3,0.0,2181000,1033.6
2025-12-23,Jalandhar,COVID-19,22,3,108,20.37,32.4,71.5,0.0,2181000,2684.7
2025-12-24,Jalandhar,COVID-19,28,2,74,37.84,32.1,66.3,0.0,2181000,757.4
2025-12-25,Jalandhar,COVID-19,25,2,114,21.93,32.3,64.2,0.0,2181000,1038.4
2025-12-26,Jalandhar,COVID-19,28,5,104,26.92,32.9,69.2,0.0,2181000,1169.2
2025-12-27,Jalandhar,COVID-19,29,3,114,25.44,33.3,71.4,0.8,2181000,1760.0
2025-12-28,Jalandhar,COVID-19,25,5,105,23.81,36.1,70.9,2.7,2181000,786.5
2025-12-29,Jalandhar,COVID-19,31,4,97,31.96,31.5,65.8,2.0,2181000,750.0
2025-12-30,Jalandhar,COVID-19,31,6,127,24.41,32.6,67.2,0.0,2181000,1103.4
2025-12-31,Jalandhar,COVID-19,23,4,46,50.0,33.7,74.8,2.4,2181000,783.5
2026-01-01,Jalandhar,COVID-19,31,5,100,31.0,35.2,68.7,0.0,2181000,1219.3
2026-01-02,Jalandhar,COVID-19,23,5,87,26.44,33.5,69.5,0.4,2181000,862.4
2026-01-03,Jalandhar,COVID-19,24,4,89,26.97,31.9,74.7,3.9,2181000,920.9
2026-01-04,Jalandhar,COVID-19,24,4,72,33.33,31.9,73.4,0.0,2181000,1063.7
2026-01-05,Jalandhar,COVID-19,18,2,51,35.29,33.4,65.9,1.6,2181000,782.0
2026-01-06,Jalandhar,COVID-19,30,6,71,42.25,34.6,64.7,0.1,2181000,1156.2
2026-01-07,Jalandhar,COVID-19,23,4,110,20.91,33.1,69.8,0.0,2181000,2205.8
2026-01-08,Jalandhar,COVID-19,26,4,54,48.15,32.4,60.6,4.6,2181000,923.3
2026-01-09,Jalandhar,COVID-19,28,3,75,37.33,33.8,75.6,0.0,2181000,1248.0
2026-01-10,Jalandhar,COVID-19,24,3,92,26.09,33.9,74.7,0.0,2181000,1233.5
2026-01-11,Jalandhar,COVID-19,27,2,74,36.49,36.3,61.0,0.0,2181000,2177.7
2026-01-12,Jalandhar,COVID-19,34,7,96,35.42,36.3,67.9,2.8,2181000,793.9
2026-01-13,Jalandhar,COVID-19,27,6,65,41.54,30.9,63.6,0.0,2181000,1407.1
2026-01-14,Jalandhar,COVID-19,26,3,61,42.62,33.1,70.8,2.8,2181000,982.2
2026-01-15,Jalandhar,COVID-19,21,2,98,21.43,34.3,65.5,0.0,2181000,775.6
2026-01-16,Jalandhar,COVID-19,22,4,69,31.88,37.9,67.7,0.1,2181000,1374.5
2026-01-17,Jalandhar,COVID-19,31,6,140,22.14,35.1,81.4,6.0,2181000,2655.6
2026-01-18,Jalandhar,COVID-19,31,5,95,32.63,35.7,67.3,1.9,2181000,899.9
2026-01-19,Jalandhar,COVID-19,27,4,118,22.88,35.8,80.5,2.3,2181000,1715.3
2026-01-20,Jalandhar,COVID-19,25,4,106,23.58,36.2,71.7,1.2,2181000,1535.7
2026-01-21,Jalandhar,COVID-19,23,3,107,21.5,32.7,74.6,2.5,2181000,886.1
2026-01-22,Jalandhar,COVID-19,32,7,111,28.83,34.4,74.1,0.8,2181000,937.1
2026-01-23,Jalandhar,COVID-19,22,2,53,41.51,34.8,73.4,0.0,2181000,1804.5
2026-01-24,Jalandhar,COVID-19,24,2,90,26.67,36.1,72.9,5.6,2181000,1172.5
2026-01-25,Jalandhar,COVID-19,22,2,66,33.33,37.8,73.5,2.3,2181000,1681.7
2026-01-26,Jalandhar,COVID-19,35,3,147,23.81,34.6,84.0,1.9,2181000,828.3
2026-01-27,Jalandhar,COVID-19,31,3,77,40.26,35.1,79.6,4.1,2181000,2281.5
2026-01-28,Jalandhar,COVID-19,33,4,71,46.48,34.3,65.4,4.6,2181000,1089.8
2026-01-29,Jalandhar,COVID-19,24,4,51,47.06,36.4,74.2,6.4,2181000,2242.8
2026-01-30,Jalandhar,COVID-19,30,5,85,35.29,34.8,75.0,0.0,2181000,854.2
2026-01-31,Jalandhar,COVID-19,29,6,74,39.19,36.2,79.4,0.0,2181000,1517.2
2026-02-01,Jalandhar,COVID-19,34,5,78,43.59,36.0,71.2,5.3,2181000,777.7
2026-02-02,Jalandhar,COVID-19,30,3,96,31.25,29.8,77.5,0.0,2181000,1677.8
2026-02-03,Jalandhar,COVID-19,40,8,194,20.62,35.8,75.2,0.0,2181000,2083.4
2026-02-04,Jalandhar,COVID-19,25,4,101,24.75,35.6,82.7,1.0,2181000,1635.3
2026-02-05,Jalandhar,COVID-19,27,6,92,29.35,38.9,78.8,5.7,2181000,741.7
2026-02-06,Jalandhar,COVID-19,38,4,95,40.0,37.8,68.9,1.2,2181000,815.4
2026-02-07,Jalandhar,COVID-19,35,4,114,30.7,35.8,81.5,5.6,2181000,935.7
2026-02-08,Jalandhar,COVID-19,22,5,50,44.0,34.3,77.7,4.7,2181000,1143.9
2026-02-09,Jalandhar,COVID-19,33,3,72,45.83,30.4,72.1,1.5,2181000,2439.5
2026-02-10,Jalandhar,COVID-19,23,4,63,36.51,38.2,74.5,4.5,2181000,1028.2
2026-02-11,Jalandhar,COVID-19,21,5,68,30.88,34.3,87.7,6.2,2181000,1312.4
2026-02-12,Jalandhar,COVID-19,31,3,105,29.52,33.4,77.8,0.0,2181000,2701.1
2026-02-13,Jalandhar,COVID-19,29,5,95,30.53,33.2,77.2,0.0,2181000,1566.9
2026-02-14,Jalandhar,COVID-19,37,6,129,28.68,33.5,80.3,3.0,2181000,1238.2
2026-02-15,Jalandhar,COVID-19,29,5,90,32.22,34.9,66.1,8.9,2181000,1275.6
2026-02-16,Jalandhar,COVID-19,28,5,131,21.37,36.2,67.6,6.1,2181000,924.1
2026-02-17,Jalandhar,COVID-19,25,6,81,30.86,35.0,80.2,3.6,2181000,1722.1
2026-02-18,Jalandhar,COVID-19,24,5,112,21.43,39.2,80.5,6.7,2181000,1513.0
2026-02-19,Jalandhar,COVID-19,27,5,83,32.53,32.6,71.7,0.8,2181000,797.3
2026-02-20,Jalandhar,COVID-19,29,5,66,43.94,30.0,81.3,0.0,2181000,1006.7
2026-02-21,Jalandhar,COVID-19,27,6,103,26.21,39.0,86.4,1.3,2181000,2068.1
2026-02-22,Jalandhar,COVID-19,25,5,106,23.58,32.8,98.2,4.0,2181000,1749.7
2026-02-23,Jalandhar,COVID-19,26,3,112,23.21,33.9,83.9,11.2,2181000,1000.8
2026-02-24,Jalandhar,COVID-19,28,6,131,21.37,34.7,78.4,0.0,2181000,1510.9
2026-02-25,Jalandhar,COVID-19,26,4,82,31.71,30.7,81.7,7.2,2181000,761.4
2026-02-26,Jalandhar,COVID-19,31,4,148,20.95,28.2,84.6,0.3,2181000,951.3
2026-02-27,Jalandhar,COVID-19,28,4,69,40.58,33.3,83.6,5.2,2181000,1133.6
2026-02-28,Jalandhar,COVID-19,29,6,118,24.58,32.2,77.9,8.3,2181000,2431.0
2026-03-01,Jalandhar,COVID-19,25,3,109,22.94,31.5,76.9,4.1,2181000,2667.2
2026-03-02,Jalandhar,COVID-19,33,6,130,25.38,36.2,84.4,1.5,2181000,1007.5
2026-03-03,Jalandhar,COVID-19,19,2,47,40.43,33.2,81.1,1.4,2181000,1972.6
2026-03-04,Jalandhar,COVID-19,31,3,118,26.27,33.9,68.4,6.4,2181000,1109.7
2026-03-05,Jalandhar,COVID-19,29,3,122,23.77,36.3,81.2,2.3,2181000,1563.2
2026-03-06,Jalandhar,COVID-19,25,2,59,42.37,35.4,81.1,1.0,2181000,2327.9
2026-03-07,Jalandhar,COVID-19,23,5,100,23.0,33.6,75.8,7.8,2181000,1108.6
2026-03-08,Jalandhar,COVID-19,26,5,78,33.33,34.4,77.1,2.2,2181000,1703.7
2026-03-09,Jalandhar,COVID-19,30,3,113,26.55,31.3,73.2,9.1,2181000,753.1
2026-03-10,Jalandhar,COVID-19,30,6,131,22.9,34.4,78.8,2.0,2181000,1622.9
2026-03-11,Jalandhar,COVID-19,25,2,93,26.88,35.3,83.0,1.3,2181000,738.9
2026-03-12,Jalandhar,COVID-19,28,3,96,29.17,32.9,86.3,0.0,2181000,1198.5
2026-03-13,Jalandhar,COVID-19,33,3,164,20.12,34.6,80.1,9.2,2181000,872.3
2026-03-14,Jalandhar,COVID-19,28,3,113,24.78,32.8,84.9,15.1,2181000,782.7
2026-03-15,Jalandhar,COVID-19,31,4,137,22.63,31.4,84.6,9.0,2181000,1085.1
2026-03-16,Jalandhar,COVID-19,26,4,121,21.49,33.8,82.4,3.7,2181000,1192.7
2026-03-17,Jalandhar,COVID-19,26,4,113,23.01,32.1,84.3,6.8,2181000,1651.5
2026-03-18,Jalandhar,COVID-19,53,9,249,21.29,33.1,82.8,3.8,2181000,799.1
2026-03-19,Jalandhar,COVID-19,56,11,142,39.44,32.6,78.7,0.9,2181000,1395.7
2026-03-20,Jalandhar,COVID-19,59,7,191,30.89,32.2,90.1,5.8,2181000,2500.3
2026-03-21,Jalandhar,COVID-19,70,14,344,20.35,31.7,75.5,6.9,2181000,1029.8
2026-03-22,Jalandhar,COVID-19,68,13,244,27.87,30.9,73.8,1.3,2181000,1323.5
2026-03-23,Jalandhar,COVID-19,97,20,306,31.7,31.7,78.4,3.9,2181000,2268.5
2026-03-24,Jalandhar,COVID-19,101,10,263,38.4,32.8,85.8,6.0,2181000,888.6
2026-03-25,Jalandhar,COVID-19,107,18,506,21.15,30.0,84.4,1.9,2181000,2434.7
2026-03-26,Jalandhar,COVID-19,121,29,325,37.23,32.7,86.6,9.6,2181000,1954.3
2026-03-27,Jalandhar,COVID-19,108,22,466,23.18,32.3,82.2,10.8,2181000,772.4
2026-03-28,Jalandhar,COVID-19,199,37,648,30.71,28.3,75.9,1.6,2181000,1918.9
2026-03-29,Jalandhar,COVID-19,205,25,665,30.83,35.4,77.3,4.8,2181000,862.1
2026-03-30,Jalandhar,COVID-19,181,39,407,44.47,34.8,75.0,0.1,2181000,1115.7
2026-03-31,Jalandhar,COVID-19,214,44,690,31.01,30.0,100.0,8.0,2181000,996.0
2026-04-01,Jalandhar,COVID-19,201,25,948,21.2,27.6,87.1,6.7,2181000,2376.8
2026-04-02,Jalandhar,COVID-19,213,49,955,22.3,28.8,73.3,2.1,2181000,976.0
2026-04-03,Jalandhar,COVID-19,247,50,914,27.02,32.4,77.9,5.0,2181000,1041.8
2026-04-04,Jalandhar,COVID-19,188,38,913,20.59,29.8,68.0,4.3,2181000,747.2
2026-04-05,Jalandhar,COVID-19,178,19,508,35.04,34.8,83.4,6.7,2181000,960.6
2026-04-06,Jalandhar,COVID-19,231,25,513,45.03,29.9,77.2,3.5,2181000,1610.9
2026-04-07,Jalandhar,COVID-19,179,22,622,28.78,31.4,74.5,8.1,2181000,942.7
2026-04-08,Jalandhar,COVID-19,188,20,407,46.19,32.4,85.8,8.1,2181000,1660.7
2026-04-09,Jalandhar,COVID-19,142,27,389,36.5,27.3,81.0,4.5,2181000,1492.3
2026-04-10,Jalandhar,COVID-19,184,28,518,35.52,31.0,77.8,8.3,2181000,1212.1
2026-04-11,Jalandhar,COVID-19,131,15,604,21.69,29.3,83.7,4.0,2181000,2563.1
2026-04-12,Jalandhar,COVID-19,153,36,752,20.35,27.6,73.9,5.6,2181000,1151.8
2026-04-13,Jalandhar,COVID-19,110,11,236,46.61,28.0,73.5,7.2,2181000,1020.2
2026-04-14,Jalandhar,COVID-19,107,19,247,43.32,32.0,82.3,8.5,2181000,854.1
2026-04-15,Jalandhar,COVID-19,92,18,349,26.36,28.5,63.9,7.7,2181000,1783.7
2026-04-16,Jalandhar,COVID-19,106,22,351,30.2,27.5,69.8,3.7,2181000,863.2
2026-04-17,Jalandhar,COVID-19,94,15,252,37.3,29.4,80.6,6.5,2181000,2286.0
2026-04-18,Jalandhar,COVID-19,84,18,361,23.27,29.1,75.6,2.4,2181000,1536.3
2026-04-19,Jalandhar,COVID-19,75,10,268,27.99,26.4,70.3,6.4,2181000,1660.2
2026-04-20,Jalandhar,COVID-19,64,14,191,33.51,27.4,81.1,3.7,2181000,1233.4
2026-04-21,Jalandhar,COVID-19,53,9,239,22.18,26.8,75.7,5.2,2181000,806.4
2026-04-22,Jalandhar,COVID-19,28,4,83,33.73,29.5,74.8,0.0,2181000,1290.2
2026-04-23,Jalandhar,COVID-19,20,3,90,22.22,28.5,80.4,2.0,2181000,2535.9
2026-04-24,Jalandhar,COVID-19,26,3,119,21.85,28.2,73.2,1.1,2181000,788.4
2026-04-25,Jalandhar,COVID-19,25,5,88,28.41,26.5,66.1,6.3,2181000,777.4
2026-04-26,Jalandhar,COVID-19,29,6,65,44.62,25.5,71.3,5.8,2181000,821.1
2026-04-27,Jalandhar,COVID-19,21,4,65,32.31,29.1,66.9,5.1,2181000,1712.1
2026-04-28,Jalandhar,COVID-19,20,2,96,20.83,29.5,73.8,1.3,2181000,1371.3
2026-04-29,Jalandhar,COVID-19,23,4,72,31.94,25.3,74.8,4.8,2181000,785.4
2026-04-30,Jalandhar,COVID-19,21,3,80,26.25,25.0,67.7,5.7,2181000,1703.1
2026-05-01,Jalandhar,COVID-19,21,3,89,23.6,28.9,75.8,8.1,2181000,2494.8
2026-05-02,Jalandhar,COVID-19,22,5,81,27.16,27.2,72.3,2.5,2181000,1324.0
2026-05-03,Jalandhar,COVID-19,19,3,91,20.88,22.5,73.0,0.7,2181000,812.4
2026-05-04,Jalandhar,COVID-19,20,4,58,34.48,28.5,70.7,0.0,2181000,1442.3
2026-05-05,Jalandhar,COVID-19,21,3,91,23.08,25.5,71.2,1.9,2181000,1235.6
2026-05-06,Jalandhar,COVID-19,23,3,102,22.55,29.0,60.8,7.7,2181000,1066.5
2025-11-08,Jalandhar,Chikungunya,18,3,75,24.0,26.0,44.8,0.0,2181000,1300.8
2025-11-09,Jalandhar,Chikungunya,19,4,50,38.0,25.0,49.8,0.0,2181000,753.1
2025-11-10,Jalandhar,Chikungunya,16,2,63,25.4,24.1,53.7,0.0,2181000,1429.0
2025-11-11,Jalandhar,Chikungunya,19,4,45,42.22,23.1,54.8,0.0,2181000,1366.2
2025-11-12,Jalandhar,Chikungunya,11,2,28,39.29,20.9,45.6,0.0,2181000,875.5
2025-11-13,Jalandhar,Chikungunya,17,2,78,21.79,21.5,58.2,0.0,2181000,2167.2
2025-11-14,Jalandhar,Chikungunya,11,1,34,32.35,23.4,58.0,0.0,2181000,1475.3
2025-11-15,Jalandhar,Chikungunya,15,3,65,23.08,26.4,64.3,0.0,2181000,1716.9
2025-11-16,Jalandhar,Chikungunya,17,1,76,22.37,24.6,48.6,0.0,2181000,2475.4
2025-11-17,Jalandhar,Chikungunya,17,2,50,34.0,27.1,52.1,0.0,2181000,796.2
2025-11-18,Jalandhar,Chikungunya,16,3,63,25.4,24.1,58.2,0.0,2181000,904.4
2025-11-19,Jalandhar,Chikungunya,15,2,56,26.79,27.1,51.3,0.0,2181000,821.5
2025-11-20,Jalandhar,Chikungunya,15,2,35,42.86,28.9,50.5,0.0,2181000,1330.4
2025-11-21,Jalandhar,Chikungunya,16,3,76,21.05,26.6,53.1,0.0,2181000,814.2
2025-11-22,Jalandhar,Chikungunya,14,2,65,21.54,28.7,57.8,0.0,2181000,936.1
2025-11-23,Jalandhar,Chikungunya,18,2,37,48.65,27.2,51.3,0.0,2181000,1120.3
2025-11-24,Jalandhar,Chikungunya,18,4,44,40.91,23.9,53.8,0.0,2181000,938.7
2025-11-25,Jalandhar,Chikungunya,17,2,67,25.37,28.0,57.1,0.3,2181000,776.8
2025-11-26,Jalandhar,Chikungunya,15,2,61,24.59,24.4,57.3,0.0,2181000,1828.2
2025-11-27,Jalandhar,Chikungunya,15,3,70,21.43,27.7,51.9,3.3,2181000,1519.1
2025-11-28,Jalandhar,Chikungunya,22,4,106,20.75,23.9,59.0,0.0,2181000,1621.2
2025-11-29,Jalandhar,Chikungunya,21,5,87,24.14,27.1,54.0,0.0,2181000,1356.2
2025-11-30,Jalandhar,Chikungunya,17,2,48,35.42,29.3,51.8,0.0,2181000,1041.1
2025-12-01,Jalandhar,Chikungunya,16,2,56,28.57,29.2,52.1,0.0,2181000,946.1
2025-12-02,Jalandhar,Chikungunya,11,2,26,42.31,28.9,55.0,0.0,2181000,940.5
2025-12-03,Jalandhar,Chikungunya,19,4,42,45.24,29.8,45.6,0.0,2181000,1170.5
2025-12-04,Jalandhar,Chikungunya,19,4,64,29.69,27.8,61.7,0.0,2181000,945.7
2025-12-05,Jalandhar,Chikungunya,17,2,66,25.76,29.1,62.8,0.0,2181000,770.4
2025-12-06,Jalandhar,Chikungunya,16,2,39,41.03,27.6,62.3,0.0,2181000,853.6
2025-12-07,Jalandhar,Chikungunya,13,1,36,36.11,30.9,58.7,0.0,2181000,1021.3
2025-12-08,Jalandhar,Chikungunya,16,3,48,33.33,28.2,56.7,0.0,2181000,921.1
2025-12-09,Jalandhar,Chikungunya,18,2,50,36.0,29.8,55.7,2.5,2181000,1487.2
2025-12-10,Jalandhar,Chikungunya,17,1,36,47.22,32.3,61.5,2.1,2181000,1429.2
2025-12-11,Jalandhar,Chikungunya,17,3,74,22.97,30.7,69.8,1.6,2181000,1204.0
2025-12-12,Jalandhar,Chikungunya,14,3,52,26.92,32.3,65.5,0.0,2181000,1118.5
2025-12-13,Jalandhar,Chikungunya,21,2,81,25.93,29.6,62.8,0.0,2181000,1032.8
2025-12-14,Jalandhar,Chikungunya,17,2,63,26.98,30.6,61.1,0.0,2181000,1188.0
2025-12-15,Jalandhar,Chikungunya,23,5,89,25.84,31.6,63.0,0.8,2181000,1873.3
2025-12-16,Jalandhar,Chikungunya,19,2,70,27.14,33.3,58.3,0.6,2181000,772.4
2025-12-17,Jalandhar,Chikungunya,17,1,64,26.56,29.7,60.7,1.7,2181000,1985.6
2025-12-18,Jalandhar,Chikungunya,14,2,50,28.0,32.3,63.1,3.8,2181000,752.7
2025-12-19,Jalandhar,Chikungunya,11,1,42,26.19,29.2,58.2,5.4,2181000,728.4
2025-12-20,Jalandhar,Chikungunya,11,1,27,40.74,33.4,57.0,2.8,2181000,874.5
2025-12-21,Jalandhar,Chikungunya,23,4,66,34.85,28.4,66.5,0.0,2181000,1447.5
2025-12-22,Jalandhar,Chikungunya,20,2,90,22.22,33.8,71.3,4.2,2181000,840.1
2025-12-23,Jalandhar,Chikungunya,15,2,31,48.39,32.1,63.2,0.0,2181000,1542.6
2025-12-24,Jalandhar,Chikungunya,13,2,30,43.33,33.6,63.4,0.0,2181000,732.2
2025-12-25,Jalandhar,Chikungunya,18,2,38,47.37,32.6,72.2,5.4,2181000,1290.9
2025-12-26,Jalandhar,Chikungunya,16,2,75,21.33,31.9,66.2,0.0,2181000,1287.8
2025-12-27,Jalandhar,Chikungunya,19,2,89,21.35,32.9,59.3,3.7,2181000,1578.2
2025-12-28,Jalandhar,Chikungunya,16,2,37,43.24,33.2,60.8,0.7,2181000,776.9
2025-12-29,Jalandhar,Chikungunya,18,3,79,22.78,33.7,76.9,0.0,2181000,2025.4
2025-12-30,Jalandhar,Chikungunya,17,1,44,38.64,25.8,61.1,2.8,2181000,2714.3
2025-12-31,Jalandhar,Chikungunya,21,2,88,23.86,30.0,63.3,0.6,2181000,954.1
2026-01-01,Jalandhar,Chikungunya,23,5,100,23.0,32.4,65.6,0.0,2181000,1523.4
2026-01-02,Jalandhar,Chikungunya,16,3,72,22.22,33.3,66.2,0.0,2181000,1445.5
2026-01-03,Jalandhar,Chikungunya,21,4,83,25.3,34.0,58.7,0.0,2181000,1002.6
2026-01-04,Jalandhar,Chikungunya,22,5,72,30.56,31.5,77.7,0.0,2181000,765.3
2026-01-05,Jalandhar,Chikungunya,17,4,66,25.76,34.9,68.7,3.4,2181000,952.1
2026-01-06,Jalandhar,Chikungunya,21,4,84,25.0,33.4,64.8,0.0,2181000,1690.0
2026-01-07,Jalandhar,Chikungunya,24,3,97,24.74,32.5,61.5,0.0,2181000,1258.3
2026-01-08,Jalandhar,Chikungunya,19,1,88,21.59,32.9,62.8,1.2,2181000,1342.5
2026-01-09,Jalandhar,Chikungunya,20,2,48,41.67,33.9,69.5,2.1,2181000,1509.4
2026-01-10,Jalandhar,Chikungunya,24,4,61,39.34,34.5,71.9,0.0,2181000,1206.8
2026-01-11,Jalandhar,Chikungunya,21,3,102,20.59,32.0,71.1,0.0,2181000,1324.4
2026-01-12,Jalandhar,Chikungunya,15,2,43,34.88,33.8,66.6,0.0,2181000,962.0
2026-01-13,Jalandhar,Chikungunya,21,4,51,41.18,34.2,82.1,1.6,2181000,2548.0
2026-01-14,Jalandhar,Chikungunya,25,3,94,26.6,34.4,72.0,0.9,2181000,1127.3
2026-01-15,Jalandhar,Chikungunya,21,2,47,44.68,34.2,73.3,1.9,2181000,968.7
2026-01-16,Jalandhar,Chikungunya,17,1,48,35.42,35.9,66.2,0.0,2181000,2193.6
2026-01-17,Jalandhar,Chikungunya,23,4,56,41.07,34.2,74.6,0.6,2181000,2162.3
2026-01-18,Jalandhar,Chikungunya,25,5,81,30.86,32.2,71.8,2.4,2181000,2306.1
2026-01-19,Jalandhar,Chikungunya,17,3,46,36.96,32.2,67.5,4.7,2181000,1025.8
2026-01-20,Jalandhar,Chikungunya,21,2,66,31.82,35.2,84.4,0.0,2181000,1398.3
2026-01-21,Jalandhar,Chikungunya,17,3,44,38.64,36.7,75.1,5.6,2181000,783.5
2026-01-22,Jalandhar,Chikungunya,21,2,90,23.33,33.7,69.1,3.7,2181000,923.0
2026-01-23,Jalandhar,Chikungunya,20,4,95,21.05,34.5,68.1,0.0,2181000,917.8
2026-01-24,Jalandhar,Chikungunya,18,3,89,20.22,36.8,72.3,0.3,2181000,854.1
2026-01-25,Jalandhar,Chikungunya,21,5,72,29.17,33.4,80.5,0.0,2181000,988.9
2026-01-26,Jalandhar,Chikungunya,19,4,87,21.84,34.7,75.8,0.0,2181000,2584.2
2026-01-27,Jalandhar,Chikungunya,21,3,69,30.43,35.4,70.6,4.6,2181000,740.9
2026-01-28,Jalandhar,Chikungunya,25,6,70,35.71,33.3,71.1,0.0,2181000,923.1
2026-01-29,Jalandhar,Chikungunya,21,5,56,37.5,37.2,79.0,0.0,2181000,999.9
2026-01-30,Jalandhar,Chikungunya,21,2,99,21.21,32.0,79.0,1.0,2181000,1055.7
2026-01-31,Jalandhar,Chikungunya,19,4,72,26.39,35.2,72.4,2.8,2181000,1730.2
2026-02-01,Jalandhar,Chikungunya,20,3,77,25.97,33.8,83.9,5.0,2181000,748.0
2026-02-02,Jalandhar,Chikungunya,36,7,150,24.0,39.2,67.9,0.0,2181000,1717.6
2026-02-03,Jalandhar,Chikungunya,31,3,65,47.69,32.5,78.2,4.7,2181000,853.1
2026-02-04,Jalandhar,Chikungunya,41,5,130,31.54,33.0,82.4,2.3,2181000,1554.8
2026-02-05,Jalandhar,Chikungunya,44,7,199,22.11,34.2,71.2,0.0,2181000,1294.6
2026-02-06,Jalandhar,Chikungunya,50,8,207,24.15,34.6,78.0,2.6,2181000,2391.2
2026-02-07,Jalandhar,Chikungunya,75,7,246,30.49,30.8,77.2,1.2,2181000,843.7
2026-02-08,Jalandhar,Chikungunya,64,8,201,31.84,33.9,74.4,8.0,2181000,1046.2
2026-02-09,Jalandhar,Chikungunya,93,21,402,23.13,33.0,76.0,0.0,2181000,1789.8
2026-02-10,Jalandhar,Chikungunya,102,14,469,21.75,34.1,73.0,4.8,2181000,1140.9
2026-02-11,Jalandhar,Chikungunya,144,32,397,36.27,35.7,81.3,3.3,2181000,780.0
2026-02-12,Jalandhar,Chikungunya,134,32,566,23.67,33.2,88.2,0.6,2181000,1023.2
2026-02-13,Jalandhar,Chikungunya,113,15,266,42.48,35.3,72.8,3.5,2181000,1282.3
2026-02-14,Jalandhar,Chikungunya,111,23,513,21.64,32.4,77.8,2.8,2181000,2149.6
2026-02-15,Jalandhar,Chikungunya,115,17,356,32.3,31.5,79.4,5.0,2181000,1730.0
2026-02-16,Jalandhar,Chikungunya,150,20,664,22.59,34.8,81.5,0.0,2181000,2528.3
2026-02-17,Jalandhar,Chikungunya,101,20,296,34.12,36.5,87.1,2.6,2181000,1575.2
2026-02-18,Jalandhar,Chikungunya,64,8,161,39.75,35.0,79.3,9.8,2181000,835.4
2026-02-19,Jalandhar,Chikungunya,83,19,247,33.6,36.0,82.3,6.7,2181000,1685.0
2026-02-20,Jalandhar,Chikungunya,82,15,310,26.45,32.1,78.4,2.4,2181000,1128.3
2026-02-21,Jalandhar,Chikungunya,67,16,232,28.88,35.8,75.8,2.1,2181000,998.8
2026-02-22,Jalandhar,Chikungunya,49,9,115,42.61,34.8,90.5,4.8,2181000,931.8
2026-02-23,Jalandhar,Chikungunya,41,4,140,29.29,35.5,88.5,2.9,2181000,780.5
2026-02-24,Jalandhar,Chikungunya,46,10,93,49.46,35.9,82.9,1.8,2181000,1466.9
2026-02-25,Jalandhar,Chikungunya,25,4,73,34.25,32.6,77.2,6.5,2181000,890.7
2026-02-26,Jalandhar,Chikungunya,17,2,72,23.61,32.5,84.5,0.2,2181000,2418.5
2026-02-27,Jalandhar,Chikungunya,20,4,87,22.99,33.8,80.3,8.1,2181000,877.0
2026-02-28,Jalandhar,Chikungunya,21,5,78,26.92,34.4,72.5,3.6,2181000,1201.3
2026-03-01,Jalandhar,Chikungunya,20,4,97,20.62,36.4,82.4,2.7,2181000,1002.8
2026-03-02,Jalandhar,Chikungunya,20,2,58,34.48,33.1,76.2,0.4,2181000,1700.7
2026-03-03,Jalandhar,Chikungunya,14,3,56,25.0,32.9,85.3,2.2,2181000,2330.5
2026-03-04,Jalandhar,Chikungunya,22,3,93,23.66,34.3,77.3,3.1,2181000,1026.5
2026-03-05,Jalandhar,Chikungunya,17,2,83,20.48,31.7,81.0,2.5,2181000,2593.5
2026-03-06,Jalandhar,Chikungunya,19,3,94,20.21,34.6,91.6,6.4,2181000,1862.4
2026-03-07,Jalandhar,Chikungunya,22,5,74,29.73,32.7,72.0,3.0,2181000,980.9
2026-03-08,Jalandhar,Chikungunya,24,5,99,24.24,32.4,77.6,5.6,2181000,1536.3
2026-03-09,Jalandhar,Chikungunya,20,3,46,43.48,33.2,80.2,1.7,2181000,751.5
2026-03-10,Jalandhar,Chikungunya,19,2,62,30.65,35.4,80.2,4.5,2181000,801.6
2026-03-11,Jalandhar,Chikungunya,21,5,98,21.43,33.8,81.5,4.7,2181000,2014.0
2026-03-12,Jalandhar,Chikungunya,21,4,87,24.14,31.3,76.0,8.5,2181000,1341.7
2026-03-13,Jalandhar,Chikungunya,21,2,68,30.88,32.7,77.8,2.5,2181000,2275.1
2026-03-14,Jalandhar,Chikungunya,22,5,101,21.78,32.3,77.9,5.3,2181000,1032.7
2026-03-15,Jalandhar,Chikungunya,24,5,107,22.43,33.5,83.8,2.6,2181000,1869.3
2026-03-16,Jalandhar,Chikungunya,16,2,43,37.21,34.9,80.7,2.7,2181000,1308.4
2026-03-17,Jalandhar,Chikungunya,18,3,55,32.73,30.2,80.7,3.0,2181000,1697.8
2026-03-18,Jalandhar,Chikungunya,21,4,73,28.77,31.3,79.8,4.0,2181000,816.8
2026-03-19,Jalandhar,Chikungunya,21,4,63,33.33,31.4,77.0,3.5,2181000,891.7
2026-03-20,Jalandhar,Chikungunya,18,2,89,20.22,30.0,72.6,5.0,2181000,1972.6
2026-03-21,Jalandhar,Chikungunya,15,3,63,23.81,36.4,83.1,6.1,2181000,942.4
2026-03-22,Jalandhar,Chikungunya,21,3,98,21.43,30.8,85.2,2.1,2181000,2591.1
2026-03-23,Jalandhar,Chikungunya,18,3,42,42.86,29.2,76.6,6.2,2181000,1155.3
2026-03-24,Jalandhar,Chikungunya,22,4,56,39.29,29.9,78.8,3.2,2181000,1460.7
2026-03-25,Jalandhar,Chikungunya,25,3,98,25.51,30.5,80.7,7.3,2181000,1010.9
2026-03-26,Jalandhar,Chikungunya,27,5,113,23.89,32.6,80.4,0.0,2181000,1377.3
2026-03-27,Jalandhar,Chikungunya,19,2,71,26.76,37.1,79.8,5.0,2181000,837.9
2026-03-28,Jalandhar,Chikungunya,21,3,91,23.08,32.4,81.0,3.9,2181000,1578.4
2026-03-29,Jalandhar,Chikungunya,21,3,101,20.79,33.7,76.7,2.1,2181000,1581.7
2026-03-30,Jalandhar,Chikungunya,17,3,46,36.96,29.4,81.4,4.1,2181000,1493.5
2026-03-31,Jalandhar,Chikungunya,18,2,59,30.51,30.1,80.1,7.0,2181000,899.7
2026-04-01,Jalandhar,Chikungunya,22,5,58,37.93,32.6,82.1,4.5,2181000,858.1
2026-04-02,Jalandhar,Chikungunya,19,4,70,27.14,32.0,76.0,2.5,2181000,972.0
2026-04-03,Jalandhar,Chikungunya,22,3,90,24.44,32.2,76.3,0.0,2181000,936.4
2026-04-04,Jalandhar,Chikungunya,19,4,60,31.67,28.2,70.3,7.3,2181000,1414.9
2026-04-05,Jalandhar,Chikungunya,16,1,75,21.33,32.8,78.3,2.1,2181000,777.0
2026-04-06,Jalandhar,Chikungunya,16,3,46,34.78,30.5,74.2,6.4,2181000,2062.8
2026-04-07,Jalandhar,Chikungunya,22,3,82,26.83,31.3,82.4,6.1,2181000,1008.2
2026-04-08,Jalandhar,Chikungunya,15,1,39,38.46,30.8,77.9,6.3,2181000,959.8
2026-04-09,Jalandhar,Chikungunya,17,3,64,26.56,29.9,78.0,1.8,2181000,1230.1
2026-04-10,Jalandhar,Chikungunya,21,4,84,25.0,34.5,74.8,0.0,2181000,1742.2
2026-04-11,Jalandhar,Chikungunya,17,2,62,27.42,31.8,73.6,5.8,2181000,1538.9
2026-04-12,Jalandhar,Chikungunya,20,4,94,21.28,29.8,82.8,2.1,2181000,1570.8
2026-04-13,Jalandhar,Chikungunya,13,2,36,36.11,28.7,75.3,5.8,2181000,1006.7
2026-04-14,Jalandhar,Chikungunya,18,3,42,42.86,25.6,75.4,1.1,2181000,905.7
2026-04-15,Jalandhar,Chikungunya,16,3,50,32.0,28.1,81.3,0.2,2181000,886.1
2026-04-16,Jalandhar,Chikungunya,18,4,77,23.38,27.3,74.5,3.3,2181000,1709.6
2026-04-17,Jalandhar,Chikungunya,21,2,59,35.59,23.0,70.9,2.9,2181000,1194.7
2026-04-18,Jalandhar,Chikungunya,22,4,83,26.51,29.8,71.4,4.0,2181000,735.3
2026-04-19,Jalandhar,Chikungunya,13,3,55,23.64,30.3,71.8,3.8,2181000,1459.1
2026-04-20,Jalandhar,Chikungunya,15,2,51,29.41,27.3,75.7,7.6,2181000,940.1
2026-04-21,Jalandhar,Chikungunya,17,3,54,31.48,27.4,74.5,7.6,2181000,2569.2
2026-04-22,Jalandhar,Chikungunya,12,2,44,27.27,30.6,78.4,4.2,2181000,1387.1
2026-04-23,Jalandhar,Chikungunya,14,2,65,21.54,25.5,76.6,2.5,2181000,865.8
2026-04-24,Jalandhar,Chikungunya,18,3,46,39.13,27.8,73.2,0.0,2181000,737.0
2026-04-25,Jalandhar,Chikungunya,18,3,37,48.65,24.9,80.9,0.8,2181000,1406.6
2026-04-26,Jalandhar,Chikungunya,12,2,39,30.77,28.8,76.7,5.6,2181000,1674.4
2026-04-27,Jalandhar,Chikungunya,19,4,54,35.19,25.1,77.6,4.9,2181000,846.8
2026-04-28,Jalandhar,Chikungunya,11,1,22,50.0,27.5,71.0,2.9,2181000,962.6
2026-04-29,Jalandhar,Chikungunya,14,3,59,23.73,30.4,79.2,2.2,2181000,1415.4
2026-04-30,Jalandhar,Chikungunya,19,3,59,32.2,28.8,74.8,3.1,2181000,1022.1
2026-05-01,Jalandhar,Chikungunya,16,2,32,50.0,24.2,80.9,9.9,2181000,2632.8
2026-05-02,Jalandhar,Chikungunya,19,3,51,37.25,28.2,74.2,2.5,2181000,732.8
2026-05-03,Jalandhar,Chikungunya,17,1,49,34.69,25.0,64.0,6.9,2181000,1063.0
2026-05-04,Jalandhar,Chikungunya,21,4,55,38.18,24.6,72.4,5.6,2181000,1774.5
2026-05-05,Jalandhar,Chikungunya,17,1,48,35.42,27.1,76.0,6.4,2181000,1589.4
2026-05-06,Jalandhar,Chikungunya,14,3,63,22.22,25.6,74.6,3.4,2181000,784.3
2025-11-08,Jalandhar,Dengue,34,7,93,36.56,25.9,54.7,0.0,2181000,1331.1
2025-11-09,Jalandhar,Dengue,30,4,139,21.58,25.1,58.1,0.0,2181000,1197.3
2025-11-10,Jalandhar,Dengue,22,2,102,21.57,21.2,51.7,0.0,2181000,867.5
2025-11-11,Jalandhar,Dengue,29,4,93,31.18,26.7,46.3,0.0,2181000,932.7
2025-11-12,Jalandhar,Dengue,30,5,130,23.08,26.7,62.3,0.0,2181000,1420.5
2025-11-13,Jalandhar,Dengue,33,4,119,27.73,26.4,56.2,0.0,2181000,1349.3
2025-11-14,Jalandhar,Dengue,31,6,82,37.8,25.6,61.5,0.0,2181000,735.5
2025-11-15,Jalandhar,Dengue,19,2,68,27.94,27.1,54.8,0.0,2181000,1945.7
2025-11-16,Jalandhar,Dengue,17,3,39,43.59,30.4,56.2,0.0,2181000,858.0
2025-11-17,Jalandhar,Dengue,27,4,55,49.09,27.7,49.5,0.0,2181000,917.6
2025-11-18,Jalandhar,Dengue,24,5,116,20.69,27.1,51.9,0.0,2181000,1348.7
2025-11-19,Jalandhar,Dengue,33,4,95,34.74,26.0,55.9,0.0,2181000,2001.1
2025-11-20,Jalandhar,Dengue,27,5,128,21.09,24.6,51.4,0.0,2181000,1140.0
2025-11-21,Jalandhar,Dengue,28,5,81,34.57,23.9,66.8,0.0,2181000,1104.9
2025-11-22,Jalandhar,Dengue,25,3,118,21.19,29.7,46.7,0.0,2181000,815.2
2025-11-23,Jalandhar,Dengue,25,4,51,49.02,28.9,67.9,0.0,2181000,2329.3
2025-11-24,Jalandhar,Dengue,30,4,70,42.86,29.3,53.8,0.4,2181000,1243.3
2025-11-25,Jalandhar,Dengue,26,4,93,27.96,32.2,46.4,0.0,2181000,1233.9
2025-11-26,Jalandhar,Dengue,32,3,118,27.12,28.2,63.7,1.2,2181000,794.5
2025-11-27,Jalandhar,Dengue,32,5,158,20.25,28.1,55.0,0.0,2181000,1761.0
2025-11-28,Jalandhar,Dengue,29,6,81,35.8,28.2,62.1,0.6,2181000,2605.2
2025-11-29,Jalandhar,Dengue,34,5,147,23.13,30.8,56.6,0.0,2181000,898.4
2025-11-30,Jalandhar,Dengue,33,5,128,25.78,27.0,57.7,0.0,2181000,955.6
2025-12-01,Jalandhar,Dengue,27,4,113,23.89,29.9,55.4,0.0,2181000,745.9
2025-12-02,Jalandhar,Dengue,34,8,93,36.56,25.5,60.4,0.0,2181000,1167.1
2025-12-03,Jalandhar,Dengue,39,6,120,32.5,25.9,58.3,0.0,2181000,2605.0
2025-12-04,Jalandhar,Dengue,23,2,81,28.4,25.2,60.0,0.0,2181000,938.7
2025-12-05,Jalandhar,Dengue,17,3,55,30.91,31.8,61.5,0.7,2181000,930.7
2025-12-06,Jalandhar,Dengue,33,4,88,37.5,25.7,51.5,0.0,2181000,1371.7
2025-12-07,Jalandhar,Dengue,33,5,163,20.25,30.6,52.4,0.0,2181000,1035.4
2025-12-08,Jalandhar,Dengue,34,4,115,29.57,32.2,58.3,0.3,2181000,809.0
2025-12-09,Jalandhar,Dengue,32,4,119,26.89,34.1,60.6,1.0,2181000,2036.2
2025-12-10,Jalandhar,Dengue,29,4,68,42.65,32.4,65.2,0.0,2181000,1265.2
2025-12-11,Jalandhar,Dengue,28,6,106,26.42,29.7,54.5,2.1,2181000,2566.2
2025-12-12,Jalandhar,Dengue,25,4,81,30.86,30.9,63.7,0.0,2181000,791.0
2025-12-13,Jalandhar,Dengue,40,4,174,22.99,29.1,61.1,0.0,2181000,2257.6
2025-12-14,Jalandhar,Dengue,30,3,66,45.45,30.9,58.3,0.0,2181000,1743.1
2025-12-15,Jalandhar,Dengue,17,1,37,45.95,32.7,65.4,0.0,2181000,1595.9
2025-12-16,Jalandhar,Dengue,39,4,169,23.08,34.4,64.3,0.0,2181000,1362.8
2025-12-17,Jalandhar,Dengue,33,7,118,27.97,31.4,71.7,0.0,2181000,1132.8
2025-12-18,Jalandhar,Dengue,31,5,73,42.47,31.7,62.9,0.0,2181000,1144.5
2025-12-19,Jalandhar,Dengue,34,5,145,23.45,27.6,67.4,0.1,2181000,1167.7
2025-12-20,Jalandhar,Dengue,30,7,64,46.88,31.0,62.8,0.0,2181000,1231.8
2025-12-21,Jalandhar,Dengue,33,7,98,33.67,28.1,62.2,0.0,2181000,1038.1
2025-12-22,Jalandhar,Dengue,38,6,133,28.57,33.1,66.4,0.0,2181000,875.5
2025-12-23,Jalandhar,Dengue,28,4,106,26.42,34.6,62.3,0.0,2181000,727.1
2025-12-24,Jalandhar,Dengue,43,5,175,24.57,29.2,65.3,3.8,2181000,897.4
2025-12-25,Jalandhar,Dengue,40,8,172,23.26,30.6,59.5,0.0,2181000,961.2
2025-12-26,Jalandhar,Dengue,30,5,76,39.47,29.4,68.4,3.3,2181000,2389.5
2025-12-27,Jalandhar,Dengue,33,6,74,44.59,30.2,70.5,4.1,2181000,1805.1
2025-12-28,Jalandhar,Dengue,47,6,103,45.63,31.2,62.6,0.0,2181000,1852.8
2025-12-29,Jalandhar,Dengue,33,4,134,24.63,32.6,68.8,4.9,2181000,1558.7
2025-12-30,Jalandhar,Dengue,36,7,124,29.03,32.2,68.4,0.0,2181000,1358.1
2025-12-31,Jalandhar,Dengue,35,5,119,29.41,33.8,68.5,3.1,2181000,804.4
2026-01-01,Jalandhar,Dengue,37,6,89,41.57,35.0,56.0,3.6,2181000,1225.4
2026-01-02,Jalandhar,Dengue,35,3,163,21.47,33.0,57.2,0.6,2181000,1186.7
2026-01-03,Jalandhar,Dengue,37,6,75,49.33,32.0,70.8,0.0,2181000,1924.1
2026-01-04,Jalandhar,Dengue,30,3,115,26.09,32.9,67.4,0.6,2181000,1965.6
2026-01-05,Jalandhar,Dengue,33,4,73,45.21,34.5,62.6,0.0,2181000,1310.3
2026-01-06,Jalandhar,Dengue,32,4,73,43.84,32.8,79.7,0.0,2181000,846.5
2026-01-07,Jalandhar,Dengue,30,5,101,29.7,34.1,64.7,0.0,2181000,1298.0
2026-01-08,Jalandhar,Dengue,24,4,49,48.98,33.2,83.1,1.7,2181000,1195.1
2026-01-09,Jalandhar,Dengue,25,3,107,23.36,35.9,71.4,5.4,2181000,894.8
2026-01-10,Jalandhar,Dengue,35,3,132,26.52,35.0,68.3,2.4,2181000,1062.9
2026-01-11,Jalandhar,Dengue,36,5,141,25.53,34.0,68.3,0.0,2181000,1191.6
2026-01-12,Jalandhar,Dengue,35,3,98,35.71,33.2,75.9,0.0,2181000,1566.2
2026-01-13,Jalandhar,Dengue,49,12,202,24.26,35.2,75.9,5.6,2181000,881.0
2026-01-14,Jalandhar,Dengue,60,8,228,26.32,35.7,74.2,6.7,2181000,1595.8
2026-01-15,Jalandhar,Dengue,81,14,234,34.62,32.9,62.5,0.0,2181000,1897.0
2026-01-16,Jalandhar,Dengue,85,20,352,24.15,37.0,74.4,0.0,2181000,1435.9
2026-01-17,Jalandhar,Dengue,74,13,150,49.33,34.8,63.5,2.4,2181000,955.9
2026-01-18,Jalandhar,Dengue,70,17,155,45.16,35.2,59.4,1.7,2181000,1530.9
2026-01-19,Jalandhar,Dengue,93,22,242,38.43,32.8,69.1,4.5,2181000,1093.5
2026-01-20,Jalandhar,Dengue,105,18,336,31.25,35.2,84.7,0.0,2181000,855.2
2026-01-21,Jalandhar,Dengue,122,13,436,27.98,33.5,75.6,4.6,2181000,1097.8
2026-01-22,Jalandhar,Dengue,112,25,523,21.41,33.6,66.7,0.1,2181000,1800.9
2026-01-23,Jalandhar,Dengue,140,23,437,32.04,36.1,75.3,0.0,2181000,1053.2
2026-01-24,Jalandhar,Dengue,156,26,758,20.58,34.0,74.3,1.5,2181000,1908.3
2026-01-25,Jalandhar,Dengue,146,20,306,47.71,35.8,72.1,3.9,2181000,1125.7
2026-01-26,Jalandhar,Dengue,176,38,447,39.37,36.0,71.3,3.5,2181000,851.8
2026-01-27,Jalandhar,Dengue,210,35,821,25.58,37.6,81.0,2.5,2181000,1498.4
2026-01-28,Jalandhar,Dengue,181,18,692,26.16,35.7,69.5,1.4,2181000,1365.9
2026-01-29,Jalandhar,Dengue,176,34,540,32.59,33.5,82.4,0.0,2181000,746.8
2026-01-30,Jalandhar,Dengue,196,40,915,21.42,34.7,79.9,6.9,2181000,918.0
2026-01-31,Jalandhar,Dengue,223,48,1048,21.28,36.0,80.4,0.0,2181000,1702.8
2026-02-01,Jalandhar,Dengue,195,26,613,31.81,32.2,84.2,2.0,2181000,974.3
2026-02-02,Jalandhar,Dengue,197,20,495,39.8,35.3,72.8,0.0,2181000,824.9
2026-02-03,Jalandhar,Dengue,199,21,930,21.4,36.0,84.0,4.4,2181000,1678.4
2026-02-04,Jalandhar,Dengue,170,40,638,26.65,39.1,80.6,0.2,2181000,932.8
2026-02-05,Jalandhar,Dengue,160,32,508,31.5,37.5,77.5,0.0,2181000,1558.0
2026-02-06,Jalandhar,Dengue,160,30,325,49.23,34.3,82.9,0.0,2181000,1163.2
2026-02-07,Jalandhar,Dengue,129,24,616,20.94,36.3,78.5,6.6,2181000,1301.0
2026-02-08,Jalandhar,Dengue,131,20,335,39.1,36.4,75.8,2.3,2181000,1003.4
2026-02-09,Jalandhar,Dengue,115,26,478,24.06,34.7,87.8,3.0,2181000,830.6
2026-02-10,Jalandhar,Dengue,122,16,414,29.47,35.4,77.0,0.0,2181000,785.9
2026-02-11,Jalandhar,Dengue,91,21,298,30.54,35.5,76.5,5.5,2181000,1360.5
2026-02-12,Jalandhar,Dengue,111,13,503,22.07,35.2,85.2,5.9,2181000,1772.2
2026-02-13,Jalandhar,Dengue,94,13,275,34.18,34.9,78.7,0.2,2181000,891.9
2026-02-14,Jalandhar,Dengue,61,12,149,40.94,36.9,79.2,6.3,2181000,1297.2
2026-02-15,Jalandhar,Dengue,55,7,227,24.23,30.5,77.2,6.6,2181000,763.4
2026-02-16,Jalandhar,Dengue,47,11,177,26.55,38.9,84.6,5.6,2181000,910.9
2026-02-17,Jalandhar,Dengue,56,9,212,26.42,33.5,78.4,3.0,2181000,1207.2
2026-02-18,Jalandhar,Dengue,25,3,92,27.17,34.0,68.5,1.5,2181000,1648.0
2026-02-19,Jalandhar,Dengue,27,6,55,49.09,34.8,80.5,3.1,2181000,950.3
2026-02-20,Jalandhar,Dengue,40,5,179,22.35,32.2,80.0,2.0,2181000,989.2
2026-02-21,Jalandhar,Dengue,37,4,160,23.12,35.2,83.2,5.6,2181000,1014.3
2026-02-22,Jalandhar,Dengue,32,5,155,20.65,34.7,75.4,4.2,2181000,1813.1
2026-02-23,Jalandhar,Dengue,38,7,168,22.62,32.0,81.8,8.1,2181000,814.5
2026-02-24,Jalandhar,Dengue,45,5,164,27.44,34.1,76.5,3.6,2181000,1285.7
2026-02-25,Jalandhar,Dengue,34,3,155,21.94,37.0,77.4,2.6,2181000,748.6
2026-02-26,Jalandhar,Dengue,37,8,159,23.27,32.4,86.7,4.3,2181000,1334.7
2026-02-27,Jalandhar,Dengue,30,7,125,24.0,31.7,79.2,6.7,2181000,1196.1
2026-02-28,Jalandhar,Dengue,40,4,175,22.86,33.1,68.6,4.3,2181000,923.5
2026-03-01,Jalandhar,Dengue,31,7,70,44.29,37.4,94.5,4.7,2181000,1580.7
2026-03-02,Jalandhar,Dengue,45,8,146,30.82,33.7,82.5,5.4,2181000,1493.9
2026-03-03,Jalandhar,Dengue,38,3,168,22.62,35.8,85.8,0.2,2181000,1159.8
2026-03-04,Jalandhar,Dengue,31,6,147,21.09,32.8,78.4,3.6,2181000,786.6
2026-03-05,Jalandhar,Dengue,37,5,99,37.37,31.0,80.7,2.3,2181000,1128.3
2026-03-06,Jalandhar,Dengue,33,6,152,21.71,32.2,77.7,7.4,2181000,1771.8
2026-03-07,Jalandhar,Dengue,31,6,131,23.66,34.4,74.0,10.4,2181000,759.1
2026-03-08,Jalandhar,Dengue,34,4,89,38.2,31.2,77.7,1.4,2181000,1304.1
2026-03-09,Jalandhar,Dengue,40,4,114,35.09,36.0,88.0,7.3,2181000,2010.2
2026-03-10,Jalandhar,Dengue,28,6,105,26.67,34.6,83.3,2.6,2181000,851.1
2026-03-11,Jalandhar,Dengue,39,7,142,27.46,31.9,76.6,6.5,2181000,1069.2
2026-03-12,Jalandhar,Dengue,32,4,116,27.59,31.6,84.6,7.1,2181000,929.7
2026-03-13,Jalandhar,Dengue,37,6,109,33.94,35.7,78.7,6.4,2181000,1019.5
2026-03-14,Jalandhar,Dengue,33,6,106,31.13,32.9,75.2,5.8,2181000,2544.0
2026-03-15,Jalandhar,Dengue,36,6,118,30.51,31.4,80.6,6.1,2181000,786.2
2026-03-16,Jalandhar,Dengue,36,4,74,48.65,31.1,75.7,3.2,2181000,1650.4
2026-03-17,Jalandhar,Dengue,37,5,183,20.22,31.5,83.7,1.9,2181000,1629.3
2026-03-18,Jalandhar,Dengue,28,4,114,24.56,29.9,75.2,4.6,2181000,839.3
2026-03-19,Jalandhar,Dengue,34,6,137,24.82,31.8,80.0,3.0,2181000,1765.9
2026-03-20,Jalandhar,Dengue,34,5,151,22.52,31.5,84.3,7.1,2181000,2657.0
2026-03-21,Jalandhar,Dengue,32,4,129,24.81,34.0,82.9,5.6,2181000,1108.8
2026-03-22,Jalandhar,Dengue,33,6,127,25.98,31.9,77.3,8.3,2181000,1153.2
2026-03-23,Jalandhar,Dengue,32,4,105,30.48,30.9,77.6,3.6,2181000,1267.3
2026-03-24,Jalandhar,Dengue,33,7,75,44.0,32.4,76.7,2.4,2181000,813.6
2026-03-25,Jalandhar,Dengue,31,6,68,45.59,34.7,75.4,2.8,2181000,771.0
2026-03-26,Jalandhar,Dengue,40,5,171,23.39,31.9,75.9,2.7,2181000,863.6
2026-03-27,Jalandhar,Dengue,33,4,140,23.57,31.4,82.5,0.0,2181000,1409.6
2026-03-28,Jalandhar,Dengue,33,6,112,29.46,27.9,71.8,6.3,2181000,867.5
2026-03-29,Jalandhar,Dengue,31,4,97,31.96,30.5,79.7,8.8,2181000,778.7
2026-03-30,Jalandhar,Dengue,30,3,69,43.48,32.4,83.6,3.2,2181000,1510.7
2026-03-31,Jalandhar,Dengue,30,5,115,26.09,29.9,79.0,4.2,2181000,1084.2
2026-04-01,Jalandhar,Dengue,30,7,148,20.27,29.8,71.7,4.4,2181000,980.3
2026-04-02,Jalandhar,Dengue,28,3,88,31.82,31.5,81.7,5.9,2181000,982.0
2026-04-03,Jalandhar,Dengue,25,6,109,22.94,27.7,76.2,1.3,2181000,1205.8
2026-04-04,Jalandhar,Dengue,29,4,134,21.64,31.8,75.4,3.7,2181000,2001.0
2026-04-05,Jalandhar,Dengue,23,3,76,30.26,30.6,72.6,6.5,2181000,2084.4
2026-04-06,Jalandhar,Dengue,33,3,71,46.48,31.0,76.3,4.1,2181000,1020.0
2026-04-07,Jalandhar,Dengue,35,8,76,46.05,28.6,84.8,8.5,2181000,1783.3
2026-04-08,Jalandhar,Dengue,29,4,106,27.36,30.9,84.3,4.3,2181000,1594.7
2026-04-09,Jalandhar,Dengue,22,2,96,22.92,30.3,75.7,3.7,2181000,1066.9
2026-04-10,Jalandhar,Dengue,31,4,96,32.29,29.8,81.8,7.1,2181000,2423.2
2026-04-11,Jalandhar,Dengue,32,5,80,40.0,32.9,80.1,3.4,2181000,966.5
2026-04-12,Jalandhar,Dengue,36,3,125,28.8,28.0,71.8,4.6,2181000,2212.0
2026-04-13,Jalandhar,Dengue,23,2,101,22.77,29.5,77.7,6.2,2181000,769.1
2026-04-14,Jalandhar,Dengue,30,5,108,27.78,28.5,80.5,4.5,2181000,1204.6
2026-04-15,Jalandhar,Dengue,27,3,109,24.77,25.1,76.3,6.7,2181000,1390.6
2026-04-16,Jalandhar,Dengue,27,6,101,26.73,30.4,76.0,5.0,2181000,1547.8
2026-04-17,Jalandhar,Dengue,27,3,75,36.0,32.0,71.1,4.3,2181000,1694.9
2026-04-18,Jalandhar,Dengue,26,6,110,23.64,28.0,74.2,3.0,2181000,859.6
2026-04-19,Jalandhar,Dengue,31,6,144,21.53,25.4,72.3,8.7,2181000,767.4
2026-04-20,Jalandhar,Dengue,29,4,90,32.22,27.4,67.6,4.9,2181000,2461.4
2026-04-21,Jalandhar,Dengue,27,2,84,32.14,29.6,73.2,4.7,2181000,1848.6
2026-04-22,Jalandhar,Dengue,27,5,65,41.54,29.0,72.8,0.0,2181000,1591.2
2026-04-23,Jalandhar,Dengue,38,8,184,20.65,24.7,75.7,4.6,2181000,2067.7
2026-04-24,Jalandhar,Dengue,27,5,93,29.03,25.1,68.4,5.9,2181000,1099.8
2026-04-25,Jalandhar,Dengue,35,4,140,25.0,27.6,70.4,5.8,2181000,1367.2
2026-04-26,Jalandhar,Dengue,25,5,50,50.0,25.7,88.5,9.2,2181000,764.2
2026-04-27,Jalandhar,Dengue,33,7,83,39.76,30.9,73.9,4.4,2181000,1896.2
2026-04-28,Jalandhar,Dengue,32,5,95,33.68,28.7,74.9,5.6,2181000,737.8
2026-04-29,Jalandhar,Dengue,31,4,151,20.53,29.1,68.6,11.7,2181000,1059.9
2026-04-30,Jalandhar,Dengue,29,2,58,50.0,30.0,75.4,5.9,2181000,1186.0
2026-05-01,Jalandhar,Dengue,25,3,53,47.17,26.2,64.7,4.7,2181000,1418.7
2026-05-02,Jalandhar,Dengue,27,3,89,30.34,26.7,64.9,10.4,2181000,845.4
2026-05-03,Jalandhar,Dengue,31,7,104,29.81,29.9,72.0,2.0,2181000,1727.7
2026-05-04,Jalandhar,Dengue,34,5,150,22.67,25.5,76.7,5.4,2181000,1045.6
2026-05-05,Jalandhar,Dengue,31,6,147,21.09,24.0,70.0,3.4,2181000,1923.7
2026-05-06,Jalandhar,Dengue,34,6,145,23.45,28.6,72.8,4.9,2181000,822.9
2025-11-08,Jalandhar,Influenza,22,4,48,45.83,24.9,49.2,0.0,2181000,1748.7
2025-11-09,Jalandhar,Influenza,23,3,51,45.1,26.2,42.3,0.0,2181000,868.0
2025-11-10,Jalandhar,Influenza,20,4,85,23.53,25.5,47.0,0.0,2181000,825.7
2025-11-11,Jalandhar,Influenza,23,3,87,26.44,27.6,52.0,0.0,2181000,940.8
2025-11-12,Jalandhar,Influenza,24,3,81,29.63,27.6,50.0,0.0,2181000,815.0
2025-11-13,Jalandhar,Influenza,23,4,68,33.82,25.0,52.3,0.0,2181000,1186.3
2025-11-14,Jalandhar,Influenza,19,4,85,22.35,25.4,46.4,0.0,2181000,794.7
2025-11-15,Jalandhar,Influenza,21,4,84,25.0,25.8,54.8,0.0,2181000,1652.8
2025-11-16,Jalandhar,Influenza,24,3,113,21.24,26.6,40.8,0.0,2181000,1231.5
2025-11-17,Jalandhar,Influenza,18,2,70,25.71,26.9,53.4,0.0,2181000,757.7
2025-11-18,Jalandhar,Influenza,24,5,82,29.27,26.5,48.3,0.0,2181000,2119.9
2025-11-19,Jalandhar,Influenza,23,5,84,27.38,28.3,58.6,0.0,2181000,1066.7
2025-11-20,Jalandhar,Influenza,22,2,60,36.67,28.4,45.5,0.0,2181000,1765.6
2025-11-21,Jalandhar,Influenza,30,4,135,22.22,31.8,58.9,0.0,2181000,1180.4
2025-11-22,Jalandhar,Influenza,25,4,113,22.12,27.3,55.9,0.0,2181000,759.0
2025-11-23,Jalandhar,Influenza,25,5,118,21.19,24.7,65.9,0.0,2181000,1218.9
2025-11-24,Jalandhar,Influenza,29,6,116,25.0,26.3,53.1,0.0,2181000,982.2
2025-11-25,Jalandhar,Influenza,27,6,97,27.84,26.7,55.9,0.0,2181000,923.3
2025-11-26,Jalandhar,Influenza,27,5,72,37.5,28.4,53.2,0.0,2181000,740.4
2025-11-27,Jalandhar,Influenza,30,7,69,43.48,27.9,57.8,0.0,2181000,1150.9
2025-11-28,Jalandhar,Influenza,26,5,128,20.31,24.7,52.8,0.0,2181000,848.6
2025-11-29,Jalandhar,Influenza,17,1,82,20.73,27.8,61.6,0.0,2181000,1953.7
2025-11-30,Jalandhar,Influenza,21,3,48,43.75,28.0,58.8,0.0,2181000,765.1
2025-12-01,Jalandhar,Influenza,25,3,65,38.46,32.2,55.9,4.5,2181000,1094.0
2025-12-02,Jalandhar,Influenza,30,3,90,33.33,24.9,52.3,0.7,2181000,1278.5
2025-12-03,Jalandhar,Influenza,26,2,108,24.07,28.8,56.7,0.0,2181000,1234.8
2025-12-04,Jalandhar,Influenza,29,4,91,31.87,26.9,60.6,2.5,2181000,902.6
2025-12-05,Jalandhar,Influenza,27,3,97,27.84,29.9,62.2,0.0,2181000,1835.2
2025-12-06,Jalandhar,Influenza,28,4,71,39.44,26.8,63.9,0.0,2181000,981.1
2025-12-07,Jalandhar,Influenza,27,3,80,33.75,27.8,56.7,0.0,2181000,1652.6
2025-12-08,Jalandhar,Influenza,33,6,104,31.73,29.9,64.5,0.0,2181000,1409.6
2025-12-09,Jalandhar,Influenza,24,3,77,31.17,32.5,69.1,0.0,2181000,999.0
2025-12-10,Jalandhar,Influenza,26,5,70,37.14,28.8,57.6,0.0,2181000,1034.7
2025-12-11,Jalandhar,Influenza,27,3,105,25.71,30.0,62.5,0.0,2181000,893.0
2025-12-12,Jalandhar,Influenza,27,4,97,27.84,30.9,64.4,0.0,2181000,1326.9
2025-12-13,Jalandhar,Influenza,18,2,36,50.0,32.3,65.9,0.0,2181000,1070.5
2025-12-14,Jalandhar,Influenza,31,7,95,32.63,30.8,65.0,0.0,2181000,1588.4
2025-12-15,Jalandhar,Influenza,26,5,71,36.62,30.3,67.4,0.0,2181000,1246.0
2025-12-16,Jalandhar,Influenza,33,5,74,44.59,31.3,59.6,0.0,2181000,1752.8
2025-12-17,Jalandhar,Influenza,27,2,102,26.47,31.1,57.0,0.2,2181000,1113.7
2025-12-18,Jalandhar,Influenza,32,3,88,36.36,33.5,63.7,0.0,2181000,1473.1
2025-12-19,Jalandhar,Influenza,16,2,78,20.51,29.2,65.8,0.0,2181000,2423.0
2025-12-20,Jalandhar,Influenza,33,5,153,21.57,31.8,67.0,0.0,2181000,787.1
2025-12-21,Jalandhar,Influenza,27,4,106,25.47,30.3,61.3,1.4,2181000,925.0
2025-12-22,Jalandhar,Influenza,27,5,113,23.89,32.5,72.1,0.0,2181000,1399.0
2025-12-23,Jalandhar,Influenza,23,4,93,24.73,29.6,69.3,1.2,2181000,1566.0
2025-12-24,Jalandhar,Influenza,31,6,136,22.79,29.7,76.0,0.0,2181000,1589.9
2025-12-25,Jalandhar,Influenza,32,6,101,31.68,34.3,59.4,2.2,2181000,1307.0
2025-12-26,Jalandhar,Influenza,29,6,129,22.48,31.0,63.7,0.0,2181000,811.8
2025-12-27,Jalandhar,Influenza,29,2,126,23.02,32.1,70.6,0.0,2181000,2261.2
2025-12-28,Jalandhar,Influenza,28,6,70,40.0,31.0,70.8,0.0,2181000,934.4
2025-12-29,Jalandhar,Influenza,31,4,114,27.19,30.1,66.7,0.0,2181000,1528.5
2025-12-30,Jalandhar,Influenza,20,3,62,32.26,35.1,65.1,0.0,2181000,859.4
2025-12-31,Jalandhar,Influenza,23,5,81,28.4,32.8,65.1,4.0,2181000,734.1
2026-01-01,Jalandhar,Influenza,27,4,81,33.33,32.3,62.3,0.0,2181000,2038.8
2026-01-02,Jalandhar,Influenza,24,4,78,30.77,34.4,66.6,2.8,2181000,1645.0
2026-01-03,Jalandhar,Influenza,26,3,120,21.67,35.7,59.9,0.0,2181000,1233.1
2026-01-04,Jalandhar,Influenza,33,5,157,21.02,33.0,80.7,0.1,2181000,915.1
2026-01-05,Jalandhar,Influenza,36,7,119,30.25,34.5,71.6,6.3,2181000,949.7
2026-01-06,Jalandhar,Influenza,26,4,103,25.24,34.9,76.3,0.0,2181000,994.0
2026-01-07,Jalandhar,Influenza,27,4,106,25.47,36.5,62.3,4.7,2181000,1126.1
2026-01-08,Jalandhar,Influenza,24,2,117,20.51,31.9,70.1,0.0,2181000,756.5
2026-01-09,Jalandhar,Influenza,29,5,58,50.0,36.1,63.5,4.2,2181000,879.8
2026-01-10,Jalandhar,Influenza,31,7,89,34.83,34.0,79.2,7.5,2181000,1440.4
2026-01-11,Jalandhar,Influenza,29,5,115,25.22,33.0,72.5,6.1,2181000,839.1
2026-01-12,Jalandhar,Influenza,25,2,77,32.47,36.1,69.5,0.0,2181000,1333.3
2026-01-13,Jalandhar,Influenza,25,2,63,39.68,35.2,77.1,6.4,2181000,1000.8
2026-01-14,Jalandhar,Influenza,26,5,127,20.47,36.6,75.1,5.3,2181000,1712.9
2026-01-15,Jalandhar,Influenza,30,5,80,37.5,38.5,77.7,0.0,2181000,2410.6
2026-01-16,Jalandhar,Influenza,25,2,121,20.66,30.6,76.5,0.0,2181000,1049.3
2026-01-17,Jalandhar,Influenza,33,6,114,28.95,33.7,79.1,0.7,2181000,903.8
2026-01-18,Jalandhar,Influenza,24,4,54,44.44,31.1,75.4,1.9,2181000,1305.7
2026-01-19,Jalandhar,Influenza,26,5,102,25.49,37.1,73.5,0.4,2181000,1516.8
2026-01-20,Jalandhar,Influenza,29,7,89,32.58,34.5,79.6,2.4,2181000,1966.2
2026-01-21,Jalandhar,Influenza,31,3,82,37.8,34.4,72.4,9.6,2181000,2552.4
2026-01-22,Jalandhar,Influenza,33,4,81,40.74,33.4,76.1,2.3,2181000,1000.1
2026-01-23,Jalandhar,Influenza,21,3,104,20.19,35.2,76.9,4.4,2181000,891.1
2026-01-24,Jalandhar,Influenza,34,3,108,31.48,32.2,83.9,0.0,2181000,766.1
2026-01-25,Jalandhar,Influenza,32,4,92,34.78,33.3,75.8,0.5,2181000,1053.7
2026-01-26,Jalandhar,Influenza,34,7,85,40.0,33.6,90.1,0.0,2181000,864.9
2026-01-27,Jalandhar,Influenza,28,3,127,22.05,37.3,80.8,7.9,2181000,2365.0
2026-01-28,Jalandhar,Influenza,30,7,147,20.41,35.3,69.8,0.9,2181000,1022.5
2026-01-29,Jalandhar,Influenza,20,4,97,20.62,38.3,74.9,1.6,2181000,768.1
2026-01-30,Jalandhar,Influenza,21,3,65,32.31,33.2,72.0,0.4,2181000,1007.2
2026-01-31,Jalandhar,Influenza,34,3,94,36.17,36.5,80.4,9.4,2181000,989.4
2026-02-01,Jalandhar,Influenza,35,6,165,21.21,41.1,76.4,2.5,2181000,859.4
2026-02-02,Jalandhar,Influenza,30,3,131,22.9,34.8,77.1,5.8,2181000,1813.7
2026-02-03,Jalandhar,Influenza,23,4,89,25.84,35.9,82.7,1.9,2181000,1253.5
2026-02-04,Jalandhar,Influenza,29,6,73,39.73,35.1,81.5,0.1,2181000,1111.4
2026-02-05,Jalandhar,Influenza,30,6,110,27.27,33.8,80.1,0.0,2181000,812.9
2026-02-06,Jalandhar,Influenza,37,5,145,25.52,35.6,81.0,3.6,2181000,779.4
2026-02-07,Jalandhar,Influenza,20,2,69,28.99,31.5,73.5,0.0,2181000,1155.5
2026-02-08,Jalandhar,Influenza,31,7,116,26.72,31.4,83.3,5.4,2181000,2440.4
2026-02-09,Jalandhar,Influenza,28,2,131,21.37,33.2,75.6,2.0,2181000,1096.2
2026-02-10,Jalandhar,Influenza,30,7,99,30.3,36.7,80.5,3.7,2181000,754.5
2026-02-11,Jalandhar,Influenza,34,8,106,32.08,34.3,78.8,6.3,2181000,1045.1
2026-02-12,Jalandhar,Influenza,32,5,83,38.55,35.0,74.5,1.4,2181000,2046.9
2026-02-13,Jalandhar,Influenza,30,3,109,27.52,33.3,78.4,1.7,2181000,1038.0
2026-02-14,Jalandhar,Influenza,33,3,124,26.61,35.1,76.3,4.6,2181000,957.0
2026-02-15,Jalandhar,Influenza,34,7,135,25.19,36.0,82.2,7.4,2181000,1433.9
2026-02-16,Jalandhar,Influenza,30,7,121,24.79,36.5,77.4,3.3,2181000,2490.9
2026-02-17,Jalandhar,Influenza,27,3,88,30.68,33.8,82.9,0.0,2181000,1335.4
2026-02-18,Jalandhar,Influenza,26,5,104,25.0,37.1,81.3,0.4,2181000,783.8
2026-02-19,Jalandhar,Influenza,25,3,69,36.23,39.5,81.0,2.9,2181000,1142.5
2026-02-20,Jalandhar,Influenza,40,6,196,20.41,35.9,82.9,6.5,2181000,1073.1
2026-02-21,Jalandhar,Influenza,40,4,179,22.35,33.1,75.4,5.0,2181000,928.5
2026-02-22,Jalandhar,Influenza,28,6,79,35.44,33.6,80.3,5.3,2181000,1903.9
2026-02-23,Jalandhar,Influenza,28,6,59,47.46,30.5,75.8,1.9,2181000,753.1
2026-02-24,Jalandhar,Influenza,26,3,126,20.63,35.5,80.3,0.0,2181000,835.7
2026-02-25,Jalandhar,Influenza,33,5,157,21.02,32.6,81.9,6.5,2181000,1868.3
2026-02-26,Jalandhar,Influenza,35,5,87,40.23,34.1,79.1,5.3,2181000,2455.2
2026-02-27,Jalandhar,Influenza,25,5,88,28.41,34.1,73.5,1.4,2181000,907.1
2026-02-28,Jalandhar,Influenza,29,3,133,21.8,34.2,78.0,0.0,2181000,760.8
2026-03-01,Jalandhar,Influenza,29,7,98,29.59,33.9,76.7,4.6,2181000,1883.3
2026-03-02,Jalandhar,Influenza,32,6,135,23.7,34.7,79.0,4.6,2181000,966.8
2026-03-03,Jalandhar,Influenza,30,6,102,29.41,35.2,84.5,0.0,2181000,1505.7
2026-03-04,Jalandhar,Influenza,32,7,73,43.84,35.4,84.7,0.4,2181000,972.1
2026-03-05,Jalandhar,Influenza,24,5,117,20.51,32.9,85.8,1.0,2181000,2283.8
2026-03-06,Jalandhar,Influenza,25,3,90,27.78,39.0,72.4,3.5,2181000,967.3
2026-03-07,Jalandhar,Influenza,48,11,160,30.0,32.4,82.1,6.0,2181000,788.3
2026-03-08,Jalandhar,Influenza,45,9,215,20.93,33.4,85.4,6.2,2181000,854.2
2026-03-09,Jalandhar,Influenza,49,10,205,23.9,31.9,81.3,2.5,2181000,1527.3
2026-03-10,Jalandhar,Influenza,53,11,211,25.12,33.1,70.7,6.9,2181000,1439.9
2026-03-11,Jalandhar,Influenza,59,10,265,22.26,27.9,84.2,7.2,2181000,2114.4
2026-03-12,Jalandhar,Influenza,72,14,162,44.44,34.0,93.1,0.0,2181000,1058.1
2026-03-13,Jalandhar,Influenza,79,14,179,44.13,35.0,80.7,1.1,2181000,1747.1
2026-03-14,Jalandhar,Influenza,75,17,311,24.12,33.3,77.4,4.3,2181000,2247.7
2026-03-15,Jalandhar,Influenza,113,20,550,20.55,34.6,74.4,5.4,2181000,892.1
2026-03-16,Jalandhar,Influenza,118,17,437,27.0,32.3,84.7,10.9,2181000,1651.5
2026-03-17,Jalandhar,Influenza,113,19,443,25.51,32.3,74.8,5.7,2181000,2124.3
2026-03-18,Jalandhar,Influenza,127,17,455,27.91,33.2,84.2,6.6,2181000,748.7
2026-03-19,Jalandhar,Influenza,135,20,284,47.54,33.3,76.7,2.2,2181000,829.5
2026-03-20,Jalandhar,Influenza,121,25,505,23.96,33.4,84.7,2.9,2181000,776.8
2026-03-21,Jalandhar,Influenza,152,24,715,21.26,34.1,82.3,6.9,2181000,977.1
2026-03-22,Jalandhar,Influenza,92,13,245,37.55,30.9,78.6,5.9,2181000,1112.6
2026-03-23,Jalandhar,Influenza,114,13,339,33.63,33.2,77.0,12.9,2181000,1281.3
2026-03-24,Jalandhar,Influenza,97,13,481,20.17,33.4,82.7,6.5,2181000,753.5
2026-03-25,Jalandhar,Influenza,131,26,638,20.53,35.6,82.1,6.8,2181000,1032.6
2026-03-26,Jalandhar,Influenza,123,16,382,32.2,33.9,81.1,8.5,2181000,1940.3
2026-03-27,Jalandhar,Influenza,118,26,453,26.05,25.6,81.1,3.0,2181000,934.7
2026-03-28,Jalandhar,Influenza,118,27,553,21.34,32.5,69.9,8.4,2181000,742.8
2026-03-29,Jalandhar,Influenza,80,8,205,39.02,30.5,82.7,0.4,2181000,2696.1
2026-03-30,Jalandhar,Influenza,68,15,334,20.36,30.3,87.0,8.2,2181000,985.8
2026-03-31,Jalandhar,Influenza,62,10,308,20.13,27.5,76.8,2.9,2181000,2719.9
2026-04-01,Jalandhar,Influenza,74,12,180,41.11,30.1,75.9,2.3,2181000,1289.8
2026-04-02,Jalandhar,Influenza,54,9,225,24.0,31.2,73.6,5.3,2181000,1267.5
2026-04-03,Jalandhar,Influenza,70,11,295,23.73,29.3,77.0,10.3,2181000,828.8
2026-04-04,Jalandhar,Influenza,45,9,141,31.91,29.5,80.2,2.9,2181000,1998.2
2026-04-05,Jalandhar,Influenza,39,7,186,20.97,31.2,82.9,4.2,2181000,1032.7
2026-04-06,Jalandhar,Influenza,26,4,99,26.26,33.2,79.3,2.3,2181000,907.6
2026-04-07,Jalandhar,Influenza,29,4,125,23.2,31.8,81.3,1.6,2181000,752.7
2026-04-08,Jalandhar,Influenza,23,4,87,26.44,30.3,73.3,1.8,2181000,2654.9
2026-04-09,Jalandhar,Influenza,33,4,121,27.27,31.2,79.9,0.6,2181000,865.0
2026-04-10,Jalandhar,Influenza,31,6,97,31.96,31.1,80.8,3.2,2181000,785.3
2026-04-11,Jalandhar,Influenza,28,4,97,28.87,28.6,72.6,0.0,2181000,812.6
2026-04-12,Jalandhar,Influenza,20,3,84,23.81,25.1,78.6,3.4,2181000,2045.4
2026-04-13,Jalandhar,Influenza,19,4,56,33.93,28.3,70.0,1.2,2181000,1145.4
2026-04-14,Jalandhar,Influenza,32,5,141,22.7,26.6,79.4,6.1,2181000,1632.9
2026-04-15,Jalandhar,Influenza,26,5,98,26.53,29.4,81.1,7.8,2181000,887.7
2026-04-16,Jalandhar,Influenza,23,2,65,35.38,32.1,65.0,6.3,2181000,1046.1
2026-04-17,Jalandhar,Influenza,33,6,115,28.7,31.5,78.1,14.8,2181000,1019.8
2026-04-18,Jalandhar,Influenza,25,4,110,22.73,28.2,79.8,3.9,2181000,1085.2
2026-04-19,Jalandhar,Influenza,21,4,52,40.38,30.2,71.8,7.7,2181000,781.4
2026-04-20,Jalandhar,Influenza,28,4,111,25.23,30.1,80.5,2.9,2181000,1234.0
2026-04-21,Jalandhar,Influenza,23,4,91,25.27,30.1,81.9,5.6,2181000,1911.1
2026-04-22,Jalandhar,Influenza,22,4,86,25.58,26.6,67.1,2.1,2181000,1067.0
2026-04-23,Jalandhar,Influenza,22,5,91,24.18,27.9,74.3,6.5,2181000,730.8
2026-04-24,Jalandhar,Influenza,20,2,80,25.0,25.3,77.3,2.9,2181000,1567.9
2026-04-25,Jalandhar,Influenza,24,3,99,24.24,26.5,79.4,6.4,2181000,886.1
2026-04-26,Jalandhar,Influenza,22,4,75,29.33,27.3,66.0,8.4,2181000,867.3
2026-04-27,Jalandhar,Influenza,29,7,91,31.87,28.7,69.3,3.4,2181000,989.1
2026-04-28,Jalandhar,Influenza,28,4,97,28.87,29.0,77.2,6.8,2181000,2091.2
2026-04-29,Jalandhar,Influenza,22,2,49,44.9,23.6,71.9,1.7,2181000,772.4
2026-04-30,Jalandhar,Influenza,26,6,65,40.0,21.9,76.1,11.3,2181000,1503.9
2026-05-01,Jalandhar,Influenza,23,5,87,26.44,26.3,73.5,5.8,2181000,2498.2
2026-05-02,Jalandhar,Influenza,18,2,86,20.93,26.2,67.8,9.6,2181000,1103.5
2026-05-03,Jalandhar,Influenza,21,2,50,42.0,27.4,73.3,3.3,2181000,1131.4
2026-05-04,Jalandhar,Influenza,23,3,82,28.05,24.4,62.6,1.7,2181000,756.6
2026-05-05,Jalandhar,Influenza,22,2,84,26.19,24.5,70.4,1.4,2181000,2299.8
2026-05-06,Jalandhar,Influenza,23,5,71,32.39,30.2,67.2,3.5,2181000,867.9
2025-11-08,Jalandhar,Malaria,11,2,32,34.38,22.8,50.5,0.0,2181000,892.6
2025-11-09,Jalandhar,Malaria,14,3,42,33.33,27.1,51.9,0.0,2181000,1251.3
2025-11-10,Jalandhar,Malaria,16,3,56,28.57,23.8,49.7,0.0,2181000,837.7
2025-11-11,Jalandhar,Malaria,17,3,58,29.31,24.5,53.4,0.5,2181000,2189.4
2025-11-12,Jalandhar,Malaria,11,1,36,30.56,22.9,55.1,0.0,2181000,2336.5
2025-11-13,Jalandhar,Malaria,14,2,57,24.56,25.3,46.6,0.0,2181000,857.8
2025-11-14,Jalandhar,Malaria,16,2,62,25.81,27.2,47.9,0.0,2181000,984.6
2025-11-15,Jalandhar,Malaria,14,2,38,36.84,25.8,39.4,0.0,2181000,1026.8
2025-11-16,Jalandhar,Malaria,12,2,26,46.15,26.8,47.5,0.0,2181000,1737.4
2025-11-17,Jalandhar,Malaria,19,2,63,30.16,24.2,45.7,0.0,2181000,2632.3
2025-11-18,Jalandhar,Malaria,15,3,72,20.83,27.0,59.6,1.8,2181000,1093.0
2025-11-19,Jalandhar,Malaria,15,1,50,30.0,28.2,55.0,0.0,2181000,2149.4
2025-11-20,Jalandhar,Malaria,15,3,57,26.32,24.0,55.9,0.0,2181000,805.1
2025-11-21,Jalandhar,Malaria,14,3,29,48.28,28.4,52.1,4.1,2181000,1364.4
2025-11-22,Jalandhar,Malaria,15,3,36,41.67,28.3,57.0,0.0,2181000,863.0
2025-11-23,Jalandhar,Malaria,15,2,58,25.86,29.2,50.5,0.0,2181000,1354.7
2025-11-24,Jalandhar,Malaria,14,3,37,37.84,27.6,63.9,0.0,2181000,1695.5
2025-11-25,Jalandhar,Malaria,15,3,39,38.46,30.3,57.6,0.0,2181000,1580.1
2025-11-26,Jalandhar,Malaria,19,2,64,29.69,28.4,56.3,0.0,2181000,1021.6
2025-11-27,Jalandhar,Malaria,12,1,25,48.0,28.5,45.8,0.0,2181000,812.0
2025-11-28,Jalandhar,Malaria,13,2,31,41.94,29.1,49.7,0.0,2181000,2420.3
2025-11-29,Jalandhar,Malaria,14,2,69,20.29,30.5,52.1,0.0,2181000,2268.1
2025-11-30,Jalandhar,Malaria,15,2,69,21.74,27.7,56.7,0.0,2181000,1923.7
2025-12-01,Jalandhar,Malaria,16,3,74,21.62,30.4,63.1,1.1,2181000,1331.2
2025-12-02,Jalandhar,Malaria,12,2,41,29.27,31.0,59.2,0.0,2181000,1608.1
2025-12-03,Jalandhar,Malaria,20,2,47,42.55,30.8,56.7,0.0,2181000,2341.4
2025-12-04,Jalandhar,Malaria,20,2,70,28.57,29.9,65.2,0.0,2181000,1901.4
2025-12-05,Jalandhar,Malaria,14,2,53,26.42,30.7,58.3,0.0,2181000,1778.4
2025-12-06,Jalandhar,Malaria,13,1,56,23.21,30.9,56.9,0.0,2181000,796.7
2025-12-07,Jalandhar,Malaria,15,2,35,42.86,28.9,58.4,0.0,2181000,1408.3
2025-12-08,Jalandhar,Malaria,17,2,55,30.91,32.3,60.2,0.0,2181000,2259.1
2025-12-09,Jalandhar,Malaria,10,2,37,27.03,29.0,67.6,0.0,2181000,850.2
2025-12-10,Jalandhar,Malaria,17,1,80,21.25,32.7,63.5,0.0,2181000,757.2
2025-12-11,Jalandhar,Malaria,12,2,54,22.22,32.3,65.8,0.0,2181000,1484.0
2025-12-12,Jalandhar,Malaria,13,2,26,50.0,30.2,51.8,0.0,2181000,879.7
2025-12-13,Jalandhar,Malaria,19,4,66,28.79,32.1,64.4,0.0,2181000,753.8
2025-12-14,Jalandhar,Malaria,13,1,47,27.66,29.9,60.7,4.1,2181000,846.2
2025-12-15,Jalandhar,Malaria,11,2,33,33.33,32.0,54.6,0.0,2181000,730.0
2025-12-16,Jalandhar,Malaria,17,2,45,37.78,33.6,64.0,0.3,2181000,1164.9
2025-12-17,Jalandhar,Malaria,15,2,71,21.13,30.5,65.2,0.0,2181000,1602.2
2025-12-18,Jalandhar,Malaria,17,2,67,25.37,28.8,64.5,0.0,2181000,1051.5
2025-12-19,Jalandhar,Malaria,18,4,79,22.78,31.2,63.0,1.5,2181000,741.2
2025-12-20,Jalandhar,Malaria,15,2,66,22.73,28.2,59.4,0.0,2181000,1570.9
2025-12-21,Jalandhar,Malaria,17,3,42,40.48,36.0,65.3,0.0,2181000,781.5
2025-12-22,Jalandhar,Malaria,15,2,31,48.39,31.6,67.1,2.8,2181000,772.4
2025-12-23,Jalandhar,Malaria,17,2,61,27.87,29.3,63.5,0.0,2181000,1313.6
2025-12-24,Jalandhar,Malaria,17,3,45,37.78,32.4,62.7,1.5,2181000,1191.3
2025-12-25,Jalandhar,Malaria,13,1,62,20.97,32.7,57.9,0.0,2181000,989.7
2025-12-26,Jalandhar,Malaria,19,3,61,31.15,33.5,61.5,0.0,2181000,954.7
2025-12-27,Jalandhar,Malaria,17,2,73,23.29,31.4,54.3,0.0,2181000,880.6
2025-12-28,Jalandhar,Malaria,20,2,76,26.32,33.8,65.5,0.0,2181000,1597.8
2025-12-29,Jalandhar,Malaria,17,2,66,25.76,34.1,67.3,1.5,2181000,788.3
2025-12-30,Jalandhar,Malaria,18,2,54,33.33,36.3,74.2,1.2,2181000,1302.2
2025-12-31,Jalandhar,Malaria,14,2,49,28.57,32.6,69.5,2.2,2181000,773.9
2026-01-01,Jalandhar,Malaria,14,2,55,25.45,33.8,70.7,0.0,2181000,2333.5
2026-01-02,Jalandhar,Malaria,20,3,41,48.78,30.9,68.2,0.0,2181000,2349.8
2026-01-03,Jalandhar,Malaria,19,2,77,24.68,35.5,72.3,2.7,2181000,1817.7
2026-01-04,Jalandhar,Malaria,19,4,94,20.21,33.8,67.1,0.7,2181000,1989.1
2026-01-05,Jalandhar,Malaria,20,3,82,24.39,33.6,71.4,1.4,2181000,1449.6
2026-01-06,Jalandhar,Malaria,15,2,33,45.45,31.7,66.0,0.0,2181000,1584.9
2026-01-07,Jalandhar,Malaria,12,1,48,25.0,34.5,65.9,0.0,2181000,889.0
2026-01-08,Jalandhar,Malaria,14,1,35,40.0,34.1,67.1,0.0,2181000,2693.9
2026-01-09,Jalandhar,Malaria,13,2,53,24.53,32.5,69.1,4.7,2181000,897.1
2026-01-10,Jalandhar,Malaria,16,3,60,26.67,34.6,71.6,0.0,2181000,1134.6
2026-01-11,Jalandhar,Malaria,19,4,58,32.76,33.9,70.5,0.0,2181000,1969.0
2026-01-12,Jalandhar,Malaria,23,4,47,48.94,33.7,58.7,0.7,2181000,1606.1
2026-01-13,Jalandhar,Malaria,17,2,47,36.17,35.3,70.1,0.0,2181000,738.8
2026-01-14,Jalandhar,Malaria,21,4,81,25.93,35.1,72.9,1.4,2181000,962.6
2026-01-15,Jalandhar,Malaria,18,3,82,21.95,33.0,64.5,0.0,2181000,1158.1
2026-01-16,Jalandhar,Malaria,21,5,104,20.19,31.5,73.7,0.0,2181000,774.7
2026-01-17,Jalandhar,Malaria,20,3,46,43.48,33.8,69.6,1.3,2181000,824.0
2026-01-18,Jalandhar,Malaria,19,2,49,38.78,35.0,65.9,0.0,2181000,1698.6
2026-01-19,Jalandhar,Malaria,19,2,81,23.46,34.9,75.3,3.5,2181000,738.7
2026-01-20,Jalandhar,Malaria,18,2,50,36.0,33.1,82.0,2.7,2181000,772.7
2026-01-21,Jalandhar,Malaria,15,2,72,20.83,34.5,77.1,0.0,2181000,1930.8
2026-01-22,Jalandhar,Malaria,16,2,70,22.86,36.3,73.2,4.9,2181000,737.3
2026-01-23,Jalandhar,Malaria,10,1,29,34.48,36.8,72.5,0.0,2181000,1158.0
2026-01-24,Jalandhar,Malaria,18,3,53,33.96,36.0,69.9,4.3,2181000,1140.2
2026-01-25,Jalandhar,Malaria,20,4,61,32.79,33.2,77.8,1.3,2181000,811.3
2026-01-26,Jalandhar,Malaria,11,1,42,26.19,38.4,80.3,3.0,2181000,844.2
2026-01-27,Jalandhar,Malaria,20,3,48,41.67,37.5,77.2,0.0,2181000,2444.4
2026-01-28,Jalandhar,Malaria,21,4,76,27.63,33.3,73.7,1.7,2181000,923.2
2026-01-29,Jalandhar,Malaria,17,4,49,34.69,33.2,73.6,1.7,2181000,1771.6
2026-01-30,Jalandhar,Malaria,20,2,80,25.0,33.6,84.4,4.4,2181000,986.9
2026-01-31,Jalandhar,Malaria,16,2,52,30.77,37.5,67.2,7.4,2181000,838.9
2026-02-01,Jalandhar,Malaria,18,3,63,28.57,36.3,80.4,2.4,2181000,1832.2
2026-02-02,Jalandhar,Malaria,15,1,62,24.19,31.4,86.0,1.9,2181000,741.3
2026-02-03,Jalandhar,Malaria,17,4,40,42.5,39.4,74.1,0.0,2181000,2085.9
2026-02-04,Jalandhar,Malaria,16,3,49,32.65,39.1,74.2,0.0,2181000,1776.8
2026-02-05,Jalandhar,Malaria,18,3,48,37.5,32.5,74.1,8.6,2181000,1868.4
2026-02-06,Jalandhar,Malaria,17,2,44,38.64,35.5,71.7,0.1,2181000,949.8
2026-02-07,Jalandhar,Malaria,16,3,79,20.25,33.0,75.5,0.0,2181000,2547.7
2026-02-08,Jalandhar,Malaria,20,4,66,30.3,32.8,82.0,1.6,2181000,1798.4
2026-02-09,Jalandhar,Malaria,17,2,56,30.36,36.2,81.4,1.2,2181000,751.1
2026-02-10,Jalandhar,Malaria,15,3,51,29.41,36.6,80.5,5.6,2181000,1249.3
2026-02-11,Jalandhar,Malaria,18,2,61,29.51,35.9,86.6,2.8,2181000,1655.5
2026-02-12,Jalandhar,Malaria,17,3,73,23.29,32.9,79.0,2.0,2181000,1701.3
2026-02-13,Jalandhar,Malaria,20,4,97,20.62,35.1,74.8,0.0,2181000,1979.9
2026-02-14,Jalandhar,Malaria,17,3,45,37.78,33.5,78.5,6.7,2181000,2455.4
2026-02-15,Jalandhar,Malaria,12,2,26,46.15,32.7,79.3,3.5,2181000,960.4
2026-02-16,Jalandhar,Malaria,19,2,42,45.24,37.6,79.8,0.0,2181000,1103.7
2026-02-17,Jalandhar,Malaria,20,3,59,33.9,34.9,83.8,0.6,2181000,2096.3
2026-02-18,Jalandhar,Malaria,15,3,44,34.09,37.8,76.6,8.2,2181000,853.8
2026-02-19,Jalandhar,Malaria,16,3,74,21.62,32.4,75.0,1.4,2181000,1668.2
2026-02-20,Jalandhar,Malaria,22,4,93,23.66,34.3,76.3,0.0,2181000,1284.0
2026-02-21,Jalandhar,Malaria,42,6,201,20.9,35.3,76.9,6.2,2181000,2052.0
2026-02-22,Jalandhar,Malaria,41,4,123,33.33,35.9,84.6,0.0,2181000,1203.6
2026-02-23,Jalandhar,Malaria,34,6,118,28.81,36.8,86.2,2.9,2181000,776.7
2026-02-24,Jalandhar,Malaria,53,10,130,40.77,33.7,80.0,4.6,2181000,2346.2
2026-02-25,Jalandhar,Malaria,55,8,263,20.91,38.3,85.0,3.5,2181000,1700.9
2026-02-26,Jalandhar,Malaria,71,8,282,25.18,34.8,88.3,3.8,2181000,1066.9
2026-02-27,Jalandhar,Malaria,84,20,303,27.72,33.0,84.2,0.0,2181000,935.4
2026-02-28,Jalandhar,Malaria,120,18,475,25.26,32.6,74.3,5.9,2181000,1880.4
2026-03-01,Jalandhar,Malaria,82,9,374,21.93,38.2,84.0,1.0,2181000,1036.9
2026-03-02,Jalandhar,Malaria,106,22,436,24.31,37.3,78.2,2.6,2181000,1011.9
2026-03-03,Jalandhar,Malaria,124,25,373,33.24,33.5,82.3,1.4,2181000,855.7
2026-03-04,Jalandhar,Malaria,138,21,311,44.37,34.4,73.7,1.3,2181000,1196.8
2026-03-05,Jalandhar,Malaria,159,31,754,21.09,33.1,83.6,2.1,2181000,1441.8
2026-03-06,Jalandhar,Malaria,148,15,308,48.05,34.0,84.7,6.2,2181000,1029.0
2026-03-07,Jalandhar,Malaria,166,24,677,24.52,35.2,83.8,4.9,2181000,810.2
2026-03-08,Jalandhar,Malaria,140,33,687,20.38,34.6,79.5,1.6,2181000,1527.9
2026-03-09,Jalandhar,Malaria,191,37,819,23.32,34.5,77.3,4.8,2181000,1918.6
2026-03-10,Jalandhar,Malaria,234,39,961,24.35,33.5,81.2,2.7,2181000,729.9
2026-03-11,Jalandhar,Malaria,165,19,666,24.77,35.8,83.0,2.3,2181000,728.3
2026-03-12,Jalandhar,Malaria,135,14,431,31.32,31.0,84.2,4.8,2181000,962.6
2026-03-13,Jalandhar,Malaria,156,33,714,21.85,33.2,82.3,6.1,2181000,1714.1
2026-03-14,Jalandhar,Malaria,140,18,490,28.57,33.8,79.7,5.9,2181000,851.6
2026-03-15,Jalandhar,Malaria,150,24,634,23.66,36.0,79.6,1.1,2181000,818.2
2026-03-16,Jalandhar,Malaria,155,30,688,22.53,37.7,75.0,5.7,2181000,1055.2
2026-03-17,Jalandhar,Malaria,129,28,639,20.19,34.3,79.1,5.9,2181000,1536.2
2026-03-18,Jalandhar,Malaria,97,19,273,35.53,34.1,78.3,5.5,2181000,761.4
2026-03-19,Jalandhar,Malaria,110,15,461,23.86,32.0,80.4,3.9,2181000,2190.5
2026-03-20,Jalandhar,Malaria,111,27,303,36.63,34.0,78.4,0.0,2181000,781.4
2026-03-21,Jalandhar,Malaria,116,25,522,22.22,34.4,84.0,4.9,2181000,1369.1
2026-03-22,Jalandhar,Malaria,84,16,317,26.5,34.2,78.4,8.1,2181000,2512.2
2026-03-23,Jalandhar,Malaria,87,18,345,25.22,32.3,70.4,10.2,2181000,817.8
2026-03-24,Jalandhar,Malaria,58,8,182,31.87,34.1,72.5,4.7,2181000,1380.2
2026-03-25,Jalandhar,Malaria,71,10,161,44.1,31.9,75.7,5.9,2181000,1710.7
2026-03-26,Jalandhar,Malaria,43,8,176,24.43,30.5,83.7,3.6,2181000,1320.1
2026-03-27,Jalandhar,Malaria,56,11,224,25.0,25.6,78.4,9.5,2181000,1547.9
2026-03-28,Jalandhar,Malaria,39,9,141,27.66,31.2,70.7,3.6,2181000,1479.5
2026-03-29,Jalandhar,Malaria,10,1,45,22.22,31.2,79.3,0.0,2181000,854.3
2026-03-30,Jalandhar,Malaria,11,1,32,34.38,30.6,73.7,3.0,2181000,892.4
2026-03-31,Jalandhar,Malaria,21,2,46,45.65,31.5,87.0,5.4,2181000,1326.5
2026-04-01,Jalandhar,Malaria,15,2,66,22.73,31.8,79.5,4.7,2181000,819.6
2026-04-02,Jalandhar,Malaria,17,2,65,26.15,32.3,73.7,2.6,2181000,2543.9
2026-04-03,Jalandhar,Malaria,16,2,33,48.48,28.6,76.7,8.6,2181000,2520.7
2026-04-04,Jalandhar,Malaria,17,3,77,22.08,27.5,83.0,1.4,2181000,791.3
2026-04-05,Jalandhar,Malaria,14,1,60,23.33,32.7,71.5,7.8,2181000,1234.0
2026-04-06,Jalandhar,Malaria,15,2,73,20.55,31.3,81.0,7.4,2181000,876.7
2026-04-07,Jalandhar,Malaria,17,2,34,50.0,32.2,73.2,6.3,2181000,1079.5
2026-04-08,Jalandhar,Malaria,14,3,50,28.0,31.7,73.2,10.7,2181000,1417.1
2026-04-09,Jalandhar,Malaria,14,3,69,20.29,28.5,81.6,4.5,2181000,1752.4
2026-04-10,Jalandhar,Malaria,14,2,60,23.33,29.1,72.3,8.6,2181000,891.2
2026-04-11,Jalandhar,Malaria,14,2,38,36.84,32.1,78.3,3.6,2181000,2705.5
2026-04-12,Jalandhar,Malaria,14,2,68,20.59,30.0,80.4,10.1,2181000,2293.5
2026-04-13,Jalandhar,Malaria,15,3,63,23.81,31.9,79.6,9.8,2181000,1473.0
2026-04-14,Jalandhar,Malaria,14,2,33,42.42,30.9,77.0,10.7,2181000,2347.9
2026-04-15,Jalandhar,Malaria,16,1,75,21.33,29.3,78.7,9.6,2181000,1039.0
2026-04-16,Jalandhar,Malaria,13,2,56,23.21,26.7,71.4,3.2,2181000,753.2
2026-04-17,Jalandhar,Malaria,16,2,33,48.48,28.4,82.0,3.8,2181000,2034.1
2026-04-18,Jalandhar,Malaria,17,2,53,32.08,31.2,74.4,2.8,2181000,795.1
2026-04-19,Jalandhar,Malaria,13,1,29,44.83,28.6,70.9,4.7,2181000,1787.9
2026-04-20,Jalandhar,Malaria,15,1,38,39.47,26.6,70.3,3.4,2181000,802.3
2026-04-21,Jalandhar,Malaria,14,1,48,29.17,30.9,78.7,1.2,2181000,1057.0
2026-04-22,Jalandhar,Malaria,13,3,31,41.94,24.4,65.9,3.4,2181000,744.1
2026-04-23,Jalandhar,Malaria,12,2,37,32.43,21.6,76.0,6.3,2181000,1578.2
2026-04-24,Jalandhar,Malaria,12,2,35,34.29,27.7,70.4,8.2,2181000,959.9
2026-04-25,Jalandhar,Malaria,13,1,33,39.39,29.2,69.2,7.2,2181000,1372.6
2026-04-26,Jalandhar,Malaria,17,2,64,26.56,29.1,74.3,7.4,2181000,856.5
2026-04-27,Jalandhar,Malaria,14,2,40,35.0,26.1,73.6,6.0,2181000,1055.9
2026-04-28,Jalandhar,Malaria,11,1,28,39.29,26.3,73.4,5.3,2181000,872.4
2026-04-29,Jalandhar,Malaria,12,2,48,25.0,22.9,72.3,5.8,2181000,1697.8
2026-04-30,Jalandhar,Malaria,13,2,32,40.62,28.3,73.6,1.1,2181000,1605.7
2026-05-01,Jalandhar,Malaria,14,3,49,28.57,25.9,69.9,2.6,2181000,1041.6
2026-05-02,Jalandhar,Malaria,13,2,52,25.0,29.2,66.5,9.1,2181000,1159.5
2026-05-03,Jalandhar,Malaria,16,2,63,25.4,26.1,79.3,2.8,2181000,1897.3
2026-05-04,Jalandhar,Malaria,17,1,56,30.36,27.7,77.0,11.3,2181000,2202.0
2026-05-05,Jalandhar,Malaria,15,2,38,39.47,27.0,69.7,9.2,2181000,1034.3
2026-05-06,Jalandhar,Malaria,17,1,60,28.33,24.5,72.9,5.1,2181000,1305.6
2025-11-08,Ludhiana,COVID-19,35,8,126,27.78,27.5,53.0,0.0,3695000,1733.8
2025-11-09,Ludhiana,COVID-19,29,3,110,26.36,26.3,44.0,0.0,3695000,1489.8
2025-11-10,Ludhiana,COVID-19,29,4,72,40.28,22.3,51.4,0.0,3695000,3064.3
2025-11-11,Ludhiana,COVID-19,26,4,89,29.21,24.6,44.8,0.0,3695000,2250.1
2025-11-12,Ludhiana,COVID-19,28,3,104,26.92,25.3,52.3,0.0,3695000,1806.6
2025-11-13,Ludhiana,COVID-19,22,4,47,46.81,26.2,56.8,0.0,3695000,1282.5
2025-11-14,Ludhiana,COVID-19,29,4,144,20.14,25.1,56.1,0.0,3695000,1602.7
2025-11-15,Ludhiana,COVID-19,35,5,121,28.93,28.2,41.8,0.0,3695000,2155.8
2025-11-16,Ludhiana,COVID-19,34,5,92,36.96,26.6,55.1,0.0,3695000,3646.4
2025-11-17,Ludhiana,COVID-19,37,6,176,21.02,27.5,50.2,0.0,3695000,3848.9
2025-11-18,Ludhiana,COVID-19,27,6,72,37.5,24.9,46.7,0.0,3695000,2201.3
2025-11-19,Ludhiana,COVID-19,27,4,113,23.89,27.5,53.3,0.0,3695000,2143.2
2025-11-20,Ludhiana,COVID-19,30,3,122,24.59,29.5,55.3,0.0,3695000,3334.9
2025-11-21,Ludhiana,COVID-19,18,4,43,41.86,29.8,43.1,0.0,3695000,1616.4
2025-11-22,Ludhiana,COVID-19,24,4,78,30.77,25.4,53.1,0.5,3695000,2328.0
2025-11-23,Ludhiana,COVID-19,24,4,89,26.97,30.5,64.2,0.0,3695000,2927.3
2025-11-24,Ludhiana,COVID-19,32,6,118,27.12,30.1,52.1,0.0,3695000,1448.0
2025-11-25,Ludhiana,COVID-19,30,4,97,30.93,29.3,62.9,0.0,3695000,1744.2
2025-11-26,Ludhiana,COVID-19,29,4,121,23.97,24.4,56.5,0.0,3695000,4333.4
2025-11-27,Ludhiana,COVID-19,24,2,93,25.81,29.5,56.9,0.0,3695000,1837.2
2025-11-28,Ludhiana,COVID-19,31,3,142,21.83,29.5,44.0,0.0,3695000,1785.3
2025-11-29,Ludhiana,COVID-19,37,7,175,21.14,29.0,61.4,0.0,3695000,1794.8
2025-11-30,Ludhiana,COVID-19,27,3,98,27.55,27.6,53.3,0.0,3695000,1764.9
2025-12-01,Ludhiana,COVID-19,25,3,71,35.21,32.7,51.5,0.0,3695000,2198.5
2025-12-02,Ludhiana,COVID-19,36,6,143,25.17,31.7,63.9,0.0,3695000,1610.8
2025-12-03,Ludhiana,COVID-19,30,4,79,37.97,27.2,63.3,0.0,3695000,3347.3
2025-12-04,Ludhiana,COVID-19,35,7,149,23.49,29.3,64.4,0.0,3695000,2483.7
2025-12-05,Ludhiana,COVID-19,32,7,93,34.41,26.8,56.9,0.0,3695000,1466.2
2025-12-06,Ludhiana,COVID-19,33,3,132,25.0,31.2,64.6,0.0,3695000,1536.7
2025-12-07,Ludhiana,COVID-19,32,5,125,25.6,27.0,61.4,0.0,3695000,1514.7
2025-12-08,Ludhiana,COVID-19,29,6,137,21.17,28.9,52.9,0.0,3695000,2288.6
2025-12-09,Ludhiana,COVID-19,34,8,106,32.08,30.9,61.7,0.0,3695000,2389.5
2025-12-10,Ludhiana,COVID-19,30,4,132,22.73,30.2,57.0,0.0,3695000,1355.4
2025-12-11,Ludhiana,COVID-19,35,4,142,24.65,31.9,58.9,0.0,3695000,1283.4
2025-12-12,Ludhiana,COVID-19,32,5,75,42.67,28.3,67.5,4.5,3695000,2485.6
2025-12-13,Ludhiana,COVID-19,26,5,115,22.61,31.4,63.3,1.5,3695000,1282.7
2025-12-14,Ludhiana,COVID-19,29,6,116,25.0,32.4,59.9,0.0,3695000,2726.8
2025-12-15,Ludhiana,COVID-19,32,5,145,22.07,30.8,62.8,0.0,3695000,2248.3
2025-12-16,Ludhiana,COVID-19,34,7,120,28.33,31.8,61.1,0.0,3695000,1735.2
2025-12-17,Ludhiana,COVID-19,37,4,167,22.16,33.8,62.3,0.0,3695000,1623.3
2025-12-18,Ludhiana,COVID-19,36,4,116,31.03,29.4,70.5,0.0,3695000,1343.6
2025-12-19,Ludhiana,COVID-19,29,6,83,34.94,33.6,71.0,0.0,3695000,1474.4
2025-12-20,Ludhiana,COVID-19,32,7,99,32.32,29.6,62.6,0.0,3695000,2330.0
2025-12-21,Ludhiana,COVID-19,32,5,112,28.57,32.3,53.8,1.6,3695000,3345.7
2025-12-22,Ludhiana,COVID-19,42,6,182,23.08,32.3,62.0,0.0,3695000,3002.7
2025-12-23,Ludhiana,COVID-19,22,3,93,23.66,33.0,70.5,0.0,3695000,1916.2
2025-12-24,Ludhiana,COVID-19,34,8,103,33.01,33.9,57.1,0.0,3695000,4014.5
2025-12-25,Ludhiana,COVID-19,36,4,79,45.57,31.5,59.0,0.0,3695000,1544.2
2025-12-26,Ludhiana,COVID-19,28,4,87,32.18,32.1,69.8,0.0,3695000,1705.2
2025-12-27,Ludhiana,COVID-19,31,4,103,30.1,31.3,68.1,2.8,3695000,1616.2
2025-12-28,Ludhiana,COVID-19,42,10,144,29.17,34.9,66.9,0.0,3695000,1243.6
2025-12-29,Ludhiana,COVID-19,34,7,77,44.16,31.1,71.2,0.0,3695000,1569.7
2025-12-30,Ludhiana,COVID-19,39,8,78,50.0,30.0,64.8,0.0,3695000,2501.4
2025-12-31,Ludhiana,COVID-19,37,6,115,32.17,31.3,63.9,0.0,3695000,1355.0
2026-01-01,Ludhiana,COVID-19,33,8,71,46.48,33.0,72.6,0.0,3695000,2539.8
2026-01-02,Ludhiana,COVID-19,31,3,121,25.62,31.0,62.5,1.0,3695000,3445.3
2026-01-03,Ludhiana,COVID-19,35,8,95,36.84,34.2,66.3,0.0,3695000,1373.0
2026-01-04,Ludhiana,COVID-19,33,7,158,20.89,33.8,67.8,0.0,3695000,1319.5
2026-01-05,Ludhiana,COVID-19,27,4,98,27.55,32.1,64.8,0.0,3695000,3208.2
2026-01-06,Ludhiana,COVID-19,24,5,101,23.76,31.7,72.1,0.0,3695000,1664.3
2026-01-07,Ludhiana,COVID-19,31,5,65,47.69,33.9,63.9,0.0,3695000,2634.1
2026-01-08,Ludhiana,COVID-19,29,7,70,41.43,32.9,69.6,0.0,3695000,1490.1
2026-01-09,Ludhiana,COVID-19,27,3,65,41.54,36.4,67.6,3.8,3695000,1290.3
2026-01-10,Ludhiana,COVID-19,32,4,125,25.6,36.2,73.2,0.0,3695000,2334.0
2026-01-11,Ludhiana,COVID-19,41,4,106,38.68,34.5,65.6,0.0,3695000,2794.0
2026-01-12,Ludhiana,COVID-19,39,6,174,22.41,36.0,64.5,5.3,3695000,2958.4
2026-01-13,Ludhiana,COVID-19,39,7,80,48.75,36.9,70.9,0.0,3695000,1594.0
2026-01-14,Ludhiana,COVID-19,38,6,85,44.71,33.4,71.1,0.0,3695000,3288.1
2026-01-15,Ludhiana,COVID-19,35,5,167,20.96,33.1,70.8,0.0,3695000,3197.1
2026-01-16,Ludhiana,COVID-19,41,7,106,38.68,34.9,80.7,1.2,3695000,3169.8
2026-01-17,Ludhiana,COVID-19,32,4,155,20.65,33.8,75.7,4.8,3695000,1524.7
2026-01-18,Ludhiana,COVID-19,34,7,161,21.12,36.3,74.2,0.0,3695000,2133.0
2026-01-19,Ludhiana,COVID-19,20,3,94,21.28,35.1,72.7,0.0,3695000,1800.9
2026-01-20,Ludhiana,COVID-19,25,5,77,32.47,35.9,76.4,0.0,3695000,1450.9
2026-01-21,Ludhiana,COVID-19,39,8,124,31.45,34.9,76.6,3.5,3695000,4048.1
2026-01-22,Ludhiana,COVID-19,34,5,132,25.76,37.9,69.3,6.1,3695000,3053.4
2026-01-23,Ludhiana,COVID-19,31,6,106,29.25,35.3,82.3,0.0,3695000,2897.4
2026-01-24,Ludhiana,COVID-19,35,6,144,24.31,34.5,77.2,4.3,3695000,2727.4
2026-01-25,Ludhiana,COVID-19,29,6,105,27.62,32.7,74.0,3.8,3695000,3250.0
2026-01-26,Ludhiana,COVID-19,40,9,148,27.03,36.1,82.6,4.3,3695000,2381.4
2026-01-27,Ludhiana,COVID-19,33,6,104,31.73,33.7,76.1,4.7,3695000,2006.5
2026-01-28,Ludhiana,COVID-19,63,8,207,30.43,34.0,80.0,3.4,3695000,3174.1
2026-01-29,Ludhiana,COVID-19,76,10,161,47.2,35.5,84.8,0.0,3695000,2449.4
2026-01-30,Ludhiana,COVID-19,107,25,444,24.1,37.1,76.8,0.0,3695000,1298.1
2026-01-31,Ludhiana,COVID-19,89,16,328,27.13,31.5,77.0,0.9,3695000,1741.9
2026-02-01,Ludhiana,COVID-19,119,24,567,20.99,34.1,70.7,3.1,3695000,1491.8
2026-02-02,Ludhiana,COVID-19,169,32,586,28.84,32.4,78.3,5.5,3695000,1882.3
2026-02-03,Ludhiana,COVID-19,145,18,326,44.48,35.5,66.2,3.9,3695000,2099.7
2026-02-04,Ludhiana,COVID-19,132,20,633,20.85,33.5,86.5,3.6,3695000,1305.7
2026-02-05,Ludhiana,COVID-19,184,43,374,49.2,30.9,77.1,0.0,3695000,1832.7
2026-02-06,Ludhiana,COVID-19,216,29,745,28.99,34.8,85.7,9.6,3695000,2118.5
2026-02-07,Ludhiana,COVID-19,166,35,362,45.86,34.0,80.5,2.6,3695000,1785.9
2026-02-08,Ludhiana,COVID-19,161,17,538,29.93,37.4,76.5,1.1,3695000,1784.4
2026-02-09,Ludhiana,COVID-19,195,30,448,43.53,31.3,81.6,0.7,3695000,1486.0
2026-02-10,Ludhiana,COVID-19,222,43,747,29.72,35.5,82.9,0.0,3695000,1986.1
2026-02-11,Ludhiana,COVID-19,171,18,591,28.93,33.4,82.8,4.4,3695000,1315.8
2026-02-12,Ludhiana,COVID-19,129,29,474,27.22,36.8,89.2,0.6,3695000,1912.1
2026-02-13,Ludhiana,COVID-19,141,28,676,20.86,34.7,80.2,0.8,3695000,1788.1
2026-02-14,Ludhiana,COVID-19,143,33,564,25.35,35.4,73.4,1.5,3695000,1329.9
2026-02-15,Ludhiana,COVID-19,90,21,385,23.38,33.0,80.1,0.1,3695000,1614.9
2026-02-16,Ludhiana,COVID-19,104,13,400,26.0,33.1,75.8,2.7,3695000,4157.6
2026-02-17,Ludhiana,COVID-19,67,8,288,23.26,34.1,68.8,2.1,3695000,2128.3
2026-02-18,Ludhiana,COVID-19,55,12,256,21.48,34.1,79.2,3.1,3695000,3729.5
2026-02-19,Ludhiana,COVID-19,34,4,163,20.86,36.5,79.4,6.8,3695000,1506.2
2026-02-20,Ludhiana,COVID-19,35,4,104,33.65,35.1,81.2,5.1,3695000,1577.9
2026-02-21,Ludhiana,COVID-19,36,5,102,35.29,35.9,76.3,3.1,3695000,2513.8
2026-02-22,Ludhiana,COVID-19,35,4,169,20.71,37.1,76.8,6.7,3695000,2883.8
2026-02-23,Ludhiana,COVID-19,27,4,114,23.68,36.9,75.5,8.3,3695000,2837.2
2026-02-24,Ludhiana,COVID-19,35,5,111,31.53,34.3,77.9,0.0,3695000,3989.2
2026-02-25,Ludhiana,COVID-19,30,5,97,30.93,36.5,80.6,4.7,3695000,1577.4
2026-02-26,Ludhiana,COVID-19,36,5,177,20.34,34.8,66.5,2.9,3695000,2141.3
2026-02-27,Ludhiana,COVID-19,44,9,202,21.78,36.2,79.7,5.7,3695000,2046.9
2026-02-28,Ludhiana,COVID-19,35,6,113,30.97,29.7,77.2,1.6,3695000,1353.0
2026-03-01,Ludhiana,COVID-19,36,8,127,28.35,35.4,77.4,2.0,3695000,2566.1
2026-03-02,Ludhiana,COVID-19,32,3,92,34.78,36.5,79.4,1.2,3695000,1468.5
2026-03-03,Ludhiana,COVID-19,30,7,90,33.33,31.1,79.1,2.6,3695000,1242.5
2026-03-04,Ludhiana,COVID-19,40,8,198,20.2,31.4,79.6,3.8,3695000,4058.7
2026-03-05,Ludhiana,COVID-19,32,3,66,48.48,34.6,77.4,1.6,3695000,1475.7
2026-03-06,Ludhiana,COVID-19,45,4,195,23.08,33.8,74.4,0.3,3695000,4489.0
2026-03-07,Ludhiana,COVID-19,22,3,69,31.88,34.7,81.3,8.1,3695000,1342.5
2026-03-08,Ludhiana,COVID-19,36,8,126,28.57,33.2,83.7,6.3,3695000,2057.1
2026-03-09,Ludhiana,COVID-19,30,4,149,20.13,34.2,74.5,1.4,3695000,4012.3
2026-03-10,Ludhiana,COVID-19,29,5,80,36.25,32.0,80.7,3.8,3695000,2469.6
2026-03-11,Ludhiana,COVID-19,25,5,50,50.0,33.0,77.3,6.8,3695000,1430.2
2026-03-12,Ludhiana,COVID-19,26,5,109,23.85,32.8,80.1,3.4,3695000,1235.8
2026-03-13,Ludhiana,COVID-19,39,4,192,20.31,34.0,70.9,0.0,3695000,1380.1
2026-03-14,Ludhiana,COVID-19,26,5,92,28.26,38.3,79.7,5.3,3695000,1240.5
2026-03-15,Ludhiana,COVID-19,37,5,112,33.04,30.0,86.7,2.7,3695000,2111.5
2026-03-16,Ludhiana,COVID-19,41,6,181,22.65,32.9,87.4,5.7,3695000,2790.3
2026-03-17,Ludhiana,COVID-19,46,7,225,20.44,33.0,72.1,5.1,3695000,1796.6
2026-03-18,Ludhiana,COVID-19,37,5,84,44.05,35.0,80.8,9.6,3695000,2044.4
2026-03-19,Ludhiana,COVID-19,32,7,106,30.19,34.7,78.3,7.0,3695000,2453.2
2026-03-20,Ludhiana,COVID-19,29,3,62,46.77,36.5,81.0,7.5,3695000,2239.6
2026-03-21,Ludhiana,COVID-19,33,4,96,34.38,29.8,74.2,0.0,3695000,1254.8
2026-03-22,Ludhiana,COVID-19,34,4,137,24.82,29.8,68.9,5.7,3695000,1555.7
2026-03-23,Ludhiana,COVID-19,35,6,147,23.81,30.7,80.5,3.4,3695000,2923.0
2026-03-24,Ludhiana,COVID-19,32,7,70,45.71,31.9,85.4,3.5,3695000,2984.6
2026-03-25,Ludhiana,COVID-19,34,4,92,36.96,34.5,71.6,1.7,3695000,2909.9
2026-03-26,Ludhiana,COVID-19,27,4,133,20.3,35.2,75.6,3.1,3695000,1274.0
2026-03-27,Ludhiana,COVID-19,31,4,109,28.44,30.5,82.7,4.3,3695000,1471.5
2026-03-28,Ludhiana,COVID-19,28,4,61,45.9,31.9,79.5,9.1,3695000,1576.7
2026-03-29,Ludhiana,COVID-19,28,6,81,34.57,31.5,78.3,8.6,3695000,1429.1
2026-03-30,Ludhiana,COVID-19,38,9,101,37.62,30.5,69.8,7.7,3695000,1637.1
2026-03-31,Ludhiana,COVID-19,30,5,84,35.71,32.8,79.6,6.4,3695000,2004.1
2026-04-01,Ludhiana,COVID-19,37,7,131,28.24,32.9,69.5,5.5,3695000,4049.0
2026-04-02,Ludhiana,COVID-19,30,5,89,33.71,30.9,70.4,2.1,3695000,2701.3
2026-04-03,Ludhiana,COVID-19,34,7,150,22.67,28.7,77.7,3.2,3695000,1484.5
2026-04-04,Ludhiana,COVID-19,38,7,128,29.69,31.4,73.9,5.8,3695000,1882.2
2026-04-05,Ludhiana,COVID-19,28,4,101,27.72,30.8,76.3,4.6,3695000,3379.0
2026-04-06,Ludhiana,COVID-19,42,4,165,25.45,32.4,81.0,0.0,3695000,1363.7
2026-04-07,Ludhiana,COVID-19,29,4,140,20.71,31.2,83.1,3.8,3695000,1724.4
2026-04-08,Ludhiana,COVID-19,29,4,113,25.66,31.2,81.5,6.0,3695000,2383.7
2026-04-09,Ludhiana,COVID-19,34,8,167,20.36,30.7,76.4,7.3,3695000,3915.8
2026-04-10,Ludhiana,COVID-19,33,6,163,20.25,30.8,82.4,2.4,3695000,1316.8
2026-04-11,Ludhiana,COVID-19,29,5,97,29.9,28.6,76.5,8.2,3695000,4011.0
2026-04-12,Ludhiana,COVID-19,34,4,121,28.1,27.4,64.2,5.6,3695000,3908.7
2026-04-13,Ludhiana,COVID-19,30,6,119,25.21,29.3,77.7,0.0,3695000,1556.6
2026-04-14,Ludhiana,COVID-19,27,2,102,26.47,27.4,70.7,6.0,3695000,1361.8
2026-04-15,Ludhiana,COVID-19,31,6,138,22.46,28.8,81.0,2.6,3695000,2761.1
2026-04-16,Ludhiana,COVID-19,33,6,85,38.82,31.3,74.6,3.9,3695000,3607.9
2026-04-17,Ludhiana,COVID-19,21,2,89,23.6,28.4,81.6,6.7,3695000,1775.3
2026-04-18,Ludhiana,COVID-19,32,3,68,47.06,27.6,73.0,8.4,3695000,1793.6
2026-04-19,Ludhiana,COVID-19,22,3,45,48.89,27.4,80.2,8.2,3695000,1528.4
2026-04-20,Ludhiana,COVID-19,36,4,110,32.73,30.7,84.3,7.4,3695000,3429.4
2026-04-21,Ludhiana,COVID-19,32,3,142,22.54,28.9,70.8,1.4,3695000,1782.2
2026-04-22,Ludhiana,COVID-19,32,3,135,23.7,30.6,77.3,7.4,3695000,1382.9
2026-04-23,Ludhiana,COVID-19,29,3,108,26.85,29.6,67.5,5.4,3695000,3168.1
2026-04-24,Ludhiana,COVID-19,22,5,57,38.6,25.9,76.9,4.7,3695000,3307.0
2026-04-25,Ludhiana,COVID-19,33,4,133,24.81,27.5,82.0,1.1,3695000,1754.4
2026-04-26,Ludhiana,COVID-19,24,5,69,34.78,25.7,79.0,0.0,3695000,2550.7
2026-04-27,Ludhiana,COVID-19,28,3,131,21.37,28.9,63.6,5.7,3695000,3595.6
2026-04-28,Ludhiana,COVID-19,29,5,84,34.52,28.3,74.4,6.7,3695000,3043.0
2026-04-29,Ludhiana,COVID-19,27,3,64,42.19,25.7,71.5,8.8,3695000,1667.8
2026-04-30,Ludhiana,COVID-19,38,7,153,24.84,25.7,77.9,6.1,3695000,1692.5
2026-05-01,Ludhiana,COVID-19,30,7,74,40.54,28.4,71.8,8.3,3695000,1591.4
2026-05-02,Ludhiana,COVID-19,27,6,85,31.76,27.8,68.8,5.2,3695000,1689.2
2026-05-03,Ludhiana,COVID-19,25,6,120,20.83,22.7,62.1,7.8,3695000,3119.4
2026-05-04,Ludhiana,COVID-19,28,3,132,21.21,26.7,74.4,4.2,3695000,1684.9
2026-05-05,Ludhiana,COVID-19,22,2,98,22.45,23.9,75.6,8.8,3695000,2805.5
2026-05-06,Ludhiana,COVID-19,29,2,137,21.17,23.5,79.5,1.8,3695000,2652.2
2025-11-08,Ludhiana,Chikungunya,22,4,52,42.31,25.4,50.5,0.0,3695000,1252.4
2025-11-09,Ludhiana,Chikungunya,18,2,40,45.0,24.0,48.9,0.0,3695000,2379.4
2025-11-10,Ludhiana,Chikungunya,19,4,84,22.62,25.4,51.3,0.0,3695000,2603.5
2025-11-11,Ludhiana,Chikungunya,22,4,73,30.14,25.9,46.1,0.0,3695000,1566.4
2025-11-12,Ludhiana,Chikungunya,16,1,49,32.65,24.1,54.1,0.0,3695000,1869.4
2025-11-13,Ludhiana,Chikungunya,24,5,90,26.67,25.8,52.4,0.0,3695000,1343.4
2025-11-14,Ludhiana,Chikungunya,26,3,59,44.07,29.5,44.6,0.0,3695000,4416.3
2025-11-15,Ludhiana,Chikungunya,18,2,63,28.57,25.5,54.7,0.0,3695000,3192.2
2025-11-16,Ludhiana,Chikungunya,22,2,45,48.89,25.8,57.8,0.0,3695000,1767.5
2025-11-17,Ludhiana,Chikungunya,20,4,66,30.3,28.8,38.7,0.0,3695000,1532.6
2025-11-18,Ludhiana,Chikungunya,22,2,85,25.88,28.1,50.4,0.0,3695000,1407.2
2025-11-19,Ludhiana,Chikungunya,23,3,79,29.11,23.8,50.9,0.0,3695000,2957.5
2025-11-20,Ludhiana,Chikungunya,21,3,77,27.27,24.1,60.5,0.0,3695000,1311.7
2025-11-21,Ludhiana,Chikungunya,26,4,67,38.81,26.8,61.2,0.0,3695000,2029.5
2025-11-22,Ludhiana,Chikungunya,21,3,81,25.93,28.0,53.7,0.0,3695000,1852.6
2025-11-23,Ludhiana,Chikungunya,18,3,78,23.08,26.9,50.2,0.0,3695000,2875.4
2025-11-24,Ludhiana,Chikungunya,22,3,78,28.21,27.1,49.4,0.0,3695000,3750.2
2025-11-25,Ludhiana,Chikungunya,18,2,74,24.32,29.2,47.4,0.0,3695000,1472.7
2025-11-26,Ludhiana,Chikungunya,19,4,60,31.67,30.1,63.7,0.0,3695000,1532.1
2025-11-27,Ludhiana,Chikungunya,18,2,48,37.5,26.1,59.6,0.0,3695000,4381.9
2025-11-28,Ludhiana,Chikungunya,22,2,96,22.92,25.8,50.3,0.0,3695000,1713.9
2025-11-29,Ludhiana,Chikungunya,17,3,75,22.67,28.8,54.6,0.0,3695000,2198.4
2025-11-30,Ludhiana,Chikungunya,27,6,127,21.26,28.5,60.2,0.0,3695000,3723.6
2025-12-01,Ludhiana,Chikungunya,23,3,111,20.72,27.6,60.6,0.0,3695000,4061.8
2025-12-02,Ludhiana,Chikungunya,25,2,122,20.49,29.3,52.0,2.7,3695000,4114.3
2025-12-03,Ludhiana,Chikungunya,24,2,87,27.59,30.6,58.8,0.2,3695000,2040.3
2025-12-04,Ludhiana,Chikungunya,29,6,100,29.0,27.7,58.6,0.0,3695000,3273.9
2025-12-05,Ludhiana,Chikungunya,25,3,122,20.49,27.4,61.3,0.0,3695000,1904.2
2025-12-06,Ludhiana,Chikungunya,20,4,98,20.41,30.0,56.1,0.0,3695000,1940.5
2025-12-07,Ludhiana,Chikungunya,19,3,43,44.19,33.0,58.2,0.0,3695000,2148.8
2025-12-08,Ludhiana,Chikungunya,20,2,77,25.97,31.1,58.1,0.0,3695000,2333.7
2025-12-09,Ludhiana,Chikungunya,25,5,115,21.74,28.8,64.0,0.0,3695000,3424.6
2025-12-10,Ludhiana,Chikungunya,19,2,77,24.68,30.8,65.8,0.0,3695000,1496.2
2025-12-11,Ludhiana,Chikungunya,23,4,73,31.51,30.4,56.2,0.0,3695000,1385.9
2025-12-12,Ludhiana,Chikungunya,23,5,73,31.51,24.0,57.3,1.5,3695000,2409.9
2025-12-13,Ludhiana,Chikungunya,21,3,63,33.33,36.2,60.2,0.1,3695000,3570.0
2025-12-14,Ludhiana,Chikungunya,22,2,65,33.85,29.0,59.5,0.0,3695000,1850.2
2025-12-15,Ludhiana,Chikungunya,23,3,63,36.51,26.8,66.1,0.0,3695000,2766.5
2025-12-16,Ludhiana,Chikungunya,20,2,65,30.77,34.2,61.5,0.1,3695000,1473.9
2025-12-17,Ludhiana,Chikungunya,20,2,91,21.98,32.7,53.5,0.2,3695000,2989.4
2025-12-18,Ludhiana,Chikungunya,27,6,64,42.19,30.7,67.8,0.0,3695000,3097.9
2025-12-19,Ludhiana,Chikungunya,24,5,87,27.59,29.8,63.7,0.0,3695000,2651.7
2025-12-20,Ludhiana,Chikungunya,24,2,48,50.0,33.6,70.5,0.0,3695000,1232.2
2025-12-21,Ludhiana,Chikungunya,24,2,68,35.29,32.9,67.5,0.0,3695000,2270.9
2025-12-22,Ludhiana,Chikungunya,20,4,78,25.64,32.4,72.8,0.0,3695000,1441.1
2025-12-23,Ludhiana,Chikungunya,25,4,86,29.07,27.6,62.5,0.0,3695000,1698.7
2025-12-24,Ludhiana,Chikungunya,24,2,61,39.34,32.3,68.5,0.0,3695000,4240.1
2025-12-25,Ludhiana,Chikungunya,23,2,66,34.85,34.0,70.5,0.0,3695000,2741.6
2025-12-26,Ludhiana,Chikungunya,23,5,49,46.94,29.6,62.5,0.0,3695000,3320.5
2025-12-27,Ludhiana,Chikungunya,29,5,72,40.28,32.8,63.8,8.3,3695000,2992.1
2025-12-28,Ludhiana,Chikungunya,23,5,47,48.94,34.3,58.3,0.0,3695000,1440.0
2025-12-29,Ludhiana,Chikungunya,29,6,139,20.86,31.3,71.9,2.2,3695000,1591.1
2025-12-30,Ludhiana,Chikungunya,26,2,106,24.53,31.9,64.3,0.0,3695000,2192.2
2025-12-31,Ludhiana,Chikungunya,20,3,43,46.51,33.4,70.9,0.0,3695000,1952.6
2026-01-01,Ludhiana,Chikungunya,22,4,54,40.74,32.5,63.2,3.1,3695000,2300.2
2026-01-02,Ludhiana,Chikungunya,28,3,86,32.56,31.1,66.5,1.5,3695000,3577.8
2026-01-03,Ludhiana,Chikungunya,17,4,62,27.42,31.4,70.2,3.7,3695000,3121.0
2026-01-04,Ludhiana,Chikungunya,29,6,135,21.48,35.4,67.1,3.8,3695000,1308.6
2026-01-05,Ludhiana,Chikungunya,28,5,70,40.0,33.6,64.8,2.4,3695000,1446.6
2026-01-06,Ludhiana,Chikungunya,24,3,49,48.98,32.6,70.8,0.0,3695000,2198.5
2026-01-07,Ludhiana,Chikungunya,26,3,61,42.62,37.9,74.3,2.9,3695000,1382.1
2026-01-08,Ludhiana,Chikungunya,19,2,90,21.11,33.7,76.3,3.0,3695000,3912.6
2026-01-09,Ludhiana,Chikungunya,28,4,126,22.22,38.2,76.5,0.0,3695000,3006.8
2026-01-10,Ludhiana,Chikungunya,28,3,103,27.18,34.3,77.0,2.6,3695000,1364.0
2026-01-11,Ludhiana,Chikungunya,24,3,116,20.69,34.9,70.7,0.0,3695000,2457.8
2026-01-12,Ludhiana,Chikungunya,29,6,96,30.21,32.7,70.2,0.0,3695000,1978.5
2026-01-13,Ludhiana,Chikungunya,21,3,75,28.0,33.0,78.2,0.0,3695000,1432.5
2026-01-14,Ludhiana,Chikungunya,28,3,134,20.9,34.9,60.8,0.0,3695000,1544.9
2026-01-15,Ludhiana,Chikungunya,24,4,87,27.59,37.9,77.0,0.9,3695000,2322.8
2026-01-16,Ludhiana,Chikungunya,25,2,103,24.27,34.0,75.3,0.0,3695000,1862.6
2026-01-17,Ludhiana,Chikungunya,27,3,91,29.67,31.1,73.0,0.0,3695000,2584.2
2026-01-18,Ludhiana,Chikungunya,27,4,59,45.76,35.9,66.6,4.1,3695000,2635.4
2026-01-19,Ludhiana,Chikungunya,25,4,119,21.01,34.6,74.7,0.0,3695000,1260.9
2026-01-20,Ludhiana,Chikungunya,27,2,91,29.67,30.3,83.7,1.6,3695000,2781.3
2026-01-21,Ludhiana,Chikungunya,29,3,101,28.71,29.6,65.4,0.0,3695000,1406.8
2026-01-22,Ludhiana,Chikungunya,27,6,126,21.43,32.1,80.3,3.5,3695000,1742.0
2026-01-23,Ludhiana,Chikungunya,19,3,69,27.54,33.7,74.4,0.6,3695000,1518.2
2026-01-24,Ludhiana,Chikungunya,22,4,89,24.72,35.7,66.0,0.9,3695000,1240.2
2026-01-25,Ludhiana,Chikungunya,18,4,72,25.0,34.7,65.7,0.0,3695000,1347.9
2026-01-26,Ludhiana,Chikungunya,21,3,101,20.79,35.5,73.6,0.0,3695000,4082.3
2026-01-27,Ludhiana,Chikungunya,24,3,75,32.0,36.7,73.2,0.0,3695000,1313.1
2026-01-28,Ludhiana,Chikungunya,27,2,75,36.0,34.9,83.4,1.7,3695000,2100.2
2026-01-29,Ludhiana,Chikungunya,28,6,130,21.54,33.3,80.1,6.6,3695000,1911.1
2026-01-30,Ludhiana,Chikungunya,26,3,93,27.96,35.6,83.2,0.0,3695000,2655.4
2026-01-31,Ludhiana,Chikungunya,26,4,56,46.43,35.1,73.9,3.5,3695000,1834.9
2026-02-01,Ludhiana,Chikungunya,32,3,97,32.99,31.3,72.7,0.0,3695000,2670.8
2026-02-02,Ludhiana,Chikungunya,23,2,83,27.71,35.6,77.1,4.6,3695000,3868.3
2026-02-03,Ludhiana,Chikungunya,26,5,124,20.97,37.0,79.1,3.0,3695000,1906.9
2026-02-04,Ludhiana,Chikungunya,22,3,85,25.88,35.1,71.7,3.1,3695000,4494.6
2026-02-05,Ludhiana,Chikungunya,28,4,116,24.14,34.9,70.0,2.0,3695000,1736.1
2026-02-06,Ludhiana,Chikungunya,22,2,58,37.93,33.5,68.9,1.5,3695000,1468.0
2026-02-07,Ludhiana,Chikungunya,26,5,105,24.76,34.5,77.3,3.0,3695000,4037.7
2026-02-08,Ludhiana,Chikungunya,31,4,140,22.14,36.0,79.6,2.7,3695000,1539.7
2026-02-09,Ludhiana,Chikungunya,28,3,139,20.14,33.6,74.4,1.0,3695000,4323.7
2026-02-10,Ludhiana,Chikungunya,30,7,143,20.98,34.1,83.1,3.3,3695000,4506.0
2026-02-11,Ludhiana,Chikungunya,27,4,103,26.21,34.7,76.9,5.1,3695000,3041.9
2026-02-12,Ludhiana,Chikungunya,22,3,53,41.51,34.9,69.4,3.3,3695000,2084.6
2026-02-13,Ludhiana,Chikungunya,26,5,107,24.3,35.5,67.9,2.7,3695000,2301.0
2026-02-14,Ludhiana,Chikungunya,26,3,106,24.53,32.9,75.7,0.0,3695000,1818.2
2026-02-15,Ludhiana,Chikungunya,26,2,120,21.67,32.3,69.3,2.7,3695000,3804.0
2026-02-16,Ludhiana,Chikungunya,20,3,92,21.74,35.8,79.8,0.8,3695000,1286.5
2026-02-17,Ludhiana,Chikungunya,32,5,68,47.06,34.1,79.9,0.5,3695000,3027.9
2026-02-18,Ludhiana,Chikungunya,19,4,80,23.75,34.4,86.1,0.6,3695000,2641.0
2026-02-19,Ludhiana,Chikungunya,28,5,106,26.42,34.1,76.5,3.8,3695000,2301.8
2026-02-20,Ludhiana,Chikungunya,26,3,119,21.85,35.0,86.1,5.6,3695000,1489.3
2026-02-21,Ludhiana,Chikungunya,21,3,87,24.14,35.3,76.7,2.0,3695000,3522.0
2026-02-22,Ludhiana,Chikungunya,26,3,115,22.61,33.9,66.6,7.5,3695000,1589.7
2026-02-23,Ludhiana,Chikungunya,24,4,85,28.24,38.2,81.9,0.5,3695000,1674.5
2026-02-24,Ludhiana,Chikungunya,26,4,110,23.64,35.9,78.1,1.3,3695000,1450.7
2026-02-25,Ludhiana,Chikungunya,19,4,89,21.35,36.5,79.5,1.9,3695000,1600.6
2026-02-26,Ludhiana,Chikungunya,23,3,63,36.51,33.7,83.7,2.2,3695000,2454.7
2026-02-27,Ludhiana,Chikungunya,33,5,139,23.74,33.6,76.0,0.0,3695000,1336.0
2026-02-28,Ludhiana,Chikungunya,27,3,81,33.33,32.8,85.6,1.9,3695000,1433.9
2026-03-01,Ludhiana,Chikungunya,35,6,94,37.23,31.6,83.4,7.8,3695000,1367.7
2026-03-02,Ludhiana,Chikungunya,17,1,74,22.97,36.5,74.4,5.8,3695000,2888.7
2026-03-03,Ludhiana,Chikungunya,27,5,82,32.93,36.2,82.9,8.9,3695000,1432.5
2026-03-04,Ludhiana,Chikungunya,58,8,195,29.74,35.3,71.3,2.0,3695000,1421.4
2026-03-05,Ludhiana,Chikungunya,58,6,156,37.18,34.2,83.7,6.2,3695000,1566.0
2026-03-06,Ludhiana,Chikungunya,64,10,172,37.21,34.5,81.3,1.7,3695000,2564.8
2026-03-07,Ludhiana,Chikungunya,80,12,181,44.2,33.3,86.2,1.8,3695000,1267.4
2026-03-08,Ludhiana,Chikungunya,85,15,410,20.73,33.4,86.9,1.3,3695000,4570.6
2026-03-09,Ludhiana,Chikungunya,106,21,235,45.11,35.9,81.1,4.9,3695000,1238.2
2026-03-10,Ludhiana,Chikungunya,132,14,264,50.0,30.4,76.5,0.0,3695000,2065.3
2026-03-11,Ludhiana,Chikungunya,128,15,365,35.07,34.1,86.0,2.1,3695000,1452.3
2026-03-12,Ludhiana,Chikungunya,147,33,574,25.61,34.3,78.5,2.2,3695000,3178.7
2026-03-13,Ludhiana,Chikungunya,211,52,456,46.27,30.0,77.2,3.5,3695000,2337.1
2026-03-14,Ludhiana,Chikungunya,155,35,746,20.78,34.5,62.0,7.9,3695000,1437.1
2026-03-15,Ludhiana,Chikungunya,213,34,628,33.92,33.5,85.7,3.0,3695000,2021.1
2026-03-16,Ludhiana,Chikungunya,193,22,513,37.62,31.8,78.4,2.5,3695000,2028.5
2026-03-17,Ludhiana,Chikungunya,238,35,701,33.95,35.7,78.3,3.2,3695000,1476.4
2026-03-18,Ludhiana,Chikungunya,173,41,792,21.84,32.6,87.0,3.6,3695000,1564.7
2026-03-19,Ludhiana,Chikungunya,164,21,433,37.88,37.9,68.5,6.5,3695000,1615.4
2026-03-20,Ludhiana,Chikungunya,145,34,683,21.23,34.0,78.9,4.8,3695000,3228.9
2026-03-21,Ludhiana,Chikungunya,103,19,228,45.18,35.2,72.0,0.8,3695000,2844.8
2026-03-22,Ludhiana,Chikungunya,133,25,294,45.24,34.6,72.1,6.2,3695000,1319.7
2026-03-23,Ludhiana,Chikungunya,114,21,555,20.54,28.5,81.0,1.2,3695000,1937.8
2026-03-24,Ludhiana,Chikungunya,99,16,255,38.82,32.6,75.7,7.6,3695000,3027.6
2026-03-25,Ludhiana,Chikungunya,99,14,336,29.46,30.5,83.7,2.7,3695000,1285.2
2026-03-26,Ludhiana,Chikungunya,86,20,411,20.92,30.0,77.2,0.0,3695000,2247.8
2026-03-27,Ludhiana,Chikungunya,47,6,122,38.52,33.7,79.0,2.6,3695000,4184.0
2026-03-28,Ludhiana,Chikungunya,57,9,185,30.81,29.1,82.9,6.2,3695000,1252.0
2026-03-29,Ludhiana,Chikungunya,42,6,198,21.21,30.3,75.7,2.4,3695000,1715.6
2026-03-30,Ludhiana,Chikungunya,27,2,86,31.4,32.8,78.0,10.9,3695000,1658.3
2026-03-31,Ludhiana,Chikungunya,22,3,52,42.31,33.2,85.6,3.1,3695000,1280.9
2026-04-01,Ludhiana,Chikungunya,29,4,128,22.66,27.2,77.1,4.9,3695000,1364.6
2026-04-02,Ludhiana,Chikungunya,24,2,64,37.5,30.4,79.0,9.5,3695000,1347.8
2026-04-03,Ludhiana,Chikungunya,16,3,65,24.62,25.6,71.8,6.8,3695000,1272.8
2026-04-04,Ludhiana,Chikungunya,24,3,57,42.11,26.0,81.8,5.4,3695000,1392.4
2026-04-05,Ludhiana,Chikungunya,22,4,48,45.83,33.4,71.9,0.8,3695000,2161.6
2026-04-06,Ludhiana,Chikungunya,25,5,52,48.08,26.1,85.8,7.1,3695000,3011.2
2026-04-07,Ludhiana,Chikungunya,24,3,78,30.77,31.8,77.9,5.9,3695000,2013.0
2026-04-08,Ludhiana,Chikungunya,25,5,118,21.19,29.7,76.7,5.4,3695000,2368.0
2026-04-09,Ludhiana,Chikungunya,21,4,64,32.81,29.2,77.8,6.3,3695000,2268.3
2026-04-10,Ludhiana,Chikungunya,20,2,51,39.22,28.4,73.8,7.3,3695000,1935.2
2026-04-11,Ludhiana,Chikungunya,20,4,73,27.4,28.9,79.6,4.3,3695000,1422.8
2026-04-12,Ludhiana,Chikungunya,21,4,59,35.59,29.2,89.2,1.8,3695000,1769.0
2026-04-13,Ludhiana,Chikungunya,25,4,90,27.78,26.7,87.2,3.5,3695000,1635.0
2026-04-14,Ludhiana,Chikungunya,23,5,72,31.94,28.3,83.0,2.1,3695000,1536.4
2026-04-15,Ludhiana,Chikungunya,22,3,76,28.95,31.2,75.9,7.3,3695000,3474.6
2026-04-16,Ludhiana,Chikungunya,24,4,104,23.08,27.7,79.7,5.1,3695000,3395.4
2026-04-17,Ludhiana,Chikungunya,22,2,68,32.35,27.9,76.2,1.3,3695000,2109.8
2026-04-18,Ludhiana,Chikungunya,22,4,86,25.58,27.3,76.5,0.9,3695000,1824.9
2026-04-19,Ludhiana,Chikungunya,27,4,106,25.47,26.8,81.4,3.8,3695000,4396.8
2026-04-20,Ludhiana,Chikungunya,21,2,100,21.0,30.7,82.8,3.2,3695000,1595.1
2026-04-21,Ludhiana,Chikungunya,22,2,59,37.29,27.5,70.4,8.4,3695000,1340.0
2026-04-22,Ludhiana,Chikungunya,21,2,57,36.84,28.2,76.9,4.3,3695000,1348.9
2026-04-23,Ludhiana,Chikungunya,24,3,85,28.24,31.0,71.3,4.3,3695000,1320.7
2026-04-24,Ludhiana,Chikungunya,21,3,72,29.17,29.0,82.9,7.9,3695000,3869.1
2026-04-25,Ludhiana,Chikungunya,22,3,88,25.0,25.6,67.9,4.5,3695000,3194.1
2026-04-26,Ludhiana,Chikungunya,24,4,57,42.11,30.7,73.1,5.8,3695000,1282.7
2026-04-27,Ludhiana,Chikungunya,20,4,85,23.53,27.8,71.0,5.4,3695000,2882.4
2026-04-28,Ludhiana,Chikungunya,21,5,98,21.43,31.1,68.1,3.7,3695000,2649.2
2026-04-29,Ludhiana,Chikungunya,19,3,79,24.05,26.9,79.4,0.0,3695000,2168.4
2026-04-30,Ludhiana,Chikungunya,21,4,70,30.0,29.5,77.3,4.1,3695000,2682.8
2026-05-01,Ludhiana,Chikungunya,23,4,52,44.23,26.2,64.2,3.8,3695000,2000.2
2026-05-02,Ludhiana,Chikungunya,16,3,69,23.19,26.3,64.6,3.1,3695000,2838.3
2026-05-03,Ludhiana,Chikungunya,13,2,47,27.66,26.4,75.5,4.7,3695000,1975.8
2026-05-04,Ludhiana,Chikungunya,24,2,103,23.3,23.3,71.6,5.1,3695000,1295.9
2026-05-05,Ludhiana,Chikungunya,17,1,81,20.99,25.5,73.7,4.6,3695000,3069.3
2026-05-06,Ludhiana,Chikungunya,18,3,45,40.0,24.5,63.4,8.2,3695000,2662.4
2025-11-08,Ludhiana,Dengue,10,1,30,33.33,25.9,57.0,0.0,3695000,3316.0
2025-11-09,Ludhiana,Dengue,11,1,54,20.37,24.2,51.2,0.0,3695000,1711.9
2025-11-10,Ludhiana,Dengue,10,2,26,38.46,25.4,48.6,0.0,3695000,3697.5
2025-11-11,Ludhiana,Dengue,11,2,44,25.0,22.6,58.5,0.0,3695000,2063.0
2025-11-12,Ludhiana,Dengue,9,1,40,22.5,21.6,56.9,0.0,3695000,3127.6
2025-11-13,Ludhiana,Dengue,13,1,48,27.08,23.5,49.6,0.0,3695000,4252.6
2025-11-14,Ludhiana,Dengue,11,2,32,34.38,25.7,58.0,0.0,3695000,1798.1
2025-11-15,Ludhiana,Dengue,12,2,45,26.67,27.3,52.4,0.0,3695000,1263.9
2025-11-16,Ludhiana,Dengue,10,1,32,31.25,23.4,56.2,0.0,3695000,2214.2
2025-11-17,Ludhiana,Dengue,13,3,51,25.49,27.8,48.4,0.0,3695000,1313.6
2025-11-18,Ludhiana,Dengue,10,2,39,25.64,26.4,59.1,0.0,3695000,1758.8
2025-11-19,Ludhiana,Dengue,11,2,45,24.44,27.8,45.2,0.0,3695000,2801.0
2025-11-20,Ludhiana,Dengue,11,2,37,29.73,25.8,55.6,0.0,3695000,1812.0
2025-11-21,Ludhiana,Dengue,15,1,72,20.83,25.7,56.4,0.0,3695000,1745.0
2025-11-22,Ludhiana,Dengue,13,1,43,30.23,28.8,56.4,0.0,3695000,2885.4
2025-11-23,Ludhiana,Dengue,11,1,51,21.57,29.5,53.8,0.0,3695000,2641.8
2025-11-24,Ludhiana,Dengue,9,1,36,25.0,25.0,50.1,0.0,3695000,2653.1
2025-11-25,Ludhiana,Dengue,9,1,19,47.37,26.6,53.0,0.0,3695000,2719.7
2025-11-26,Ludhiana,Dengue,12,2,33,36.36,29.7,50.6,0.0,3695000,1253.2
2025-11-27,Ludhiana,Dengue,9,1,32,28.12,27.3,55.8,0.5,3695000,2069.9
2025-11-28,Ludhiana,Dengue,10,1,44,22.73,32.7,62.7,0.0,3695000,2014.0
2025-11-29,Ludhiana,Dengue,13,1,45,28.89,28.4,58.0,0.0,3695000,1585.3
2025-11-30,Ludhiana,Dengue,10,2,30,33.33,27.9,61.5,0.0,3695000,3652.7
2025-12-01,Ludhiana,Dengue,12,2,50,24.0,28.6,60.7,0.8,3695000,2932.6
2025-12-02,Ludhiana,Dengue,11,2,39,28.21,32.8,59.9,0.0,3695000,2689.6
2025-12-03,Ludhiana,Dengue,10,2,45,22.22,31.2,59.0,0.0,3695000,1376.7
2025-12-04,Ludhiana,Dengue,14,2,43,32.56,31.2,57.5,0.0,3695000,1288.2
2025-12-05,Ludhiana,Dengue,12,1,24,50.0,29.2,49.3,0.0,3695000,1958.6
2025-12-06,Ludhiana,Dengue,14,2,50,28.0,28.7,53.7,0.0,3695000,1925.1
2025-12-07,Ludhiana,Dengue,12,2,56,21.43,27.2,63.3,0.0,3695000,2104.6
2025-12-08,Ludhiana,Dengue,13,1,45,28.89,32.5,53.3,0.1,3695000,1795.1
2025-12-09,Ludhiana,Dengue,12,2,58,20.69,30.1,61.3,0.0,3695000,2418.7
2025-12-10,Ludhiana,Dengue,11,1,38,28.95,34.5,68.4,0.0,3695000,2281.0
2025-12-11,Ludhiana,Dengue,10,1,27,37.04,32.6,59.4,0.0,3695000,2548.9
2025-12-12,Ludhiana,Dengue,11,2,31,35.48,32.3,59.1,0.0,3695000,2143.9
2025-12-13,Ludhiana,Dengue,13,1,41,31.71,32.0,54.5,0.0,3695000,4052.9
2025-12-14,Ludhiana,Dengue,15,1,74,20.27,27.7,72.1,0.0,3695000,1396.6
2025-12-15,Ludhiana,Dengue,13,2,36,36.11,30.1,65.4,0.0,3695000,1263.9
2025-12-16,Ludhiana,Dengue,10,2,24,41.67,33.5,62.0,0.0,3695000,3383.6
2025-12-17,Ludhiana,Dengue,12,1,30,40.0,31.0,60.7,3.0,3695000,3778.4
2025-12-18,Ludhiana,Dengue,12,1,30,40.0,34.9,60.0,0.0,3695000,1293.7
2025-12-19,Ludhiana,Dengue,16,3,34,47.06,32.0,75.0,0.0,3695000,1806.6
2025-12-20,Ludhiana,Dengue,11,2,27,40.74,30.3,62.8,0.0,3695000,4410.6
2025-12-21,Ludhiana,Dengue,9,1,19,47.37,33.1,67.4,0.0,3695000,1279.4
2025-12-22,Ludhiana,Dengue,13,2,50,26.0,31.2,67.4,8.2,3695000,1284.5
2025-12-23,Ludhiana,Dengue,16,1,70,22.86,34.3,67.8,1.0,3695000,1418.2
2025-12-24,Ludhiana,Dengue,14,1,37,37.84,34.4,67.7,0.0,3695000,2266.9
2025-12-25,Ludhiana,Dengue,10,1,40,25.0,32.5,63.6,2.6,3695000,2384.8
2025-12-26,Ludhiana,Dengue,16,3,33,48.48,32.3,57.5,0.0,3695000,2148.9
2025-12-27,Ludhiana,Dengue,9,1,37,24.32,32.6,68.9,4.1,3695000,3418.4
2025-12-28,Ludhiana,Dengue,15,2,60,25.0,33.6,59.1,0.0,3695000,1522.0
2025-12-29,Ludhiana,Dengue,20,3,57,35.09,31.4,60.4,0.0,3695000,3622.7
2025-12-30,Ludhiana,Dengue,14,2,48,29.17,32.0,72.3,0.0,3695000,3758.0
2025-12-31,Ludhiana,Dengue,14,3,60,23.33,33.3,63.7,0.0,3695000,3520.3
2026-01-01,Ludhiana,Dengue,14,3,63,22.22,33.7,76.4,2.2,3695000,2126.7
2026-01-02,Ludhiana,Dengue,13,2,59,22.03,32.1,61.6,0.0,3695000,1350.1
2026-01-03,Ludhiana,Dengue,15,3,51,29.41,33.8,67.7,0.0,3695000,2264.7
2026-01-04,Ludhiana,Dengue,9,1,28,32.14,31.3,73.1,0.0,3695000,1796.1
2026-01-05,Ludhiana,Dengue,15,3,40,37.5,35.1,73.1,1.5,3695000,2198.8
2026-01-06,Ludhiana,Dengue,16,3,78,20.51,31.8,69.3,0.0,3695000,1826.3
2026-01-07,Ludhiana,Dengue,11,1,27,40.74,33.1,69.4,2.5,3695000,2893.5
2026-01-08,Ludhiana,Dengue,14,3,30,46.67,31.9,77.8,1.2,3695000,2215.3
2026-01-09,Ludhiana,Dengue,11,1,29,37.93,33.1,66.8,1.6,3695000,2667.7
2026-01-10,Ludhiana,Dengue,13,1,42,30.95,31.2,66.9,0.0,3695000,1737.9
2026-01-11,Ludhiana,Dengue,10,2,22,45.45,32.6,69.0,5.4,3695000,1354.1
2026-01-12,Ludhiana,Dengue,13,2,64,20.31,31.5,72.3,4.6,3695000,2268.5
2026-01-13,Ludhiana,Dengue,16,1,33,48.48,32.8,78.8,1.3,3695000,3376.0
2026-01-14,Ludhiana,Dengue,14,2,58,24.14,34.8,81.5,1.6,3695000,1498.6
2026-01-15,Ludhiana,Dengue,12,1,31,38.71,31.5,69.0,0.0,3695000,1352.4
2026-01-16,Ludhiana,Dengue,15,3,73,20.55,27.3,71.1,0.0,3695000,3715.4
2026-01-17,Ludhiana,Dengue,12,2,47,25.53,35.2,79.4,0.0,3695000,1437.1
2026-01-18,Ludhiana,Dengue,14,2,51,27.45,34.9,77.0,1.1,3695000,3694.2
2026-01-19,Ludhiana,Dengue,13,1,46,28.26,35.2,81.8,3.6,3695000,1582.6
2026-01-20,Ludhiana,Dengue,15,1,32,46.88,34.1,80.6,2.5,3695000,1706.1
2026-01-21,Ludhiana,Dengue,16,2,54,29.63,32.3,70.7,0.0,3695000,1770.9
2026-01-22,Ludhiana,Dengue,12,1,55,21.82,37.8,69.9,3.0,3695000,1911.0
2026-01-23,Ludhiana,Dengue,13,1,39,33.33,34.8,76.0,3.2,3695000,4247.3
2026-01-24,Ludhiana,Dengue,13,1,38,34.21,38.1,86.4,3.8,3695000,2451.1
2026-01-25,Ludhiana,Dengue,18,2,56,32.14,34.7,70.2,1.9,3695000,4586.0
2026-01-26,Ludhiana,Dengue,14,1,59,23.73,35.1,75.1,4.0,3695000,1876.8
2026-01-27,Ludhiana,Dengue,15,3,31,48.39,34.3,75.8,4.3,3695000,1364.5
2026-01-28,Ludhiana,Dengue,13,1,47,27.66,32.5,67.1,2.6,3695000,1394.6
2026-01-29,Ludhiana,Dengue,11,1,33,33.33,35.0,71.2,0.0,3695000,1658.9
2026-01-30,Ludhiana,Dengue,17,3,62,27.42,40.0,72.7,3.1,3695000,2262.3
2026-01-31,Ludhiana,Dengue,15,2,44,34.09,36.3,74.6,0.0,3695000,1294.6
2026-02-01,Ludhiana,Dengue,14,1,68,20.59,34.5,64.8,4.5,3695000,1965.8
2026-02-02,Ludhiana,Dengue,18,3,81,22.22,36.6,79.3,3.0,3695000,2953.2
2026-02-03,Ludhiana,Dengue,14,3,31,45.16,36.3,72.5,7.8,3695000,1931.1
2026-02-04,Ludhiana,Dengue,16,2,58,27.59,34.6,79.2,0.0,3695000,1840.5
2026-02-05,Ludhiana,Dengue,13,2,30,43.33,36.2,71.9,9.6,3695000,1383.1
2026-02-06,Ludhiana,Dengue,11,2,45,24.44,33.9,84.7,0.9,3695000,4079.2
2026-02-07,Ludhiana,Dengue,15,3,38,39.47,36.2,79.8,4.8,3695000,2802.4
2026-02-08,Ludhiana,Dengue,10,2,33,30.3,36.5,78.7,5.1,3695000,1558.9
2026-02-09,Ludhiana,Dengue,17,3,52,32.69,35.5,81.7,0.0,3695000,2224.2
2026-02-10,Ludhiana,Dengue,11,1,32,34.38,33.5,78.1,3.5,3695000,1535.0
2026-02-11,Ludhiana,Dengue,16,3,59,27.12,33.2,80.6,2.8,3695000,1233.8
2026-02-12,Ludhiana,Dengue,15,1,62,24.19,36.6,83.2,1.4,3695000,1958.4
2026-02-13,Ludhiana,Dengue,15,2,57,26.32,34.1,79.6,0.0,3695000,1939.6
2026-02-14,Ludhiana,Dengue,13,1,49,26.53,32.9,93.3,7.3,3695000,1807.6
2026-02-15,Ludhiana,Dengue,12,1,34,35.29,36.3,86.4,0.0,3695000,1716.3
2026-02-16,Ludhiana,Dengue,17,1,80,21.25,34.3,76.5,5.1,3695000,1455.8
2026-02-17,Ludhiana,Dengue,13,1,58,22.41,33.7,85.3,1.4,3695000,2413.9
2026-02-18,Ludhiana,Dengue,17,3,44,38.64,32.7,75.3,0.0,3695000,1458.7
2026-02-19,Ludhiana,Dengue,13,3,44,29.55,33.0,80.3,6.5,3695000,1988.9
2026-02-20,Ludhiana,Dengue,10,1,21,47.62,35.1,83.0,4.9,3695000,2487.8
2026-02-21,Ludhiana,Dengue,12,2,59,20.34,33.3,83.8,1.5,3695000,2041.7
2026-02-22,Ludhiana,Dengue,14,2,41,34.15,36.9,80.2,0.0,3695000,2207.2
2026-02-23,Ludhiana,Dengue,9,1,28,32.14,37.3,77.8,2.3,3695000,1399.4
2026-02-24,Ludhiana,Dengue,18,3,61,29.51,31.3,83.0,4.4,3695000,1951.5
2026-02-25,Ludhiana,Dengue,13,2,36,36.11,33.8,80.7,2.0,3695000,1331.8
2026-02-26,Ludhiana,Dengue,16,2,44,36.36,37.3,80.3,3.0,3695000,3000.5
2026-02-27,Ludhiana,Dengue,25,5,91,27.47,39.6,80.4,6.3,3695000,1548.8
2026-02-28,Ludhiana,Dengue,34,5,76,44.74,36.9,81.8,3.1,3695000,1684.8
2026-03-01,Ludhiana,Dengue,53,12,205,25.85,35.7,82.1,8.1,3695000,2401.1
2026-03-02,Ludhiana,Dengue,48,7,219,21.92,33.3,85.3,7.6,3695000,2880.1
2026-03-03,Ludhiana,Dengue,65,8,224,29.02,34.5,75.0,4.0,3695000,1917.1
2026-03-04,Ludhiana,Dengue,66,12,215,30.7,35.8,85.2,0.0,3695000,3386.8
2026-03-05,Ludhiana,Dengue,88,15,391,22.51,34.6,83.1,7.0,3695000,1949.0
2026-03-06,Ludhiana,Dengue,91,10,220,41.36,33.7,76.6,9.6,3695000,2677.3
2026-03-07,Ludhiana,Dengue,82,14,305,26.89,35.7,75.4,6.4,3695000,1397.6
2026-03-08,Ludhiana,Dengue,97,23,247,39.27,36.6,77.5,0.0,3695000,3699.7
2026-03-09,Ludhiana,Dengue,133,25,644,20.65,33.3,86.0,5.0,3695000,2209.1
2026-03-10,Ludhiana,Dengue,138,31,626,22.04,30.1,79.4,0.7,3695000,1273.5
2026-03-11,Ludhiana,Dengue,137,20,443,30.93,34.3,74.7,0.0,3695000,1571.8
2026-03-12,Ludhiana,Dengue,139,33,607,22.9,31.6,91.5,7.4,3695000,1593.2
2026-03-13,Ludhiana,Dengue,176,36,688,25.58,31.6,80.2,8.4,3695000,1249.5
2026-03-14,Ludhiana,Dengue,168,33,358,46.93,33.8,83.6,3.7,3695000,1764.4
2026-03-15,Ludhiana,Dengue,153,19,358,42.74,29.3,78.5,5.6,3695000,2138.5
2026-03-16,Ludhiana,Dengue,152,27,597,25.46,34.4,83.8,4.4,3695000,1656.7
2026-03-17,Ludhiana,Dengue,167,29,554,30.14,34.8,69.8,7.7,3695000,2186.6
2026-03-18,Ludhiana,Dengue,177,37,630,28.1,35.5,81.4,10.8,3695000,2124.8
2026-03-19,Ludhiana,Dengue,159,15,406,39.16,32.3,84.7,5.5,3695000,2246.6
2026-03-20,Ludhiana,Dengue,118,13,355,33.24,37.8,76.4,2.7,3695000,1895.3
2026-03-21,Ludhiana,Dengue,160,30,453,35.32,28.8,78.1,6.1,3695000,1318.3
2026-03-22,Ludhiana,Dengue,104,25,483,21.53,30.5,78.1,6.5,3695000,1741.5
2026-03-23,Ludhiana,Dengue,118,15,530,22.26,32.1,79.7,8.2,3695000,3470.3
2026-03-24,Ludhiana,Dengue,122,23,323,37.77,31.9,76.9,6.2,3695000,1904.5
2026-03-25,Ludhiana,Dengue,76,13,379,20.05,33.3,91.5,5.2,3695000,1331.8
2026-03-26,Ludhiana,Dengue,79,11,270,29.26,36.4,75.8,0.0,3695000,4116.4
2026-03-27,Ludhiana,Dengue,92,12,185,49.73,32.8,78.1,2.2,3695000,1585.4
2026-03-28,Ludhiana,Dengue,71,13,283,25.09,31.8,75.8,7.6,3695000,1850.9
2026-03-29,Ludhiana,Dengue,62,8,153,40.52,32.4,82.0,8.2,3695000,3205.0
2026-03-30,Ludhiana,Dengue,58,13,283,20.49,29.1,75.0,2.2,3695000,2025.7
2026-03-31,Ludhiana,Dengue,48,6,123,39.02,30.2,81.8,9.7,3695000,3751.2
2026-04-01,Ludhiana,Dengue,34,3,151,22.52,32.5,69.0,4.1,3695000,3413.1
2026-04-02,Ludhiana,Dengue,32,6,139,23.02,33.4,77.2,1.4,3695000,3125.4
2026-04-03,Ludhiana,Dengue,16,1,35,45.71,31.9,75.2,4.3,3695000,1381.1
2026-04-04,Ludhiana,Dengue,15,1,66,22.73,34.8,74.4,0.0,3695000,2283.6
2026-04-05,Ludhiana,Dengue,12,1,54,22.22,29.5,81.6,7.0,3695000,1885.7
2026-04-06,Ludhiana,Dengue,13,1,31,41.94,29.4,82.1,6.4,3695000,1363.6
2026-04-07,Ludhiana,Dengue,15,2,44,34.09,31.2,78.8,4.0,3695000,1543.6
2026-04-08,Ludhiana,Dengue,14,2,47,29.79,28.6,80.6,6.2,3695000,1852.0
2026-04-09,Ludhiana,Dengue,7,0,30,23.33,29.2,74.9,9.9,3695000,2553.3
2026-04-10,Ludhiana,Dengue,13,2,34,38.24,29.5,70.4,0.7,3695000,3202.4
2026-04-11,Ludhiana,Dengue,16,3,39,41.03,27.1,82.7,0.6,3695000,2027.9
2026-04-12,Ludhiana,Dengue,13,3,61,21.31,27.7,84.8,8.6,3695000,1543.8
2026-04-13,Ludhiana,Dengue,10,1,34,29.41,28.2,78.7,5.5,3695000,2926.1
2026-04-14,Ludhiana,Dengue,12,1,53,22.64,31.6,73.0,8.0,3695000,2328.1
2026-04-15,Ludhiana,Dengue,12,1,56,21.43,30.4,71.2,6.0,3695000,1752.4
2026-04-16,Ludhiana,Dengue,11,2,42,26.19,31.9,83.5,6.1,3695000,1464.2
2026-04-17,Ludhiana,Dengue,15,2,65,23.08,28.1,87.8,6.9,3695000,1988.7
2026-04-18,Ludhiana,Dengue,14,2,53,26.42,32.0,73.2,10.1,3695000,2424.8
2026-04-19,Ludhiana,Dengue,14,1,34,41.18,31.8,74.3,4.4,3695000,4368.2
2026-04-20,Ludhiana,Dengue,17,1,54,31.48,25.7,81.0,3.4,3695000,2875.0
2026-04-21,Ludhiana,Dengue,12,2,38,31.58,25.4,73.0,3.9,3695000,1388.2
2026-04-22,Ludhiana,Dengue,14,2,49,28.57,30.7,78.4,4.9,3695000,1764.8
2026-04-23,Ludhiana,Dengue,14,3,55,25.45,27.6,72.5,9.4,3695000,1238.8
2026-04-24,Ludhiana,Dengue,7,1,18,38.89,25.9,67.3,2.8,3695000,1473.8
2026-04-25,Ludhiana,Dengue,14,2,45,31.11,30.8,66.2,0.6,3695000,3880.9
2026-04-26,Ludhiana,Dengue,8,1,31,25.81,25.5,72.9,9.6,3695000,3660.0
2026-04-27,Ludhiana,Dengue,11,1,41,26.83,24.5,78.7,7.9,3695000,1745.3
2026-04-28,Ludhiana,Dengue,11,1,32,34.38,24.2,70.3,6.0,3695000,2067.4
2026-04-29,Ludhiana,Dengue,9,2,24,37.5,25.0,75.0,11.3,3695000,2323.4
2026-04-30,Ludhiana,Dengue,7,1,28,25.0,29.4,64.5,6.2,3695000,2073.5
2026-05-01,Ludhiana,Dengue,11,2,26,42.31,26.8,77.8,3.1,3695000,2823.9
2026-05-02,Ludhiana,Dengue,10,1,23,43.48,26.6,69.6,2.7,3695000,1771.1
2026-05-03,Ludhiana,Dengue,11,1,32,34.38,24.4,79.8,10.5,3695000,1256.5
2026-05-04,Ludhiana,Dengue,11,1,26,42.31,22.9,74.0,0.0,3695000,3383.8
2026-05-05,Ludhiana,Dengue,9,1,24,37.5,24.3,73.7,6.3,3695000,1265.7
2026-05-06,Ludhiana,Dengue,11,1,30,36.67,27.2,64.8,4.3,3695000,1406.0
2025-11-08,Ludhiana,Influenza,15,2,59,25.42,27.2,56.1,0.0,3695000,3571.8
2025-11-09,Ludhiana,Influenza,23,4,106,21.7,27.2,49.2,0.0,3695000,2187.5
2025-11-10,Ludhiana,Influenza,21,4,69,30.43,27.7,44.6,0.0,3695000,1421.6
2025-11-11,Ludhiana,Influenza,14,2,44,31.82,25.8,45.9,0.0,3695000,2067.6
2025-11-12,Ludhiana,Influenza,22,4,74,29.73,24.4,44.7,0.8,3695000,2259.2
2025-11-13,Ludhiana,Influenza,19,2,59,32.2,26.0,57.3,0.0,3695000,2202.8
2025-11-14,Ludhiana,Influenza,21,4,87,24.14,28.1,64.2,0.1,3695000,1273.2
2025-11-15,Ludhiana,Influenza,21,2,72,29.17,25.7,54.2,0.0,3695000,2707.1
2025-11-16,Ludhiana,Influenza,23,3,88,26.14,24.4,47.1,0.0,3695000,1555.4
2025-11-17,Ludhiana,Influenza,19,3,48,39.58,25.3,45.0,0.0,3695000,1889.7
2025-11-18,Ludhiana,Influenza,21,5,72,29.17,25.5,54.8,0.0,3695000,1436.0
2025-11-19,Ludhiana,Influenza,20,3,89,22.47,25.7,53.9,0.0,3695000,1346.0
2025-11-20,Ludhiana,Influenza,25,5,117,21.37,25.6,50.6,0.0,3695000,2342.3
2025-11-21,Ludhiana,Influenza,18,2,72,25.0,28.7,50.7,0.0,3695000,3657.8
2025-11-22,Ludhiana,Influenza,21,4,96,21.88,25.7,65.3,0.0,3695000,2893.9
2025-11-23,Ludhiana,Influenza,21,3,79,26.58,30.0,63.0,0.0,3695000,1952.0
2025-11-24,Ludhiana,Influenza,18,3,89,20.22,26.1,63.4,1.6,3695000,3413.5
2025-11-25,Ludhiana,Influenza,22,2,49,44.9,28.5,52.9,0.0,3695000,1335.3
2025-11-26,Ludhiana,Influenza,16,1,56,28.57,26.9,50.8,0.0,3695000,3894.6
2025-11-27,Ludhiana,Influenza,21,4,75,28.0,27.0,59.7,0.0,3695000,2441.3
2025-11-28,Ludhiana,Influenza,22,3,47,46.81,30.8,50.5,1.8,3695000,1813.9
2025-11-29,Ludhiana,Influenza,21,3,89,23.6,26.6,60.1,0.0,3695000,2361.5
2025-11-30,Ludhiana,Influenza,20,4,95,21.05,30.9,60.3,0.0,3695000,1858.7
2025-12-01,Ludhiana,Influenza,21,4,50,42.0,29.0,63.7,0.0,3695000,1411.7
2025-12-02,Ludhiana,Influenza,17,1,81,20.99,30.4,62.7,0.0,3695000,1830.7
2025-12-03,Ludhiana,Influenza,17,3,80,21.25,27.5,50.3,3.6,3695000,1951.6
2025-12-04,Ludhiana,Influenza,20,4,88,22.73,29.5,58.1,0.0,3695000,1455.8
2025-12-05,Ludhiana,Influenza,20,4,60,33.33,28.5,57.8,0.0,3695000,1254.1
2025-12-06,Ludhiana,Influenza,24,4,103,23.3,31.8,61.7,0.0,3695000,3119.1
2025-12-07,Ludhiana,Influenza,18,1,37,48.65,24.7,60.0,0.0,3695000,3367.2
2025-12-08,Ludhiana,Influenza,23,3,80,28.75,30.1,62.6,0.0,3695000,2091.2
2025-12-09,Ludhiana,Influenza,17,3,41,41.46,30.7,56.4,0.0,3695000,3952.0
2025-12-10,Ludhiana,Influenza,20,4,54,37.04,29.8,68.1,0.0,3695000,3320.0
2025-12-11,Ludhiana,Influenza,19,2,67,28.36,29.6,57.5,0.0,3695000,1234.7
2025-12-12,Ludhiana,Influenza,17,3,55,30.91,31.4,67.3,0.7,3695000,3397.5
2025-12-13,Ludhiana,Influenza,18,2,80,22.5,30.4,66.7,0.0,3695000,1530.7
2025-12-14,Ludhiana,Influenza,23,4,60,38.33,29.7,49.1,0.0,3695000,4469.8
2025-12-15,Ludhiana,Influenza,29,6,66,43.94,29.0,62.2,0.0,3695000,1971.6
2025-12-16,Ludhiana,Influenza,28,4,89,31.46,30.2,58.3,0.0,3695000,2040.6
2025-12-17,Ludhiana,Influenza,18,2,49,36.73,31.8,64.1,1.7,3695000,1394.4
2025-12-18,Ludhiana,Influenza,23,4,88,26.14,35.7,60.4,0.5,3695000,3903.3
2025-12-19,Ludhiana,Influenza,28,5,59,47.46,29.1,64.1,0.0,3695000,3745.4
2025-12-20,Ludhiana,Influenza,19,2,82,23.17,30.9,65.0,0.0,3695000,1638.6
2025-12-21,Ludhiana,Influenza,20,4,55,36.36,30.8,62.3,0.0,3695000,4367.2
2025-12-22,Ludhiana,Influenza,28,3,66,42.42,33.9,61.0,0.0,3695000,1716.2
2025-12-23,Ludhiana,Influenza,23,5,101,22.77,33.3,71.2,0.0,3695000,2558.5
2025-12-24,Ludhiana,Influenza,24,5,95,25.26,32.2,66.8,3.4,3695000,3415.6
2025-12-25,Ludhiana,Influenza,18,2,59,30.51,33.4,64.7,0.0,3695000,1719.8
2025-12-26,Ludhiana,Influenza,26,3,115,22.61,31.9,64.7,0.0,3695000,1371.1
2025-12-27,Ludhiana,Influenza,22,4,95,23.16,34.1,62.4,2.7,3695000,1646.9
2025-12-28,Ludhiana,Influenza,21,4,55,38.18,32.9,60.3,0.3,3695000,1931.6
2025-12-29,Ludhiana,Influenza,27,4,78,34.62,33.7,70.7,6.1,3695000,1808.6
2025-12-30,Ludhiana,Influenza,25,3,84,29.76,34.3,69.3,3.2,3695000,4503.2
2025-12-31,Ludhiana,Influenza,22,2,80,27.5,34.6,63.1,3.3,3695000,1531.4
2026-01-01,Ludhiana,Influenza,21,3,42,50.0,30.6,70.3,3.1,3695000,1493.4
2026-01-02,Ludhiana,Influenza,20,4,99,20.2,30.2,62.8,0.0,3695000,2294.6
2026-01-03,Ludhiana,Influenza,26,4,84,30.95,36.7,66.7,0.3,3695000,1585.6
2026-01-04,Ludhiana,Influenza,20,3,78,25.64,35.6,66.1,0.3,3695000,3919.7
2026-01-05,Ludhiana,Influenza,28,5,123,22.76,36.5,79.3,6.0,3695000,2651.4
2026-01-06,Ludhiana,Influenza,21,4,91,23.08,33.5,76.1,3.3,3695000,1906.6
2026-01-07,Ludhiana,Influenza,17,1,45,37.78,31.3,68.9,0.0,3695000,1746.1
2026-01-08,Ludhiana,Influenza,20,4,47,42.55,34.1,73.1,5.7,3695000,2171.2
2026-01-09,Ludhiana,Influenza,29,3,89,32.58,33.0,75.9,5.8,3695000,2405.7
2026-01-10,Ludhiana,Influenza,24,5,66,36.36,32.8,74.6,0.0,3695000,2117.2
2026-01-11,Ludhiana,Influenza,13,1,29,44.83,34.9,68.4,0.0,3695000,1538.6
2026-01-12,Ludhiana,Influenza,26,3,99,26.26,28.3,70.5,3.1,3695000,3365.9
2026-01-13,Ludhiana,Influenza,23,3,63,36.51,35.6,77.8,0.2,3695000,1322.6
2026-01-14,Ludhiana,Influenza,29,6,63,46.03,32.5,67.3,0.0,3695000,1973.1
2026-01-15,Ludhiana,Influenza,23,2,91,25.27,29.4,76.6,2.9,3695000,1265.6
2026-01-16,Ludhiana,Influenza,22,3,92,23.91,35.7,72.9,0.4,3695000,1248.8
2026-01-17,Ludhiana,Influenza,19,3,93,20.43,35.9,66.4,1.7,3695000,1727.6
2026-01-18,Ludhiana,Influenza,22,3,100,22.0,32.8,71.4,0.0,3695000,1816.0
2026-01-19,Ludhiana,Influenza,26,2,107,24.3,32.4,73.5,2.3,3695000,1851.4
2026-01-20,Ludhiana,Influenza,24,5,109,22.02,34.3,69.3,0.0,3695000,1626.4
2026-01-21,Ludhiana,Influenza,31,3,109,28.44,29.8,68.7,3.1,3695000,1435.5
2026-01-22,Ludhiana,Influenza,26,3,64,40.62,33.3,73.7,0.0,3695000,2420.6
2026-01-23,Ludhiana,Influenza,23,5,106,21.7,34.9,82.4,2.3,3695000,2787.9
2026-01-24,Ludhiana,Influenza,21,4,75,28.0,35.3,74.3,1.3,3695000,1949.7
2026-01-25,Ludhiana,Influenza,28,6,137,20.44,35.3,70.9,0.2,3695000,2960.1
2026-01-26,Ludhiana,Influenza,29,5,127,22.83,31.1,75.9,2.7,3695000,2211.1
2026-01-27,Ludhiana,Influenza,21,4,61,34.43,34.9,79.4,3.1,3695000,1375.8
2026-01-28,Ludhiana,Influenza,22,5,87,25.29,34.3,77.8,0.1,3695000,3256.6
2026-01-29,Ludhiana,Influenza,29,7,94,30.85,39.0,70.3,1.9,3695000,1246.2
2026-01-30,Ludhiana,Influenza,23,2,84,27.38,37.2,83.0,0.0,3695000,1884.9
2026-01-31,Ludhiana,Influenza,23,2,105,21.9,36.1,77.7,2.6,3695000,1420.1
2026-02-01,Ludhiana,Influenza,17,3,57,29.82,38.6,78.0,1.2,3695000,2328.1
2026-02-02,Ludhiana,Influenza,22,4,98,22.45,37.6,76.3,0.0,3695000,3617.6
2026-02-03,Ludhiana,Influenza,17,3,67,25.37,33.8,74.6,0.3,3695000,1705.9
2026-02-04,Ludhiana,Influenza,24,4,57,42.11,37.0,74.7,3.5,3695000,1615.2
2026-02-05,Ludhiana,Influenza,26,5,73,35.62,37.4,71.4,1.2,3695000,1668.7
2026-02-06,Ludhiana,Influenza,22,2,64,34.38,35.3,86.9,0.0,3695000,1651.8
2026-02-07,Ludhiana,Influenza,27,6,108,25.0,36.4,80.7,0.0,3695000,1817.5
2026-02-08,Ludhiana,Influenza,24,4,75,32.0,34.7,72.6,5.9,3695000,1253.0
2026-02-09,Ludhiana,Influenza,26,5,74,35.14,34.6,73.0,2.0,3695000,1317.9
2026-02-10,Ludhiana,Influenza,28,6,79,35.44,36.5,80.9,0.0,3695000,1358.4
2026-02-11,Ludhiana,Influenza,25,3,50,50.0,35.7,74.8,0.1,3695000,2017.7
2026-02-12,Ludhiana,Influenza,20,4,42,47.62,36.6,70.1,0.0,3695000,1326.1
2026-02-13,Ludhiana,Influenza,25,3,55,45.45,35.8,82.8,5.7,3695000,2784.6
2026-02-14,Ludhiana,Influenza,25,2,118,21.19,35.1,84.2,0.3,3695000,1626.1
2026-02-15,Ludhiana,Influenza,22,3,95,23.16,36.2,92.0,0.0,3695000,1739.5
2026-02-16,Ludhiana,Influenza,29,5,119,24.37,34.6,83.4,8.0,3695000,2794.3
2026-02-17,Ludhiana,Influenza,15,2,72,20.83,32.9,78.9,2.5,3695000,1741.7
2026-02-18,Ludhiana,Influenza,25,3,77,32.47,34.9,87.4,1.4,3695000,2008.7
2026-02-19,Ludhiana,Influenza,20,2,52,38.46,34.4,68.7,4.7,3695000,1908.1
2026-02-20,Ludhiana,Influenza,29,5,83,34.94,34.1,75.4,4.4,3695000,1296.6
2026-02-21,Ludhiana,Influenza,25,3,88,28.41,33.2,78.3,0.8,3695000,1356.8
2026-02-22,Ludhiana,Influenza,18,2,58,31.03,38.5,79.0,1.4,3695000,1321.2
2026-02-23,Ludhiana,Influenza,22,5,98,22.45,36.2,87.1,6.4,3695000,4599.0
2026-02-24,Ludhiana,Influenza,27,3,85,31.76,33.6,80.2,8.5,3695000,2048.5
2026-02-25,Ludhiana,Influenza,22,2,49,44.9,32.8,78.0,8.3,3695000,2337.9
2026-02-26,Ludhiana,Influenza,29,5,58,50.0,34.8,81.8,0.5,3695000,1680.0
2026-02-27,Ludhiana,Influenza,26,3,122,21.31,34.8,83.5,5.0,3695000,3905.2
2026-02-28,Ludhiana,Influenza,23,3,79,29.11,32.1,80.3,3.8,3695000,1785.2
2026-03-01,Ludhiana,Influenza,28,6,114,24.56,30.4,83.5,6.5,3695000,2116.4
2026-03-02,Ludhiana,Influenza,21,3,92,22.83,31.9,84.4,7.0,3695000,1416.1
2026-03-03,Ludhiana,Influenza,28,5,115,24.35,30.5,76.4,0.0,3695000,1596.5
2026-03-04,Ludhiana,Influenza,23,5,69,33.33,31.9,77.9,0.8,3695000,3241.8
2026-03-05,Ludhiana,Influenza,28,3,90,31.11,34.1,79.1,0.0,3695000,2488.8
2026-03-06,Ludhiana,Influenza,21,5,70,30.0,35.9,88.0,0.5,3695000,1596.7
2026-03-07,Ludhiana,Influenza,22,5,69,31.88,33.8,74.3,4.3,3695000,4171.4
2026-03-08,Ludhiana,Influenza,29,4,136,21.32,33.6,78.1,3.5,3695000,3500.7
2026-03-09,Ludhiana,Influenza,27,6,133,20.3,33.5,81.1,5.1,3695000,2575.8
2026-03-10,Ludhiana,Influenza,19,3,46,41.3,33.4,82.2,0.0,3695000,1830.9
2026-03-11,Ludhiana,Influenza,28,4,77,36.36,36.7,81.2,3.8,3695000,3008.5
2026-03-12,Ludhiana,Influenza,26,4,62,41.94,33.1,77.6,0.0,3695000,2079.5
2026-03-13,Ludhiana,Influenza,26,4,100,26.0,32.9,91.6,5.4,3695000,2972.9
2026-03-14,Ludhiana,Influenza,18,2,88,20.45,32.3,79.4,12.5,3695000,1319.3
2026-03-15,Ludhiana,Influenza,24,5,67,35.82,33.7,88.7,3.5,3695000,1353.7
2026-03-16,Ludhiana,Influenza,23,4,71,32.39,33.8,79.7,8.0,3695000,2586.2
2026-03-17,Ludhiana,Influenza,14,2,52,26.92,34.2,76.2,5.4,3695000,1366.4
2026-03-18,Ludhiana,Influenza,25,4,121,20.66,32.7,81.2,6.2,3695000,2977.3
2026-03-19,Ludhiana,Influenza,26,4,100,26.0,35.1,78.7,4.3,3695000,1302.0
2026-03-20,Ludhiana,Influenza,26,5,62,41.94,32.6,77.7,8.1,3695000,2533.1
2026-03-21,Ludhiana,Influenza,20,4,40,50.0,34.8,76.9,2.1,3695000,1233.6
2026-03-22,Ludhiana,Influenza,25,5,60,41.67,34.3,82.1,7.0,3695000,1503.5
2026-03-23,Ludhiana,Influenza,44,8,99,44.44,33.7,85.4,6.6,3695000,1973.0
2026-03-24,Ludhiana,Influenza,46,7,107,42.99,31.9,75.6,2.8,3695000,1433.2
2026-03-25,Ludhiana,Influenza,53,9,232,22.84,32.1,82.3,3.5,3695000,1568.6
2026-03-26,Ludhiana,Influenza,55,12,263,20.91,28.7,75.4,2.6,3695000,2184.8
2026-03-27,Ludhiana,Influenza,72,14,355,20.28,31.3,82.2,0.3,3695000,1736.6
2026-03-28,Ludhiana,Influenza,87,16,337,25.82,34.4,72.4,0.0,3695000,3857.4
2026-03-29,Ludhiana,Influenza,105,23,384,27.34,29.3,82.8,7.5,3695000,1900.4
2026-03-30,Ludhiana,Influenza,80,11,192,41.67,32.2,76.2,4.9,3695000,1691.1
2026-03-31,Ludhiana,Influenza,102,11,460,22.17,30.0,78.7,7.8,3695000,4570.7
2026-04-01,Ludhiana,Influenza,126,19,354,35.59,32.8,74.2,3.0,3695000,1392.3
2026-04-02,Ludhiana,Influenza,163,38,510,31.96,33.1,75.0,4.5,3695000,1265.0
2026-04-03,Ludhiana,Influenza,148,28,608,24.34,31.4,75.3,0.0,3695000,4564.0
2026-04-04,Ludhiana,Influenza,158,33,766,20.63,31.8,74.0,5.6,3695000,1575.3
2026-04-05,Ludhiana,Influenza,188,20,579,32.47,29.4,76.3,6.8,3695000,1272.0
2026-04-06,Ludhiana,Influenza,154,23,478,32.22,24.8,77.8,0.7,3695000,4037.5
2026-04-07,Ludhiana,Influenza,163,21,647,25.19,29.4,84.9,6.0,3695000,2009.2
2026-04-08,Ludhiana,Influenza,187,26,450,41.56,29.6,79.3,7.9,3695000,1654.3
2026-04-09,Ludhiana,Influenza,177,36,459,38.56,28.3,82.9,1.4,3695000,1339.5
2026-04-10,Ludhiana,Influenza,134,30,273,49.08,28.1,70.0,0.0,3695000,2261.3
2026-04-11,Ludhiana,Influenza,117,21,442,26.47,29.3,71.9,0.0,3695000,4496.1
2026-04-12,Ludhiana,Influenza,111,16,479,23.17,30.6,76.5,11.0,3695000,1477.7
2026-04-13,Ludhiana,Influenza,104,12,290,35.86,30.3,76.6,7.0,3695000,4406.1
2026-04-14,Ludhiana,Influenza,87,13,174,50.0,31.2,72.6,0.0,3695000,2531.6
2026-04-15,Ludhiana,Influenza,75,16,253,29.64,29.4,76.4,5.5,3695000,2205.2
2026-04-16,Ludhiana,Influenza,54,9,229,23.58,28.1,75.0,2.7,3695000,2005.6
2026-04-17,Ludhiana,Influenza,48,6,116,41.38,28.8,76.9,1.2,3695000,1703.3
2026-04-18,Ludhiana,Influenza,43,8,136,31.62,29.4,82.6,5.9,3695000,1618.4
2026-04-19,Ludhiana,Influenza,42,7,196,21.43,26.8,69.0,4.2,3695000,1567.7
2026-04-20,Ludhiana,Influenza,22,2,77,28.57,26.1,74.3,5.0,3695000,1609.9
2026-04-21,Ludhiana,Influenza,25,4,82,30.49,27.8,73.0,4.3,3695000,4121.2
2026-04-22,Ludhiana,Influenza,21,2,102,20.59,27.6,68.4,6.2,3695000,2996.2
2026-04-23,Ludhiana,Influenza,16,1,61,26.23,24.6,76.7,10.9,3695000,1248.9
2026-04-24,Ludhiana,Influenza,22,5,93,23.66,28.7,71.2,4.9,3695000,3197.3
2026-04-25,Ludhiana,Influenza,16,3,39,41.03,31.1,72.9,7.0,3695000,1808.4
2026-04-26,Ludhiana,Influenza,19,2,74,25.68,27.3,81.4,6.6,3695000,2867.5
2026-04-27,Ludhiana,Influenza,21,3,43,48.84,28.9,71.1,3.3,3695000,1988.7
2026-04-28,Ludhiana,Influenza,15,3,74,20.27,25.4,74.8,2.4,3695000,4111.0
2026-04-29,Ludhiana,Influenza,18,4,87,20.69,25.5,79.4,8.9,3695000,1785.3
2026-04-30,Ludhiana,Influenza,15,2,59,25.42,29.0,69.6,5.9,3695000,2780.5
2026-05-01,Ludhiana,Influenza,21,5,78,26.92,26.5,67.5,3.4,3695000,2098.8
2026-05-02,Ludhiana,Influenza,22,3,103,21.36,27.4,85.2,2.2,3695000,1282.0
2026-05-03,Ludhiana,Influenza,24,4,62,38.71,25.7,76.4,4.2,3695000,1759.1
2026-05-04,Ludhiana,Influenza,20,2,44,45.45,24.8,66.3,3.4,3695000,1287.6
2026-05-05,Ludhiana,Influenza,20,2,81,24.69,20.6,72.2,5.8,3695000,1480.1
2026-05-06,Ludhiana,Influenza,22,3,72,30.56,23.7,73.0,4.8,3695000,4186.2
2025-11-08,Ludhiana,Malaria,21,2,54,38.89,23.7,50.8,0.0,3695000,4494.0
2025-11-09,Ludhiana,Malaria,21,4,68,30.88,27.2,49.6,0.0,3695000,1496.0
2025-11-10,Ludhiana,Malaria,28,3,66,42.42,27.1,51.9,0.0,3695000,2397.3
2025-11-11,Ludhiana,Malaria,25,3,81,30.86,26.9,47.3,0.0,3695000,1503.0
2025-11-12,Ludhiana,Malaria,34,5,164,20.73,22.2,52.0,0.0,3695000,1686.6
2025-11-13,Ludhiana,Malaria,29,3,142,20.42,26.2,46.4,0.0,3695000,2067.3
2025-11-14,Ludhiana,Malaria,29,3,62,46.77,25.3,50.1,0.0,3695000,3320.5
2025-11-15,Ludhiana,Malaria,30,4,109,27.52,27.5,46.7,0.0,3695000,2485.9
2025-11-16,Ludhiana,Malaria,25,2,108,23.15,29.0,35.7,0.0,3695000,3441.6
2025-11-17,Ludhiana,Malaria,37,7,133,27.82,27.5,59.2,0.0,3695000,1857.1
2025-11-18,Ludhiana,Malaria,26,6,107,24.3,23.2,50.0,0.0,3695000,1276.1
2025-11-19,Ludhiana,Malaria,30,5,88,34.09,27.7,52.1,0.0,3695000,1423.3
2025-11-20,Ludhiana,Malaria,25,5,123,20.33,25.5,53.9,0.0,3695000,1693.7
2025-11-21,Ludhiana,Malaria,24,3,115,20.87,25.9,51.7,0.0,3695000,2114.8
2025-11-22,Ludhiana,Malaria,21,2,63,33.33,27.9,59.3,0.0,3695000,1613.1
2025-11-23,Ludhiana,Malaria,30,3,130,23.08,27.9,54.7,0.0,3695000,1461.9
2025-11-24,Ludhiana,Malaria,26,3,94,27.66,28.6,54.4,0.0,3695000,1251.0
2025-11-25,Ludhiana,Malaria,28,4,62,45.16,25.2,56.8,0.0,3695000,1733.1
2025-11-26,Ludhiana,Malaria,35,7,85,41.18,31.5,56.5,0.0,3695000,1751.4
2025-11-27,Ludhiana,Malaria,35,3,128,27.34,28.0,52.6,0.0,3695000,1670.7
2025-11-28,Ludhiana,Malaria,36,7,135,26.67,26.6,63.8,0.0,3695000,1888.4
2025-11-29,Ludhiana,Malaria,33,3,128,25.78,32.8,52.0,0.0,3695000,2241.6
2025-11-30,Ludhiana,Malaria,33,6,87,37.93,28.8,60.9,0.0,3695000,1632.8
2025-12-01,Ludhiana,Malaria,26,2,114,22.81,32.3,57.5,0.0,3695000,1371.1
2025-12-02,Ludhiana,Malaria,21,4,86,24.42,29.1,64.7,0.0,3695000,2958.7
2025-12-03,Ludhiana,Malaria,27,2,60,45.0,31.3,60.8,0.0,3695000,1317.5
2025-12-04,Ludhiana,Malaria,22,4,68,32.35,27.4,49.2,0.0,3695000,2410.8
2025-12-05,Ludhiana,Malaria,28,6,89,31.46,28.9,63.4,0.0,3695000,1914.6
2025-12-06,Ludhiana,Malaria,27,5,81,33.33,31.6,55.5,0.0,3695000,1366.8
2025-12-07,Ludhiana,Malaria,30,5,108,27.78,31.8,58.5,0.6,3695000,3306.0
2025-12-08,Ludhiana,Malaria,28,5,72,38.89,29.1,67.0,2.0,3695000,1760.8
2025-12-09,Ludhiana,Malaria,24,2,77,31.17,28.5,48.2,0.5,3695000,1304.3
2025-12-10,Ludhiana,Malaria,33,7,110,30.0,30.3,55.7,0.3,3695000,1436.1
2025-12-11,Ludhiana,Malaria,25,2,115,21.74,34.1,51.1,0.3,3695000,1409.3
2025-12-12,Ludhiana,Malaria,34,5,95,35.79,31.8,58.6,0.0,3695000,2820.8
2025-12-13,Ludhiana,Malaria,19,4,88,21.59,31.9,60.3,0.0,3695000,2370.8
2025-12-14,Ludhiana,Malaria,24,4,75,32.0,26.1,56.8,0.0,3695000,1969.0
2025-12-15,Ludhiana,Malaria,34,7,98,34.69,34.1,60.1,0.0,3695000,1855.8
2025-12-16,Ludhiana,Malaria,31,3,121,25.62,29.1,53.8,0.0,3695000,1775.8
2025-12-17,Ludhiana,Malaria,27,3,75,36.0,30.7,61.4,0.0,3695000,2401.7
2025-12-18,Ludhiana,Malaria,30,6,138,21.74,32.3,71.2,0.0,3695000,1610.9
2025-12-19,Ludhiana,Malaria,25,4,93,26.88,34.5,61.2,0.0,3695000,4353.7
2025-12-20,Ludhiana,Malaria,29,4,143,20.28,31.9,65.6,0.7,3695000,1917.5
2025-12-21,Ludhiana,Malaria,33,8,142,23.24,32.3,62.3,1.8,3695000,1722.7
2025-12-22,Ludhiana,Malaria,29,3,120,24.17,32.7,69.1,1.5,3695000,1348.8
2025-12-23,Ludhiana,Malaria,37,8,96,38.54,33.8,70.5,0.0,3695000,3420.5
2025-12-24,Ludhiana,Malaria,30,4,103,29.13,32.6,56.4,2.8,3695000,4455.0
2025-12-25,Ludhiana,Malaria,30,6,136,22.06,35.8,60.4,0.0,3695000,1847.2
2025-12-26,Ludhiana,Malaria,30,4,144,20.83,32.3,67.9,0.0,3695000,4132.0
2025-12-27,Ludhiana,Malaria,37,7,115,32.17,31.0,66.0,1.2,3695000,2291.0
2025-12-28,Ludhiana,Malaria,33,7,149,22.15,32.3,64.8,0.0,3695000,2279.3
2025-12-29,Ludhiana,Malaria,39,7,138,28.26,31.2,68.3,0.0,3695000,2352.8
2025-12-30,Ludhiana,Malaria,37,7,112,33.04,35.1,71.3,0.0,3695000,2226.4
2025-12-31,Ludhiana,Malaria,40,8,182,21.98,31.9,64.3,0.0,3695000,1855.3
2026-01-01,Ludhiana,Malaria,27,4,101,26.73,31.4,73.3,4.4,3695000,3059.2
2026-01-02,Ludhiana,Malaria,34,7,124,27.42,35.2,69.8,0.8,3695000,1771.1
2026-01-03,Ludhiana,Malaria,30,4,109,27.52,32.9,63.2,1.4,3695000,1872.6
2026-01-04,Ludhiana,Malaria,24,5,81,29.63,36.0,72.6,0.2,3695000,2615.7
2026-01-05,Ludhiana,Malaria,37,9,161,22.98,35.5,71.8,0.0,3695000,1476.8
2026-01-06,Ludhiana,Malaria,24,3,77,31.17,32.2,71.8,0.0,3695000,1341.4
2026-01-07,Ludhiana,Malaria,33,5,85,38.82,34.5,75.4,1.1,3695000,1913.3
2026-01-08,Ludhiana,Malaria,32,6,142,22.54,32.8,78.3,0.0,3695000,1569.0
2026-01-09,Ludhiana,Malaria,30,5,87,34.48,35.0,75.7,0.1,3695000,2463.6
2026-01-10,Ludhiana,Malaria,36,4,127,28.35,33.2,76.3,0.0,3695000,4551.8
2026-01-11,Ludhiana,Malaria,24,2,93,25.81,33.7,74.3,0.0,3695000,1531.5
2026-01-12,Ludhiana,Malaria,40,9,125,32.0,32.3,73.4,5.4,3695000,2284.7
2026-01-13,Ludhiana,Malaria,25,4,114,21.93,37.1,78.4,0.0,3695000,2036.3
2026-01-14,Ludhiana,Malaria,30,3,143,20.98,34.2,75.5,3.4,3695000,1687.5
2026-01-15,Ludhiana,Malaria,33,7,106,31.13,34.5,69.7,5.5,3695000,2958.0
2026-01-16,Ludhiana,Malaria,31,3,125,24.8,34.5,69.8,2.7,3695000,4322.0
2026-01-17,Ludhiana,Malaria,29,6,113,25.66,34.0,66.4,6.6,3695000,1275.1
2026-01-18,Ludhiana,Malaria,37,4,156,23.72,34.8,77.8,2.3,3695000,3662.8
2026-01-19,Ludhiana,Malaria,35,4,142,24.65,37.7,77.0,1.6,3695000,1748.8
2026-01-20,Ludhiana,Malaria,39,8,181,21.55,35.4,73.5,0.0,3695000,3435.7
2026-01-21,Ludhiana,Malaria,39,7,188,20.74,33.4,70.6,3.8,3695000,1473.9
2026-01-22,Ludhiana,Malaria,26,5,121,21.49,33.9,69.7,0.0,3695000,2508.0
2026-01-23,Ludhiana,Malaria,30,5,64,46.88,37.5,75.5,0.0,3695000,1286.0
2026-01-24,Ludhiana,Malaria,32,3,74,43.24,34.5,70.6,2.4,3695000,4510.8
2026-01-25,Ludhiana,Malaria,35,3,156,22.44,33.9,72.3,0.0,3695000,2303.2
2026-01-26,Ludhiana,Malaria,33,3,163,20.25,32.1,69.9,2.2,3695000,2644.9
2026-01-27,Ludhiana,Malaria,26,5,75,34.67,36.5,82.7,1.5,3695000,2487.0
2026-01-28,Ludhiana,Malaria,33,6,93,35.48,34.5,80.6,1.6,3695000,2308.8
2026-01-29,Ludhiana,Malaria,32,6,83,38.55,33.8,70.1,2.5,3695000,4110.5
2026-01-30,Ludhiana,Malaria,30,5,119,25.21,35.2,70.6,2.0,3695000,1819.2
2026-01-31,Ludhiana,Malaria,31,3,126,24.6,37.1,82.5,2.6,3695000,2153.9
2026-02-01,Ludhiana,Malaria,32,5,147,21.77,36.8,76.4,7.3,3695000,2191.4
2026-02-02,Ludhiana,Malaria,31,5,99,31.31,33.2,81.2,2.9,3695000,1325.8
2026-02-03,Ludhiana,Malaria,37,8,102,36.27,37.7,86.0,0.0,3695000,1289.4
2026-02-04,Ludhiana,Malaria,40,6,198,20.2,34.4,80.5,3.9,3695000,4319.0
2026-02-05,Ludhiana,Malaria,35,7,135,25.93,35.3,68.7,10.0,3695000,1742.4
2026-02-06,Ludhiana,Malaria,28,5,72,38.89,34.7,74.5,0.2,3695000,2554.1
2026-02-07,Ludhiana,Malaria,37,7,158,23.42,35.3,80.2,4.8,3695000,1916.1
2026-02-08,Ludhiana,Malaria,28,4,112,25.0,35.7,78.4,7.0,3695000,1490.9
2026-02-09,Ludhiana,Malaria,27,4,116,23.28,35.3,75.6,4.8,3695000,3448.5
2026-02-10,Ludhiana,Malaria,35,5,118,29.66,32.1,81.9,0.4,3695000,1477.2
2026-02-11,Ludhiana,Malaria,34,3,125,27.2,35.4,80.4,0.0,3695000,1654.5
2026-02-12,Ludhiana,Malaria,33,7,102,32.35,35.5,71.0,3.5,3695000,2463.8
2026-02-13,Ludhiana,Malaria,30,4,86,34.88,34.1,86.1,2.2,3695000,2413.7
2026-02-14,Ludhiana,Malaria,35,5,135,25.93,37.3,86.9,0.0,3695000,1743.6
2026-02-15,Ludhiana,Malaria,35,5,141,24.82,30.5,79.0,2.4,3695000,1852.5
2026-02-16,Ludhiana,Malaria,36,4,105,34.29,33.3,69.0,1.2,3695000,1384.4
2026-02-17,Ludhiana,Malaria,35,4,87,40.23,35.5,78.9,3.0,3695000,2782.4
2026-02-18,Ludhiana,Malaria,22,5,56,39.29,32.8,83.6,1.4,3695000,4555.8
2026-02-19,Ludhiana,Malaria,28,3,135,20.74,32.2,83.3,1.7,3695000,1463.2
2026-02-20,Ludhiana,Malaria,27,6,82,32.93,37.0,78.6,6.0,3695000,1498.1
2026-02-21,Ludhiana,Malaria,27,5,130,20.77,32.6,73.9,3.1,3695000,1736.1
2026-02-22,Ludhiana,Malaria,25,2,101,24.75,35.1,80.6,3.4,3695000,1278.6
2026-02-23,Ludhiana,Malaria,41,6,125,32.8,35.5,76.2,7.1,3695000,4107.6
2026-02-24,Ludhiana,Malaria,37,7,119,31.09,32.8,80.4,3.9,3695000,1817.3
2026-02-25,Ludhiana,Malaria,30,5,80,37.5,36.2,76.0,1.5,3695000,1333.7
2026-02-26,Ludhiana,Malaria,33,4,152,21.71,35.9,84.6,6.8,3695000,1456.5
2026-02-27,Ludhiana,Malaria,24,5,50,48.0,35.2,87.6,2.5,3695000,1466.0
2026-02-28,Ludhiana,Malaria,32,7,119,26.89,33.2,77.6,0.0,3695000,3348.9
2026-03-01,Ludhiana,Malaria,32,7,140,22.86,35.6,81.3,3.2,3695000,3217.9
2026-03-02,Ludhiana,Malaria,30,4,142,21.13,34.4,76.7,4.9,3695000,1807.3
2026-03-03,Ludhiana,Malaria,33,7,93,35.48,33.6,78.6,8.5,3695000,2957.6
2026-03-04,Ludhiana,Malaria,32,4,87,36.78,33.8,76.1,6.0,3695000,1650.2
2026-03-05,Ludhiana,Malaria,28,4,120,23.33,31.0,85.4,2.0,3695000,4119.8
2026-03-06,Ludhiana,Malaria,26,6,55,47.27,36.0,86.7,6.4,3695000,2458.0
2026-03-07,Ludhiana,Malaria,34,7,122,27.87,35.7,79.3,4.1,3695000,1863.2
2026-03-08,Ludhiana,Malaria,23,2,108,21.3,32.0,76.5,5.7,3695000,3230.4
2026-03-09,Ludhiana,Malaria,47,6,230,20.43,33.9,72.4,2.7,3695000,2683.1
2026-03-10,Ludhiana,Malaria,45,7,132,34.09,35.4,77.5,4.2,3695000,2586.6
2026-03-11,Ludhiana,Malaria,38,8,151,25.17,33.0,77.0,0.9,3695000,4518.6
2026-03-12,Ludhiana,Malaria,62,8,225,27.56,34.0,78.1,0.0,3695000,2632.4
2026-03-13,Ludhiana,Malaria,79,17,326,24.23,33.1,81.0,5.0,3695000,1584.0
2026-03-14,Ludhiana,Malaria,73,16,242,30.17,31.0,76.2,5.9,3695000,3385.9
2026-03-15,Ludhiana,Malaria,83,20,213,38.97,36.1,72.6,9.0,3695000,2040.0
2026-03-16,Ludhiana,Malaria,108,18,513,21.05,29.5,76.7,4.0,3695000,1473.4
2026-03-17,Ludhiana,Malaria,100,20,407,24.57,33.3,74.5,8.8,3695000,2385.1
2026-03-18,Ludhiana,Malaria,111,24,537,20.67,31.9,75.0,4.6,3695000,2513.4
2026-03-19,Ludhiana,Malaria,120,27,503,23.86,30.9,74.9,4.2,3695000,1281.7
2026-03-20,Ludhiana,Malaria,107,16,395,27.09,31.3,84.9,7.2,3695000,4540.6
2026-03-21,Ludhiana,Malaria,140,16,495,28.28,32.6,76.0,9.4,3695000,3009.5
2026-03-22,Ludhiana,Malaria,123,18,341,36.07,32.0,75.3,3.4,3695000,3722.2
2026-03-23,Ludhiana,Malaria,116,17,462,25.11,32.6,76.9,1.8,3695000,1360.8
2026-03-24,Ludhiana,Malaria,132,24,349,37.82,33.8,83.9,10.6,3695000,2935.1
2026-03-25,Ludhiana,Malaria,138,20,444,31.08,33.1,78.0,9.9,3695000,3433.2
2026-03-26,Ludhiana,Malaria,144,31,394,36.55,32.7,77.2,0.0,3695000,1253.7
2026-03-27,Ludhiana,Malaria,113,13,445,25.39,29.2,72.9,2.7,3695000,1355.8
2026-03-28,Ludhiana,Malaria,113,12,448,25.22,30.8,80.7,2.0,3695000,1868.7
2026-03-29,Ludhiana,Malaria,92,16,360,25.56,32.0,64.1,8.6,3695000,1245.2
2026-03-30,Ludhiana,Malaria,80,15,280,28.57,30.7,86.2,11.3,3695000,1665.4
2026-03-31,Ludhiana,Malaria,79,9,300,26.33,31.2,76.7,3.0,3695000,1893.0
2026-04-01,Ludhiana,Malaria,75,14,325,23.08,30.8,70.2,0.7,3695000,1454.0
2026-04-02,Ludhiana,Malaria,64,7,313,20.45,31.6,90.8,4.6,3695000,3367.7
2026-04-03,Ludhiana,Malaria,56,13,166,33.73,28.9,76.5,4.9,3695000,1638.9
2026-04-04,Ludhiana,Malaria,58,6,238,24.37,28.2,81.9,1.5,3695000,3520.5
2026-04-05,Ludhiana,Malaria,51,11,175,29.14,27.4,86.4,8.6,3695000,1471.9
2026-04-06,Ludhiana,Malaria,42,9,134,31.34,32.8,82.4,11.9,3695000,1436.0
2026-04-07,Ludhiana,Malaria,28,5,126,22.22,28.0,79.2,4.8,3695000,3419.8
2026-04-08,Ludhiana,Malaria,28,6,117,23.93,30.9,79.0,5.4,3695000,1462.5
2026-04-09,Ludhiana,Malaria,36,4,153,23.53,31.8,74.8,8.9,3695000,3771.7
2026-04-10,Ludhiana,Malaria,24,2,97,24.74,29.4,79.8,4.5,3695000,1326.3
2026-04-11,Ludhiana,Malaria,31,5,91,34.07,30.1,75.7,4.8,3695000,1335.2
2026-04-12,Ludhiana,Malaria,27,2,80,33.75,26.9,81.3,6.9,3695000,1829.6
2026-04-13,Ludhiana,Malaria,23,5,61,37.7,32.1,77.7,9.7,3695000,2228.9
2026-04-14,Ludhiana,Malaria,29,3,63,46.03,27.0,76.0,4.8,3695000,1338.3
2026-04-15,Ludhiana,Malaria,26,4,119,21.85,25.2,74.2,0.0,3695000,1757.0
2026-04-16,Ludhiana,Malaria,33,3,122,27.05,27.0,83.0,7.5,3695000,2707.3
2026-04-17,Ludhiana,Malaria,32,6,93,34.41,28.1,82.4,7.0,3695000,1962.8
2026-04-18,Ludhiana,Malaria,21,3,59,35.59,27.3,79.0,5.8,3695000,2538.2
2026-04-19,Ludhiana,Malaria,29,7,99,29.29,30.3,71.5,8.0,3695000,3902.9
2026-04-20,Ludhiana,Malaria,30,4,95,31.58,28.1,74.2,5.0,3695000,1745.5
2026-04-21,Ludhiana,Malaria,29,3,135,21.48,26.2,77.0,5.0,3695000,3832.2
2026-04-22,Ludhiana,Malaria,26,4,109,23.85,30.0,78.3,6.2,3695000,1304.3
2026-04-23,Ludhiana,Malaria,31,4,113,27.43,29.1,75.3,1.3,3695000,1455.9
2026-04-24,Ludhiana,Malaria,24,4,53,45.28,29.2,65.3,8.0,3695000,3170.8
2026-04-25,Ludhiana,Malaria,26,2,99,26.26,27.5,70.3,5.7,3695000,1713.7
2026-04-26,Ludhiana,Malaria,21,4,50,42.0,22.8,68.9,0.0,3695000,2992.4
2026-04-27,Ludhiana,Malaria,26,5,75,34.67,26.0,69.5,1.8,3695000,3192.0
2026-04-28,Ludhiana,Malaria,30,3,63,47.62,26.6,73.5,9.2,3695000,2309.3
2026-04-29,Ludhiana,Malaria,27,5,66,40.91,25.1,67.7,10.7,3695000,3135.1
2026-04-30,Ludhiana,Malaria,29,5,103,28.16,26.9,77.7,3.7,3695000,2459.9
2026-05-01,Ludhiana,Malaria,22,4,104,21.15,27.0,55.6,2.8,3695000,2321.6
2026-05-02,Ludhiana,Malaria,30,7,89,33.71,24.4,69.0,1.1,3695000,2216.4
2026-05-03,Ludhiana,Malaria,22,5,44,50.0,28.7,73.9,0.0,3695000,1334.3
2026-05-04,Ludhiana,Malaria,30,6,61,49.18,26.7,69.0,0.0,3695000,2845.1
2026-05-05,Ludhiana,Malaria,25,2,59,42.37,21.9,75.5,3.6,3695000,3037.6
2026-05-06,Ludhiana,Malaria,20,2,55,36.36,28.8,69.6,3.6,3695000,1936.8
2025-11-08,Mohali,COVID-19,15,2,33,45.45,20.1,51.1,0.0,994628,611.1
2025-11-09,Mohali,COVID-19,12,2,38,31.58,24.5,42.8,0.7,994628,829.2
2025-11-10,Mohali,COVID-19,11,1,49,22.45,26.3,51.1,0.0,994628,527.7
2025-11-11,Mohali,COVID-19,17,3,72,23.61,25.1,50.5,0.0,994628,752.1
2025-11-12,Mohali,COVID-19,14,1,33,42.42,30.7,63.0,0.0,994628,481.1
2025-11-13,Mohali,COVID-19,18,3,51,35.29,25.2,42.1,0.0,994628,390.9
2025-11-14,Mohali,COVID-19,13,1,41,31.71,24.3,55.8,0.0,994628,621.0
2025-11-15,Mohali,COVID-19,18,3,44,40.91,25.3,47.4,0.0,994628,835.4
2025-11-16,Mohali,COVID-19,14,1,38,36.84,21.2,50.9,0.1,994628,485.1
2025-11-17,Mohali,COVID-19,16,2,43,37.21,25.8,50.4,2.0,994628,381.1
2025-11-18,Mohali,COVID-19,13,2,35,37.14,27.7,48.7,0.0,994628,333.3
2025-11-19,Mohali,COVID-19,21,3,104,20.19,26.8,50.7,0.0,994628,364.4
2025-11-20,Mohali,COVID-19,13,1,55,23.64,28.0,44.6,0.0,994628,668.0
2025-11-21,Mohali,COVID-19,18,4,76,23.68,27.0,58.1,0.0,994628,414.3
2025-11-22,Mohali,COVID-19,17,2,48,35.42,27.5,45.9,0.0,994628,802.6
2025-11-23,Mohali,COVID-19,14,1,67,20.9,27.2,52.3,0.0,994628,339.9
2025-11-24,Mohali,COVID-19,19,4,89,21.35,25.6,50.8,1.9,994628,379.3
2025-11-25,Mohali,COVID-19,18,4,74,24.32,28.7,57.1,0.0,994628,616.1
2025-11-26,Mohali,COVID-19,15,1,70,21.43,31.7,53.0,0.0,994628,680.0
2025-11-27,Mohali,COVID-19,15,2,72,20.83,28.4,55.9,0.0,994628,775.9
2025-11-28,Mohali,COVID-19,13,2,64,20.31,26.8,56.1,0.0,994628,847.6
2025-11-29,Mohali,COVID-19,14,2,67,20.9,30.3,48.2,0.0,994628,455.1
2025-11-30,Mohali,COVID-19,17,2,55,30.91,31.5,53.0,0.0,994628,554.2
2025-12-01,Mohali,COVID-19,15,1,42,35.71,25.7,53.0,0.0,994628,401.6
2025-12-02,Mohali,COVID-19,15,1,34,44.12,29.0,60.4,0.1,994628,637.7
2025-12-03,Mohali,COVID-19,18,3,47,38.3,32.0,57.1,0.0,994628,554.9
2025-12-04,Mohali,COVID-19,14,2,53,26.42,29.0,62.2,0.0,994628,567.9
2025-12-05,Mohali,COVID-19,18,4,46,39.13,30.5,66.4,0.0,994628,458.1
2025-12-06,Mohali,COVID-19,18,3,44,40.91,28.2,61.6,0.0,994628,409.0
2025-12-07,Mohali,COVID-19,15,3,34,44.12,29.1,54.5,0.0,994628,587.1
2025-12-08,Mohali,COVID-19,17,3,84,20.24,28.7,61.4,0.0,994628,480.1
2025-12-09,Mohali,COVID-19,13,3,51,25.49,26.4,53.4,0.0,994628,498.3
2025-12-10,Mohali,COVID-19,14,2,43,32.56,29.7,55.9,0.0,994628,453.8
2025-12-11,Mohali,COVID-19,19,2,47,40.43,29.0,63.9,2.3,994628,695.8
2025-12-12,Mohali,COVID-19,17,2,51,33.33,30.1,64.3,0.0,994628,375.2
2025-12-13,Mohali,COVID-19,20,3,49,40.82,30.5,66.9,0.0,994628,1086.2
2025-12-14,Mohali,COVID-19,19,2,90,21.11,29.8,58.7,0.0,994628,429.6
2025-12-15,Mohali,COVID-19,20,3,94,21.28,29.1,62.1,2.8,994628,1091.1
2025-12-16,Mohali,COVID-19,17,3,74,22.97,31.5,69.3,0.0,994628,874.2
2025-12-17,Mohali,COVID-19,13,3,50,26.0,32.4,66.6,0.0,994628,546.5
2025-12-18,Mohali,COVID-19,19,3,41,46.34,30.8,59.5,1.7,994628,453.6
2025-12-19,Mohali,COVID-19,19,4,82,23.17,31.5,67.9,0.0,994628,341.1
2025-12-20,Mohali,COVID-19,19,2,40,47.5,30.3,69.4,0.0,994628,619.8
2025-12-21,Mohali,COVID-19,18,2,44,40.91,32.8,70.8,0.0,994628,552.6
2025-12-22,Mohali,COVID-19,18,4,58,31.03,33.5,56.4,0.0,994628,520.1
2025-12-23,Mohali,COVID-19,16,2,41,39.02,29.8,67.8,0.0,994628,350.5
2025-12-24,Mohali,COVID-19,20,2,76,26.32,33.2,66.9,0.2,994628,822.1
2025-12-25,Mohali,COVID-19,19,2,41,46.34,32.9,61.1,0.0,994628,418.9
2025-12-26,Mohali,COVID-19,16,2,50,32.0,32.2,72.2,0.0,994628,423.8
2025-12-27,Mohali,COVID-19,19,2,67,28.36,32.4,71.0,0.0,994628,369.3
2025-12-28,Mohali,COVID-19,24,3,62,38.71,35.9,68.0,5.0,994628,703.6
2025-12-29,Mohali,COVID-19,19,3,61,31.15,35.4,65.8,0.0,994628,483.8
2025-12-30,Mohali,COVID-19,16,1,34,47.06,30.2,71.8,0.3,994628,342.1
2025-12-31,Mohali,COVID-19,19,4,39,48.72,30.8,73.7,2.1,994628,382.5
2026-01-01,Mohali,COVID-19,18,2,62,29.03,33.6,73.4,0.0,994628,367.9
2026-01-02,Mohali,COVID-19,20,3,53,37.74,33.1,75.4,1.6,994628,635.3
2026-01-03,Mohali,COVID-19,17,4,74,22.97,33.5,67.7,0.0,994628,405.7
2026-01-04,Mohali,COVID-19,18,2,64,28.12,35.0,62.2,6.8,994628,334.4
2026-01-05,Mohali,COVID-19,11,1,48,22.92,31.2,66.0,3.6,994628,575.4
2026-01-06,Mohali,COVID-19,15,1,69,21.74,37.0,64.7,0.0,994628,495.7
2026-01-07,Mohali,COVID-19,18,4,36,50.0,31.6,70.5,0.0,994628,473.0
2026-01-08,Mohali,COVID-19,16,3,78,20.51,34.4,62.0,0.6,994628,357.9
2026-01-09,Mohali,COVID-19,13,2,39,33.33,36.5,72.1,3.6,994628,414.3
2026-01-10,Mohali,COVID-19,18,2,56,32.14,32.1,63.3,3.0,994628,361.2
2026-01-11,Mohali,COVID-19,35,7,84,41.67,33.6,75.5,0.0,994628,728.1
2026-01-12,Mohali,COVID-19,48,10,129,37.21,33.3,74.2,0.0,994628,577.3
2026-01-13,Mohali,COVID-19,35,8,125,28.0,31.8,67.6,0.0,994628,547.5
2026-01-14,Mohali,COVID-19,54,7,184,29.35,34.5,71.9,4.5,994628,825.5
2026-01-15,Mohali,COVID-19,58,9,197,29.44,32.0,78.7,0.0,994628,852.8
2026-01-16,Mohali,COVID-19,64,10,224,28.57,33.9,70.1,6.9,994628,498.6
2026-01-17,Mohali,COVID-19,61,10,260,23.46,32.6,72.8,0.0,994628,479.4
2026-01-18,Mohali,COVID-19,66,10,178,37.08,33.1,69.8,0.7,994628,400.8
2026-01-19,Mohali,COVID-19,98,23,200,49.0,37.6,68.0,4.7,994628,1047.3
2026-01-20,Mohali,COVID-19,70,9,211,33.18,32.8,80.1,2.2,994628,351.9
2026-01-21,Mohali,COVID-19,75,10,180,41.67,34.6,71.5,0.0,994628,1135.6
2026-01-22,Mohali,COVID-19,124,19,391,31.71,34.7,73.0,0.0,994628,875.5
2026-01-23,Mohali,COVID-19,88,8,378,23.28,33.1,77.7,4.9,994628,358.0
2026-01-24,Mohali,COVID-19,112,22,429,26.11,34.9,71.6,0.0,994628,449.3
2026-01-25,Mohali,COVID-19,137,17,667,20.54,33.6,79.1,5.0,994628,642.5
2026-01-26,Mohali,COVID-19,127,17,343,37.03,36.7,79.1,0.0,994628,512.4
2026-01-27,Mohali,COVID-19,99,21,206,48.06,35.5,66.8,5.5,994628,726.9
2026-01-28,Mohali,COVID-19,118,28,549,21.49,34.9,83.1,2.8,994628,429.0
2026-01-29,Mohali,COVID-19,111,26,292,38.01,30.9,76.3,0.0,994628,609.6
2026-01-30,Mohali,COVID-19,139,25,438,31.74,31.0,68.5,6.8,994628,439.5
2026-01-31,Mohali,COVID-19,137,24,346,39.6,32.5,79.9,2.2,994628,722.5
2026-02-01,Mohali,COVID-19,151,16,619,24.39,36.3,82.3,1.9,994628,730.9
2026-02-02,Mohali,COVID-19,124,23,288,43.06,32.9,73.4,4.9,994628,475.8
2026-02-03,Mohali,COVID-19,121,24,491,24.64,36.7,78.1,3.7,994628,351.6
2026-02-04,Mohali,COVID-19,130,29,591,22.0,36.8,78.5,2.2,994628,889.8
2026-02-05,Mohali,COVID-19,119,25,441,26.98,32.8,79.2,5.5,994628,385.6
2026-02-06,Mohali,COVID-19,103,24,379,27.18,34.3,75.1,4.4,994628,342.1
2026-02-07,Mohali,COVID-19,114,12,285,40.0,35.9,85.7,5.7,994628,717.7
2026-02-08,Mohali,COVID-19,141,31,512,27.54,36.3,76.4,0.0,994628,552.6
2026-02-09,Mohali,COVID-19,114,19,470,24.26,33.7,78.7,4.9,994628,333.2
2026-02-10,Mohali,COVID-19,67,12,151,44.37,35.7,69.9,3.1,994628,586.3
2026-02-11,Mohali,COVID-19,88,14,288,30.56,29.7,81.4,5.9,994628,422.9
2026-02-12,Mohali,COVID-19,64,7,288,22.22,37.1,78.9,10.9,994628,575.2
2026-02-13,Mohali,COVID-19,54,8,140,38.57,33.9,86.7,2.1,994628,927.6
2026-02-14,Mohali,COVID-19,43,7,131,32.82,36.8,82.5,2.9,994628,705.0
2026-02-15,Mohali,COVID-19,62,12,216,28.7,35.4,77.5,2.2,994628,1006.9
2026-02-16,Mohali,COVID-19,61,12,208,29.33,33.8,81.7,3.9,994628,424.0
2026-02-17,Mohali,COVID-19,51,8,183,27.87,35.4,81.0,2.7,994628,744.5
2026-02-18,Mohali,COVID-19,44,7,197,22.34,36.3,81.6,3.4,994628,405.0
2026-02-19,Mohali,COVID-19,37,7,143,25.87,35.5,83.4,1.6,994628,1190.9
2026-02-20,Mohali,COVID-19,19,2,52,36.54,32.6,80.6,0.4,994628,1240.4
2026-02-21,Mohali,COVID-19,19,2,87,21.84,36.3,71.9,4.7,994628,599.0
2026-02-22,Mohali,COVID-19,16,3,74,21.62,31.5,73.4,3.4,994628,340.8
2026-02-23,Mohali,COVID-19,19,4,47,40.43,35.7,85.7,6.8,994628,432.1
2026-02-24,Mohali,COVID-19,21,5,96,21.88,38.5,72.5,4.5,994628,917.9
2026-02-25,Mohali,COVID-19,24,5,59,40.68,33.8,82.1,3.0,994628,750.1
2026-02-26,Mohali,COVID-19,17,2,67,25.37,35.1,71.7,6.4,994628,344.6
2026-02-27,Mohali,COVID-19,15,1,57,26.32,31.6,82.6,1.9,994628,490.5
2026-02-28,Mohali,COVID-19,17,2,51,33.33,31.1,76.1,0.0,994628,468.0
2026-03-01,Mohali,COVID-19,19,3,64,29.69,31.6,84.7,2.6,994628,484.7
2026-03-02,Mohali,COVID-19,21,2,64,32.81,33.7,73.4,6.3,994628,1230.4
2026-03-03,Mohali,COVID-19,19,4,71,26.76,36.2,75.9,8.4,994628,523.6
2026-03-04,Mohali,COVID-19,18,1,71,25.35,34.3,83.5,7.4,994628,948.5
2026-03-05,Mohali,COVID-19,19,4,65,29.23,35.1,82.7,10.5,994628,356.1
2026-03-06,Mohali,COVID-19,24,2,69,34.78,35.9,79.2,0.0,994628,367.1
2026-03-07,Mohali,COVID-19,18,3,56,32.14,30.2,71.6,0.0,994628,355.1
2026-03-08,Mohali,COVID-19,20,4,45,44.44,36.2,81.2,1.2,994628,556.6
2026-03-09,Mohali,COVID-19,16,3,66,24.24,34.2,72.1,7.5,994628,628.8
2026-03-10,Mohali,COVID-19,17,2,59,28.81,35.4,81.2,2.6,994628,412.6
2026-03-11,Mohali,COVID-19,22,4,57,38.6,32.4,90.1,6.8,994628,668.6
2026-03-12,Mohali,COVID-19,21,2,90,23.33,35.6,77.2,2.3,994628,584.5
2026-03-13,Mohali,COVID-19,18,2,73,24.66,32.6,78.6,4.4,994628,337.3
2026-03-14,Mohali,COVID-19,12,2,36,33.33,31.9,76.2,3.2,994628,966.4
2026-03-15,Mohali,COVID-19,17,3,44,38.64,34.9,83.2,2.8,994628,612.8
2026-03-16,Mohali,COVID-19,21,2,75,28.0,31.7,83.3,6.4,994628,462.4
2026-03-17,Mohali,COVID-19,19,3,41,46.34,32.1,78.1,10.4,994628,350.8
2026-03-18,Mohali,COVID-19,23,5,55,41.82,34.7,87.3,1.1,994628,410.0
2026-03-19,Mohali,COVID-19,23,5,108,21.3,34.7,78.7,6.2,994628,1086.9
2026-03-20,Mohali,COVID-19,20,2,78,25.64,33.8,74.6,4.3,994628,809.8
2026-03-21,Mohali,COVID-19,18,3,37,48.65,28.3,84.4,7.0,994628,478.6
2026-03-22,Mohali,COVID-19,17,4,52,32.69,34.6,76.1,9.8,994628,334.1
2026-03-23,Mohali,COVID-19,18,2,51,35.29,33.1,74.6,3.5,994628,481.3
2026-03-24,Mohali,COVID-19,22,2,84,26.19,32.2,77.6,0.9,994628,466.3
2026-03-25,Mohali,COVID-19,15,1,47,31.91,36.0,79.6,6.8,994628,1048.5
2026-03-26,Mohali,COVID-19,22,3,64,34.38,32.2,85.8,0.4,994628,1098.1
2026-03-27,Mohali,COVID-19,19,4,86,22.09,27.8,81.0,4.4,994628,506.6
2026-03-28,Mohali,COVID-19,19,3,38,50.0,34.1,84.2,1.8,994628,421.1
2026-03-29,Mohali,COVID-19,21,3,43,48.84,28.3,80.7,3.7,994628,591.0
2026-03-30,Mohali,COVID-19,10,1,33,30.3,30.4,74.8,9.5,994628,366.6
2026-03-31,Mohali,COVID-19,17,2,46,36.96,31.5,76.5,12.8,994628,393.4
2026-04-01,Mohali,COVID-19,19,2,65,29.23,27.5,81.8,7.3,994628,439.7
2026-04-02,Mohali,COVID-19,15,2,72,20.83,33.4,71.0,2.4,994628,377.6
2026-04-03,Mohali,COVID-19,16,2,61,26.23,34.5,87.5,5.5,994628,375.5
2026-04-04,Mohali,COVID-19,18,3,65,27.69,31.0,75.5,0.8,994628,399.8
2026-04-05,Mohali,COVID-19,20,2,96,20.83,30.3,73.1,1.6,994628,963.8
2026-04-06,Mohali,COVID-19,17,4,52,32.69,29.4,73.3,9.4,994628,1177.2
2026-04-07,Mohali,COVID-19,16,2,63,25.4,33.3,81.7,1.4,994628,527.0
2026-04-08,Mohali,COVID-19,17,2,64,26.56,28.5,81.0,4.3,994628,410.8
2026-04-09,Mohali,COVID-19,20,4,94,21.28,28.1,80.8,7.8,994628,420.4
2026-04-10,Mohali,COVID-19,21,3,100,21.0,32.2,74.1,7.0,994628,515.9
2026-04-11,Mohali,COVID-19,20,4,46,43.48,27.3,86.0,3.0,994628,421.5
2026-04-12,Mohali,COVID-19,17,2,83,20.48,33.4,75.6,1.7,994628,404.2
2026-04-13,Mohali,COVID-19,20,3,65,30.77,30.0,75.9,3.2,994628,982.1
2026-04-14,Mohali,COVID-19,15,3,32,46.88,28.2,79.0,10.5,994628,597.3
2026-04-15,Mohali,COVID-19,17,3,41,41.46,31.7,78.8,3.5,994628,400.8
2026-04-16,Mohali,COVID-19,17,2,39,43.59,29.9,67.1,1.1,994628,1225.5
2026-04-17,Mohali,COVID-19,18,1,50,36.0,29.0,67.7,7.7,994628,398.7
2026-04-18,Mohali,COVID-19,14,1,60,23.33,25.9,75.1,0.5,994628,689.9
2026-04-19,Mohali,COVID-19,12,1,56,21.43,26.5,81.3,4.3,994628,928.1
2026-04-20,Mohali,COVID-19,19,3,92,20.65,29.8,82.5,5.5,994628,992.3
2026-04-21,Mohali,COVID-19,16,1,33,48.48,27.7,70.5,0.6,994628,400.7
2026-04-22,Mohali,COVID-19,14,2,53,26.42,30.4,74.3,9.0,994628,616.1
2026-04-23,Mohali,COVID-19,15,2,44,34.09,26.8,78.8,9.6,994628,584.3
2026-04-24,Mohali,COVID-19,15,3,43,34.88,25.5,73.7,2.5,994628,829.1
2026-04-25,Mohali,COVID-19,16,1,61,26.23,28.0,78.0,0.3,994628,381.3
2026-04-26,Mohali,COVID-19,11,2,24,45.83,25.4,76.4,6.0,994628,462.4
2026-04-27,Mohali,COVID-19,13,3,41,31.71,25.6,76.2,2.3,994628,505.6
2026-04-28,Mohali,COVID-19,14,2,38,36.84,25.4,80.1,5.6,994628,1133.5
2026-04-29,Mohali,COVID-19,16,2,68,23.53,29.3,77.9,10.4,994628,367.0
2026-04-30,Mohali,COVID-19,18,2,45,40.0,25.5,76.4,3.5,994628,355.3
2026-05-01,Mohali,COVID-19,14,1,28,50.0,28.6,71.2,6.0,994628,332.8
2026-05-02,Mohali,COVID-19,15,2,57,26.32,26.1,68.1,5.0,994628,455.1
2026-05-03,Mohali,COVID-19,12,1,33,36.36,25.5,68.8,1.8,994628,629.3
2026-05-04,Mohali,COVID-19,14,3,38,36.84,25.4,59.6,6.0,994628,928.5
2026-05-05,Mohali,COVID-19,13,3,55,23.64,26.5,72.2,6.2,994628,482.7
2026-05-06,Mohali,COVID-19,17,2,46,36.96,23.6,74.7,1.1,994628,438.3
2025-11-08,Mohali,Chikungunya,5,0,15,33.33,23.9,43.7,0.0,994628,339.2
2025-11-09,Mohali,Chikungunya,6,0,19,31.58,27.4,54.0,0.0,994628,444.8
2025-11-10,Mohali,Chikungunya,4,0,13,30.77,23.7,40.2,0.0,994628,590.7
2025-11-11,Mohali,Chikungunya,5,0,14,35.71,25.5,55.1,0.0,994628,1156.7
2025-11-12,Mohali,Chikungunya,6,1,25,24.0,24.7,54.0,0.0,994628,518.7
2025-11-13,Mohali,Chikungunya,8,1,28,28.57,25.4,46.6,1.4,994628,990.1
2025-11-14,Mohali,Chikungunya,7,0,21,33.33,26.0,62.8,0.0,994628,411.0
2025-11-15,Mohali,Chikungunya,4,0,11,36.36,27.8,42.8,0.0,994628,939.7
2025-11-16,Mohali,Chikungunya,7,1,33,21.21,28.5,45.7,0.0,994628,503.5
2025-11-17,Mohali,Chikungunya,4,0,12,33.33,26.0,62.6,0.0,994628,437.9
2025-11-18,Mohali,Chikungunya,6,0,22,27.27,26.5,55.0,0.0,994628,456.4
2025-11-19,Mohali,Chikungunya,6,0,21,28.57,24.5,46.1,0.0,994628,1071.8
2025-11-20,Mohali,Chikungunya,6,1,14,42.86,22.5,49.3,0.0,994628,686.7
2025-11-21,Mohali,Chikungunya,6,1,18,33.33,26.8,52.2,1.4,994628,347.1
2025-11-22,Mohali,Chikungunya,7,1,32,21.88,27.0,53.9,0.0,994628,396.8
2025-11-23,Mohali,Chikungunya,7,1,20,35.0,26.5,59.1,0.0,994628,742.8
2025-11-24,Mohali,Chikungunya,8,1,32,25.0,30.8,45.9,0.0,994628,439.1
2025-11-25,Mohali,Chikungunya,6,1,29,20.69,27.2,47.5,0.0,994628,839.8
2025-11-26,Mohali,Chikungunya,6,0,20,30.0,27.6,48.3,0.0,994628,661.2
2025-11-27,Mohali,Chikungunya,4,0,19,21.05,29.3,58.9,0.0,994628,346.1
2025-11-28,Mohali,Chikungunya,8,1,23,34.78,25.8,60.1,1.2,994628,801.2
2025-11-29,Mohali,Chikungunya,7,1,17,41.18,26.8,52.9,0.2,994628,639.7
2025-11-30,Mohali,Chikungunya,7,1,23,30.43,32.7,60.1,0.0,994628,549.6
2025-12-01,Mohali,Chikungunya,7,0,34,20.59,27.8,60.1,0.0,994628,844.0
2025-12-02,Mohali,Chikungunya,8,1,33,24.24,28.1,57.6,0.4,994628,1141.4
2025-12-03,Mohali,Chikungunya,8,1,16,50.0,26.0,53.3,0.0,994628,763.6
2025-12-04,Mohali,Chikungunya,7,0,17,41.18,29.5,68.3,0.0,994628,687.0
2025-12-05,Mohali,Chikungunya,6,0,16,37.5,32.1,58.3,0.1,994628,1041.3
2025-12-06,Mohali,Chikungunya,6,0,22,27.27,27.9,59.4,0.0,994628,603.0
2025-12-07,Mohali,Chikungunya,6,1,25,24.0,30.8,57.3,0.0,994628,463.6
2025-12-08,Mohali,Chikungunya,8,1,36,22.22,29.6,54.3,0.0,994628,906.0
2025-12-09,Mohali,Chikungunya,7,1,30,23.33,29.0,61.0,0.5,994628,444.8
2025-12-10,Mohali,Chikungunya,5,0,19,26.32,24.0,62.1,0.0,994628,471.8
2025-12-11,Mohali,Chikungunya,3,0,8,37.5,28.4,56.9,2.5,994628,589.4
2025-12-12,Mohali,Chikungunya,9,1,34,26.47,28.3,53.2,3.0,994628,461.5
2025-12-13,Mohali,Chikungunya,6,1,15,40.0,25.5,69.0,0.0,994628,396.1
2025-12-14,Mohali,Chikungunya,6,1,16,37.5,27.9,64.5,0.0,994628,431.9
2025-12-15,Mohali,Chikungunya,7,0,33,21.21,35.0,72.4,0.0,994628,907.2
2025-12-16,Mohali,Chikungunya,7,1,26,26.92,31.4,69.0,0.0,994628,456.0
2025-12-17,Mohali,Chikungunya,5,0,12,41.67,34.1,66.8,0.0,994628,499.7
2025-12-18,Mohali,Chikungunya,7,1,31,22.58,30.3,57.9,0.0,994628,1019.9
2025-12-19,Mohali,Chikungunya,8,1,37,21.62,31.4,65.8,1.9,994628,693.6
2025-12-20,Mohali,Chikungunya,8,1,27,29.63,26.6,69.9,0.0,994628,502.5
2025-12-21,Mohali,Chikungunya,7,0,14,50.0,36.5,63.8,0.7,994628,510.6
2025-12-22,Mohali,Chikungunya,7,1,25,28.0,33.3,70.9,1.4,994628,622.1
2025-12-23,Mohali,Chikungunya,5,0,10,50.0,36.3,63.1,1.0,994628,367.7
2025-12-24,Mohali,Chikungunya,6,0,23,26.09,25.8,57.8,0.0,994628,980.1
2025-12-25,Mohali,Chikungunya,7,1,14,50.0,32.5,64.8,0.0,994628,636.1
2025-12-26,Mohali,Chikungunya,7,1,22,31.82,29.6,68.8,0.0,994628,888.3
2025-12-27,Mohali,Chikungunya,5,1,12,41.67,31.2,62.1,0.0,994628,553.3
2025-12-28,Mohali,Chikungunya,7,1,28,25.0,30.5,69.4,0.0,994628,645.9
2025-12-29,Mohali,Chikungunya,6,1,23,26.09,33.2,54.5,0.0,994628,618.9
2025-12-30,Mohali,Chikungunya,6,1,16,37.5,31.2,67.2,0.2,994628,897.9
2025-12-31,Mohali,Chikungunya,6,1,15,40.0,33.3,64.0,1.7,994628,1043.5
2026-01-01,Mohali,Chikungunya,8,1,21,38.1,33.3,64.5,1.9,994628,368.9
2026-01-02,Mohali,Chikungunya,6,1,20,30.0,36.0,73.2,0.0,994628,492.8
2026-01-03,Mohali,Chikungunya,9,2,41,21.95,32.7,64.2,0.7,994628,373.6
2026-01-04,Mohali,Chikungunya,8,1,30,26.67,33.1,74.0,0.0,994628,1043.3
2026-01-05,Mohali,Chikungunya,7,1,31,22.58,32.8,67.6,0.0,994628,344.8
2026-01-06,Mohali,Chikungunya,6,1,16,37.5,35.8,57.3,0.0,994628,369.6
2026-01-07,Mohali,Chikungunya,7,1,26,26.92,32.5,60.4,0.0,994628,686.5
2026-01-08,Mohali,Chikungunya,6,0,22,27.27,34.8,59.6,0.0,994628,371.3
2026-01-09,Mohali,Chikungunya,5,0,23,21.74,35.1,68.5,0.0,994628,735.5
2026-01-10,Mohali,Chikungunya,6,1,12,50.0,33.8,73.8,0.0,994628,728.0
2026-01-11,Mohali,Chikungunya,6,1,13,46.15,30.6,74.6,0.0,994628,355.7
2026-01-12,Mohali,Chikungunya,8,1,29,27.59,31.7,67.4,0.0,994628,538.2
2026-01-13,Mohali,Chikungunya,9,1,22,40.91,34.4,75.7,2.0,994628,877.4
2026-01-14,Mohali,Chikungunya,8,1,25,32.0,30.8,66.3,3.6,994628,434.5
2026-01-15,Mohali,Chikungunya,5,1,17,29.41,36.2,75.1,0.0,994628,530.4
2026-01-16,Mohali,Chikungunya,10,2,39,25.64,32.2,73.2,5.8,994628,342.8
2026-01-17,Mohali,Chikungunya,9,1,37,24.32,32.7,77.3,3.9,994628,349.3
2026-01-18,Mohali,Chikungunya,6,0,21,28.57,33.4,71.2,4.7,994628,512.4
2026-01-19,Mohali,Chikungunya,8,1,17,47.06,33.0,69.6,0.0,994628,457.8
2026-01-20,Mohali,Chikungunya,9,1,37,24.32,30.3,71.7,4.2,994628,635.1
2026-01-21,Mohali,Chikungunya,8,1,21,38.1,36.0,69.1,3.2,994628,376.6
2026-01-22,Mohali,Chikungunya,7,0,14,50.0,33.9,67.6,0.9,994628,682.3
2026-01-23,Mohali,Chikungunya,9,1,27,33.33,33.8,67.0,1.5,994628,1199.8
2026-01-24,Mohali,Chikungunya,10,1,46,21.74,34.2,77.1,0.0,994628,367.3
2026-01-25,Mohali,Chikungunya,8,0,19,42.11,34.8,76.6,1.4,994628,648.1
2026-01-26,Mohali,Chikungunya,9,0,18,50.0,34.0,76.0,2.7,994628,964.2
2026-01-27,Mohali,Chikungunya,18,3,80,22.5,36.8,67.1,1.2,994628,690.6
2026-01-28,Mohali,Chikungunya,26,4,91,28.57,32.7,83.5,1.5,994628,1161.8
2026-01-29,Mohali,Chikungunya,28,4,69,40.58,37.3,74.1,2.9,994628,405.8
2026-01-30,Mohali,Chikungunya,36,8,135,26.67,38.2,76.0,5.8,994628,419.3
2026-01-31,Mohali,Chikungunya,29,6,82,35.37,35.6,66.7,0.0,994628,361.3
2026-02-01,Mohali,Chikungunya,45,5,151,29.8,33.8,78.4,4.5,994628,368.7
2026-02-02,Mohali,Chikungunya,49,6,166,29.52,34.5,69.5,0.0,994628,613.2
2026-02-03,Mohali,Chikungunya,59,7,137,43.07,32.6,74.6,6.8,994628,428.6
2026-02-04,Mohali,Chikungunya,76,12,155,49.03,30.4,78.3,1.3,994628,665.2
2026-02-05,Mohali,Chikungunya,79,11,355,22.25,33.2,74.2,7.0,994628,782.6
2026-02-06,Mohali,Chikungunya,82,10,332,24.7,34.3,67.8,6.7,994628,827.8
2026-02-07,Mohali,Chikungunya,70,8,325,21.54,35.6,73.6,1.5,994628,364.8
2026-02-08,Mohali,Chikungunya,97,24,457,21.23,34.9,74.6,3.6,994628,597.7
2026-02-09,Mohali,Chikungunya,90,16,206,43.69,36.3,78.9,5.8,994628,389.1
2026-02-10,Mohali,Chikungunya,107,18,220,48.64,33.7,77.8,4.5,994628,636.3
2026-02-11,Mohali,Chikungunya,96,14,427,22.48,32.5,76.8,1.9,994628,402.6
2026-02-12,Mohali,Chikungunya,104,10,210,49.52,34.8,74.1,1.2,994628,410.9
2026-02-13,Mohali,Chikungunya,133,22,348,38.22,37.5,86.0,0.0,994628,1126.3
2026-02-14,Mohali,Chikungunya,131,20,491,26.68,37.6,72.9,4.5,994628,423.1
2026-02-15,Mohali,Chikungunya,124,22,355,34.93,34.2,79.6,2.3,994628,572.1
2026-02-16,Mohali,Chikungunya,121,14,524,23.09,33.9,82.7,9.0,994628,331.8
2026-02-17,Mohali,Chikungunya,104,11,454,22.91,35.8,75.9,4.2,994628,540.1
2026-02-18,Mohali,Chikungunya,105,14,506,20.75,36.8,74.7,5.6,994628,449.6
2026-02-19,Mohali,Chikungunya,103,22,433,23.79,33.5,78.7,5.0,994628,339.2
2026-02-20,Mohali,Chikungunya,75,9,165,45.45,36.3,82.0,6.4,994628,479.5
2026-02-21,Mohali,Chikungunya,81,11,297,27.27,33.4,80.3,2.8,994628,1142.2
2026-02-22,Mohali,Chikungunya,67,10,300,22.33,32.0,88.1,5.1,994628,334.1
2026-02-23,Mohali,Chikungunya,50,5,209,23.92,36.1,83.5,5.2,994628,435.3
2026-02-24,Mohali,Chikungunya,81,16,355,22.82,35.1,70.8,0.5,994628,770.0
2026-02-25,Mohali,Chikungunya,54,10,169,31.95,32.9,71.5,6.0,994628,1190.7
2026-02-26,Mohali,Chikungunya,55,12,139,39.57,36.4,77.2,3.3,994628,334.7
2026-02-27,Mohali,Chikungunya,37,7,105,35.24,35.9,84.5,5.4,994628,593.4
2026-02-28,Mohali,Chikungunya,40,6,153,26.14,34.1,82.7,1.9,994628,884.1
2026-03-01,Mohali,Chikungunya,36,8,81,44.44,37.2,83.0,2.5,994628,369.0
2026-03-02,Mohali,Chikungunya,32,5,71,45.07,32.4,84.1,5.2,994628,365.6
2026-03-03,Mohali,Chikungunya,31,5,133,23.31,35.9,71.2,6.9,994628,940.8
2026-03-04,Mohali,Chikungunya,20,4,63,31.75,33.3,80.0,0.0,994628,355.8
2026-03-05,Mohali,Chikungunya,16,3,69,23.19,36.6,67.6,8.0,994628,427.5
2026-03-06,Mohali,Chikungunya,7,1,18,38.89,31.5,73.9,3.3,994628,864.7
2026-03-07,Mohali,Chikungunya,7,1,19,36.84,32.7,80.3,5.4,994628,334.1
2026-03-08,Mohali,Chikungunya,8,1,33,24.24,33.1,72.0,0.0,994628,416.0
2026-03-09,Mohali,Chikungunya,6,1,25,24.0,34.5,86.4,2.2,994628,1001.0
2026-03-10,Mohali,Chikungunya,7,1,23,30.43,32.1,85.8,4.3,994628,334.3
2026-03-11,Mohali,Chikungunya,5,0,12,41.67,32.6,74.7,5.7,994628,576.4
2026-03-12,Mohali,Chikungunya,8,1,39,20.51,34.3,74.5,2.5,994628,982.0
2026-03-13,Mohali,Chikungunya,6,1,20,30.0,31.8,72.9,3.5,994628,576.1
2026-03-14,Mohali,Chikungunya,7,1,21,33.33,36.3,77.9,4.6,994628,369.3
2026-03-15,Mohali,Chikungunya,8,1,35,22.86,34.5,79.3,7.2,994628,964.1
2026-03-16,Mohali,Chikungunya,8,1,36,22.22,36.5,81.2,5.1,994628,399.5
2026-03-17,Mohali,Chikungunya,6,0,29,20.69,33.1,82.6,5.6,994628,353.0
2026-03-18,Mohali,Chikungunya,9,1,39,23.08,31.6,82.8,6.6,994628,1004.5
2026-03-19,Mohali,Chikungunya,8,1,27,29.63,27.4,76.4,3.8,994628,478.1
2026-03-20,Mohali,Chikungunya,7,0,33,21.21,31.2,76.5,2.7,994628,732.8
2026-03-21,Mohali,Chikungunya,5,0,20,25.0,34.7,72.4,10.4,994628,869.1
2026-03-22,Mohali,Chikungunya,7,1,31,22.58,32.7,87.8,3.5,994628,389.0
2026-03-23,Mohali,Chikungunya,8,1,21,38.1,31.6,79.6,5.7,994628,637.8
2026-03-24,Mohali,Chikungunya,7,1,20,35.0,31.6,73.4,5.1,994628,476.7
2026-03-25,Mohali,Chikungunya,5,0,24,20.83,30.7,87.1,6.2,994628,561.8
2026-03-26,Mohali,Chikungunya,8,1,24,33.33,34.3,78.0,5.7,994628,572.8
2026-03-27,Mohali,Chikungunya,6,0,23,26.09,31.1,88.9,8.9,994628,556.4
2026-03-28,Mohali,Chikungunya,7,1,31,22.58,32.8,77.9,2.8,994628,334.2
2026-03-29,Mohali,Chikungunya,7,1,30,23.33,33.7,84.4,3.6,994628,595.6
2026-03-30,Mohali,Chikungunya,6,0,21,28.57,32.9,79.5,3.3,994628,375.7
2026-03-31,Mohali,Chikungunya,6,1,28,21.43,29.8,78.1,6.5,994628,377.4
2026-04-01,Mohali,Chikungunya,7,1,20,35.0,34.8,72.7,8.6,994628,431.3
2026-04-02,Mohali,Chikungunya,6,1,18,33.33,30.3,84.6,7.8,994628,506.1
2026-04-03,Mohali,Chikungunya,6,1,28,21.43,29.4,73.3,7.1,994628,994.6
2026-04-04,Mohali,Chikungunya,5,1,14,35.71,31.0,76.3,7.6,994628,343.5
2026-04-05,Mohali,Chikungunya,6,0,17,35.29,29.4,84.2,9.8,994628,457.3
2026-04-06,Mohali,Chikungunya,5,0,23,21.74,28.8,70.3,6.9,994628,677.2
2026-04-07,Mohali,Chikungunya,7,1,24,29.17,30.1,78.6,10.8,994628,392.4
2026-04-08,Mohali,Chikungunya,7,1,19,36.84,26.1,75.6,5.8,994628,401.4
2026-04-09,Mohali,Chikungunya,6,0,26,23.08,28.4,81.7,2.0,994628,614.1
2026-04-10,Mohali,Chikungunya,6,1,25,24.0,27.9,72.7,1.8,994628,440.5
2026-04-11,Mohali,Chikungunya,7,1,16,43.75,28.3,68.5,6.3,994628,357.7
2026-04-12,Mohali,Chikungunya,7,1,30,23.33,30.3,86.2,0.7,994628,1215.6
2026-04-13,Mohali,Chikungunya,5,1,13,38.46,29.1,83.1,0.0,994628,465.9
2026-04-14,Mohali,Chikungunya,6,1,28,21.43,28.1,81.1,5.8,994628,630.4
2026-04-15,Mohali,Chikungunya,6,1,28,21.43,30.5,81.6,7.6,994628,470.2
2026-04-16,Mohali,Chikungunya,5,0,12,41.67,25.4,76.7,5.6,994628,627.6
2026-04-17,Mohali,Chikungunya,7,1,24,29.17,28.8,68.9,8.7,994628,539.2
2026-04-18,Mohali,Chikungunya,7,1,32,21.88,30.1,69.3,1.2,994628,471.8
2026-04-19,Mohali,Chikungunya,6,0,21,28.57,27.8,71.5,4.1,994628,574.3
2026-04-20,Mohali,Chikungunya,6,1,20,30.0,26.6,81.9,3.5,994628,1112.9
2026-04-21,Mohali,Chikungunya,7,1,31,22.58,26.8,70.0,7.7,994628,365.3
2026-04-22,Mohali,Chikungunya,5,0,19,26.32,27.9,70.7,3.7,994628,918.5
2026-04-23,Mohali,Chikungunya,5,1,11,45.45,29.3,77.8,5.8,994628,855.9
2026-04-24,Mohali,Chikungunya,6,1,18,33.33,26.2,80.0,5.2,994628,750.1
2026-04-25,Mohali,Chikungunya,6,1,16,37.5,29.6,82.6,6.8,994628,345.9
2026-04-26,Mohali,Chikungunya,6,1,15,40.0,28.1,74.9,0.0,994628,1167.6
2026-04-27,Mohali,Chikungunya,5,1,21,23.81,24.5,74.0,3.7,994628,505.8
2026-04-28,Mohali,Chikungunya,6,0,28,21.43,24.1,61.8,5.7,994628,397.8
2026-04-29,Mohali,Chikungunya,6,0,23,26.09,26.8,70.2,3.2,994628,383.2
2026-04-30,Mohali,Chikungunya,7,0,31,22.58,28.3,74.0,7.2,994628,488.2
2026-05-01,Mohali,Chikungunya,7,1,22,31.82,26.5,73.7,5.9,994628,340.5
2026-05-02,Mohali,Chikungunya,5,0,23,21.74,26.0,60.5,2.1,994628,594.7
2026-05-03,Mohali,Chikungunya,6,1,15,40.0,29.8,82.3,8.3,994628,369.3
2026-05-04,Mohali,Chikungunya,6,1,27,22.22,27.5,71.9,3.9,994628,604.1
2026-05-05,Mohali,Chikungunya,5,0,23,21.74,25.5,69.1,8.0,994628,495.6
2026-05-06,Mohali,Chikungunya,6,1,27,22.22,28.2,72.7,1.3,994628,628.2
2025-11-08,Mohali,Dengue,28,3,107,26.17,21.8,44.8,0.0,994628,1126.7
2025-11-09,Mohali,Dengue,25,3,124,20.16,24.6,40.6,0.0,994628,454.6
2025-11-10,Mohali,Dengue,31,3,99,31.31,24.5,49.4,0.0,994628,629.8
2025-11-11,Mohali,Dengue,32,6,66,48.48,23.3,53.5,0.5,994628,332.0
2025-11-12,Mohali,Dengue,32,4,67,47.76,21.9,53.6,0.0,994628,689.8
2025-11-13,Mohali,Dengue,26,3,76,34.21,28.5,55.3,3.1,994628,420.0
2025-11-14,Mohali,Dengue,24,5,81,29.63,23.2,45.6,0.0,994628,943.5
2025-11-15,Mohali,Dengue,30,5,120,25.0,22.8,51.3,0.0,994628,504.4
2025-11-16,Mohali,Dengue,29,3,70,41.43,27.3,48.8,3.0,994628,474.4
2025-11-17,Mohali,Dengue,24,2,79,30.38,23.5,51.8,0.0,994628,509.8
2025-11-18,Mohali,Dengue,38,9,156,24.36,28.6,50.5,0.0,994628,349.2
2025-11-19,Mohali,Dengue,30,7,120,25.0,21.7,46.1,0.0,994628,460.8
2025-11-20,Mohali,Dengue,41,10,186,22.04,28.1,50.5,0.0,994628,426.4
2025-11-21,Mohali,Dengue,31,5,81,38.27,30.3,48.8,0.0,994628,523.2
2025-11-22,Mohali,Dengue,34,5,74,45.95,32.7,57.7,0.0,994628,427.7
2025-11-23,Mohali,Dengue,29,4,97,29.9,23.4,55.6,0.0,994628,537.4
2025-11-24,Mohali,Dengue,35,5,75,46.67,24.1,60.7,0.0,994628,469.6
2025-11-25,Mohali,Dengue,33,7,71,46.48,30.8,64.5,0.0,994628,663.1
2025-11-26,Mohali,Dengue,30,4,79,37.97,30.3,49.4,1.2,994628,690.7
2025-11-27,Mohali,Dengue,39,4,121,32.23,27.2,53.6,0.0,994628,356.3
2025-11-28,Mohali,Dengue,32,4,91,35.16,29.0,56.6,0.0,994628,425.1
2025-11-29,Mohali,Dengue,30,4,83,36.14,26.9,57.5,0.0,994628,601.0
2025-11-30,Mohali,Dengue,27,3,83,32.53,28.2,58.4,0.0,994628,743.7
2025-12-01,Mohali,Dengue,27,3,71,38.03,28.6,60.8,0.0,994628,697.0
2025-12-02,Mohali,Dengue,38,7,120,31.67,29.8,54.7,0.0,994628,856.7
2025-12-03,Mohali,Dengue,30,6,137,21.9,31.5,47.8,0.0,994628,969.3
2025-12-04,Mohali,Dengue,33,7,148,22.3,29.5,64.9,0.0,994628,598.2
2025-12-05,Mohali,Dengue,23,4,90,25.56,31.9,54.7,0.0,994628,718.1
2025-12-06,Mohali,Dengue,47,11,128,36.72,34.9,64.8,0.0,994628,958.7
2025-12-07,Mohali,Dengue,29,5,127,22.83,28.2,62.9,0.0,994628,747.1
2025-12-08,Mohali,Dengue,38,6,118,32.2,29.9,60.2,0.0,994628,967.8
2025-12-09,Mohali,Dengue,32,4,103,31.07,28.3,51.0,2.7,994628,356.1
2025-12-10,Mohali,Dengue,38,5,105,36.19,27.4,64.8,1.6,994628,594.4
2025-12-11,Mohali,Dengue,34,4,166,20.48,27.6,65.7,0.5,994628,540.2
2025-12-12,Mohali,Dengue,37,8,139,26.62,28.1,57.3,0.0,994628,565.8
2025-12-13,Mohali,Dengue,41,9,160,25.62,31.8,53.8,0.0,994628,376.4
2025-12-14,Mohali,Dengue,37,7,118,31.36,27.8,67.0,0.0,994628,880.4
2025-12-15,Mohali,Dengue,34,5,144,23.61,27.5,58.5,0.0,994628,1183.7
2025-12-16,Mohali,Dengue,39,4,123,31.71,28.6,76.5,0.0,994628,459.1
2025-12-17,Mohali,Dengue,36,5,91,39.56,29.3,62.6,0.0,994628,350.4
2025-12-18,Mohali,Dengue,31,5,97,31.96,33.0,68.1,0.0,994628,659.6
2025-12-19,Mohali,Dengue,37,5,139,26.62,28.8,71.8,0.0,994628,336.5
2025-12-20,Mohali,Dengue,32,5,113,28.32,32.0,59.7,2.9,994628,447.6
2025-12-21,Mohali,Dengue,34,4,98,34.69,32.5,60.5,2.6,994628,344.1
2025-12-22,Mohali,Dengue,36,5,81,44.44,33.4,65.2,0.1,994628,387.8
2025-12-23,Mohali,Dengue,35,4,134,26.12,32.9,71.2,1.1,994628,1093.6
2025-12-24,Mohali,Dengue,39,9,83,46.99,31.7,59.9,0.5,994628,606.9
2025-12-25,Mohali,Dengue,34,5,161,21.12,30.5,61.7,0.0,994628,406.6
2025-12-26,Mohali,Dengue,31,6,81,38.27,33.1,68.3,3.6,994628,369.4
2025-12-27,Mohali,Dengue,41,7,108,37.96,31.8,66.3,3.2,994628,534.5
2025-12-28,Mohali,Dengue,39,4,116,33.62,33.3,66.4,0.7,994628,608.2
2025-12-29,Mohali,Dengue,41,7,83,49.4,31.7,67.0,0.0,994628,659.9
2025-12-30,Mohali,Dengue,41,9,82,50.0,32.8,75.3,1.3,994628,723.4
2025-12-31,Mohali,Dengue,46,5,160,28.75,34.3,68.1,0.0,994628,561.8
2026-01-01,Mohali,Dengue,34,3,112,30.36,32.1,75.0,0.0,994628,636.3
2026-01-02,Mohali,Dengue,32,7,107,29.91,36.6,70.6,0.0,994628,510.9
2026-01-03,Mohali,Dengue,33,4,159,20.75,28.3,67.2,1.2,994628,385.2
2026-01-04,Mohali,Dengue,33,7,69,47.83,35.6,73.7,0.0,994628,690.6
2026-01-05,Mohali,Dengue,30,6,74,40.54,33.6,66.2,0.0,994628,404.0
2026-01-06,Mohali,Dengue,39,4,177,22.03,35.3,66.3,0.0,994628,446.3
2026-01-07,Mohali,Dengue,34,6,86,39.53,34.0,63.9,0.0,994628,383.1
2026-01-08,Mohali,Dengue,33,8,151,21.85,34.4,78.1,0.0,994628,551.3
2026-01-09,Mohali,Dengue,32,6,85,37.65,32.0,69.6,3.4,994628,462.6
2026-01-10,Mohali,Dengue,31,4,65,47.69,35.4,67.4,1.6,994628,927.7
2026-01-11,Mohali,Dengue,46,9,160,28.75,31.5,74.7,0.0,994628,672.6
2026-01-12,Mohali,Dengue,40,4,159,25.16,33.2,66.7,4.5,994628,832.7
2026-01-13,Mohali,Dengue,29,7,70,41.43,34.4,64.0,3.4,994628,484.0
2026-01-14,Mohali,Dengue,43,8,155,27.74,32.4,70.3,4.8,994628,407.3
2026-01-15,Mohali,Dengue,38,8,145,26.21,33.4,70.7,0.0,994628,412.7
2026-01-16,Mohali,Dengue,36,4,137,26.28,37.6,72.6,0.0,994628,697.0
2026-01-17,Mohali,Dengue,45,5,208,21.63,33.6,68.3,2.0,994628,539.0
2026-01-18,Mohali,Dengue,30,5,92,32.61,33.9,66.8,0.0,994628,442.9
2026-01-19,Mohali,Dengue,32,5,105,30.48,34.1,75.9,5.0,994628,384.0
2026-01-20,Mohali,Dengue,29,5,95,30.53,34.9,78.1,0.7,994628,722.1
2026-01-21,Mohali,Dengue,36,8,154,23.38,29.4,67.1,1.6,994628,591.3
2026-01-22,Mohali,Dengue,46,5,177,25.99,37.4,69.7,5.8,994628,357.3
2026-01-23,Mohali,Dengue,37,4,170,21.76,34.2,71.0,7.3,994628,1118.6
2026-01-24,Mohali,Dengue,31,3,76,40.79,35.5,72.2,1.7,994628,840.1
2026-01-25,Mohali,Dengue,40,9,121,33.06,35.4,70.1,0.0,994628,356.3
2026-01-26,Mohali,Dengue,31,4,139,22.3,33.1,79.2,2.2,994628,407.8
2026-01-27,Mohali,Dengue,34,6,85,40.0,35.6,67.6,2.4,994628,471.0
2026-01-28,Mohali,Dengue,36,5,117,30.77,33.8,87.5,4.6,994628,438.1
2026-01-29,Mohali,Dengue,49,9,194,25.26,30.9,73.0,4.6,994628,731.0
2026-01-30,Mohali,Dengue,31,5,82,37.8,33.5,69.1,4.3,994628,362.3
2026-01-31,Mohali,Dengue,29,4,132,21.97,32.8,75.5,2.6,994628,526.7
2026-02-01,Mohali,Dengue,35,5,170,20.59,36.5,77.9,0.0,994628,453.4
2026-02-02,Mohali,Dengue,34,3,100,34.0,37.7,82.2,2.0,994628,381.4
2026-02-03,Mohali,Dengue,41,5,134,30.6,34.2,70.8,0.6,994628,604.9
2026-02-04,Mohali,Dengue,33,4,75,44.0,34.9,78.7,3.8,994628,365.1
2026-02-05,Mohali,Dengue,34,5,111,30.63,33.1,70.5,0.0,994628,585.3
2026-02-06,Mohali,Dengue,46,11,187,24.6,34.5,80.3,4.4,994628,810.4
2026-02-07,Mohali,Dengue,40,7,183,21.86,35.1,72.1,0.0,994628,414.3
2026-02-08,Mohali,Dengue,36,3,87,41.38,37.2,80.7,2.2,994628,354.1
2026-02-09,Mohali,Dengue,45,8,155,29.03,36.3,71.9,5.8,994628,577.0
2026-02-10,Mohali,Dengue,27,6,116,23.28,35.0,74.5,0.0,994628,364.3
2026-02-11,Mohali,Dengue,41,7,192,21.35,32.4,74.7,4.9,994628,339.7
2026-02-12,Mohali,Dengue,37,5,142,26.06,31.9,77.3,3.8,994628,427.5
2026-02-13,Mohali,Dengue,35,7,156,22.44,35.8,71.4,5.5,994628,802.6
2026-02-14,Mohali,Dengue,32,3,118,27.12,32.6,76.3,3.2,994628,414.4
2026-02-15,Mohali,Dengue,30,3,138,21.74,36.7,78.9,3.0,994628,348.9
2026-02-16,Mohali,Dengue,35,7,162,21.6,31.7,74.5,5.3,994628,939.6
2026-02-17,Mohali,Dengue,42,6,199,21.11,38.9,77.4,2.5,994628,1099.6
2026-02-18,Mohali,Dengue,31,6,96,32.29,29.3,72.1,2.4,994628,671.5
2026-02-19,Mohali,Dengue,43,10,174,24.71,35.9,81.2,7.2,994628,401.9
2026-02-20,Mohali,Dengue,43,5,119,36.13,32.3,78.2,1.8,994628,1134.3
2026-02-21,Mohali,Dengue,43,8,190,22.63,35.1,75.1,3.0,994628,627.6
2026-02-22,Mohali,Dengue,40,9,89,44.94,32.1,85.9,0.0,994628,520.3
2026-02-23,Mohali,Dengue,33,4,84,39.29,36.1,71.6,0.0,994628,394.3
2026-02-24,Mohali,Dengue,37,4,173,21.39,36.0,75.9,1.3,994628,467.8
2026-02-25,Mohali,Dengue,42,7,120,35.0,35.7,75.1,2.2,994628,1018.9
2026-02-26,Mohali,Dengue,31,4,104,29.81,37.4,76.7,0.0,994628,663.0
2026-02-27,Mohali,Dengue,39,7,130,30.0,33.2,80.5,2.4,994628,397.6
2026-02-28,Mohali,Dengue,40,4,191,20.94,33.4,82.4,0.9,994628,856.2
2026-03-01,Mohali,Dengue,36,5,130,27.69,33.4,78.1,6.4,994628,583.3
2026-03-02,Mohali,Dengue,41,9,88,46.59,35.9,70.6,0.0,994628,1007.2
2026-03-03,Mohali,Dengue,30,3,128,23.44,35.0,86.2,9.6,994628,499.9
2026-03-04,Mohali,Dengue,30,3,127,23.62,34.4,82.0,3.9,994628,522.4
2026-03-05,Mohali,Dengue,31,7,115,26.96,34.7,79.5,6.3,994628,782.5
2026-03-06,Mohali,Dengue,42,5,162,25.93,34.3,80.6,1.0,994628,534.1
2026-03-07,Mohali,Dengue,31,4,119,26.05,32.4,81.6,3.2,994628,618.3
2026-03-08,Mohali,Dengue,43,10,120,35.83,36.0,83.7,5.9,994628,575.7
2026-03-09,Mohali,Dengue,37,4,77,48.05,33.5,75.7,11.6,994628,577.0
2026-03-10,Mohali,Dengue,42,4,106,39.62,34.8,76.5,0.7,994628,428.4
2026-03-11,Mohali,Dengue,36,6,97,37.11,34.2,81.4,6.0,994628,337.8
2026-03-12,Mohali,Dengue,31,5,152,20.39,34.4,78.4,6.0,994628,824.4
2026-03-13,Mohali,Dengue,23,3,102,22.55,36.9,74.2,1.9,994628,992.3
2026-03-14,Mohali,Dengue,27,6,90,30.0,33.9,89.2,4.4,994628,931.1
2026-03-15,Mohali,Dengue,47,8,158,29.75,34.2,78.9,1.3,994628,356.1
2026-03-16,Mohali,Dengue,43,9,206,20.87,31.2,79.4,9.7,994628,560.4
2026-03-17,Mohali,Dengue,35,5,73,47.95,32.7,68.8,0.0,994628,862.4
2026-03-18,Mohali,Dengue,53,11,152,34.87,29.5,73.5,1.9,994628,422.5
2026-03-19,Mohali,Dengue,65,13,308,21.1,35.1,77.1,3.8,994628,892.4
2026-03-20,Mohali,Dengue,76,14,168,45.24,32.0,77.1,5.8,994628,423.8
2026-03-21,Mohali,Dengue,116,16,473,24.52,37.3,85.7,3.1,994628,438.1
2026-03-22,Mohali,Dengue,109,15,398,27.39,28.7,82.9,0.0,994628,442.6
2026-03-23,Mohali,Dengue,91,18,345,26.38,33.4,80.0,2.0,994628,1236.9
2026-03-24,Mohali,Dengue,133,18,306,43.46,30.0,75.2,4.9,994628,794.8
2026-03-25,Mohali,Dengue,113,16,415,27.23,31.0,76.0,4.5,994628,638.8
2026-03-26,Mohali,Dengue,158,23,621,25.44,30.8,78.6,3.8,994628,512.3
2026-03-27,Mohali,Dengue,166,33,430,38.6,33.4,75.3,3.8,994628,433.7
2026-03-28,Mohali,Dengue,191,46,454,42.07,31.8,72.8,5.3,994628,355.3
2026-03-29,Mohali,Dengue,174,39,520,33.46,30.4,73.8,0.9,994628,383.0
2026-03-30,Mohali,Dengue,215,26,841,25.56,34.0,74.0,9.4,994628,397.5
2026-03-31,Mohali,Dengue,206,30,520,39.62,30.9,76.2,0.0,994628,384.2
2026-04-01,Mohali,Dengue,215,23,840,25.6,30.3,75.7,9.4,994628,881.3
2026-04-02,Mohali,Dengue,226,48,888,25.45,28.5,78.1,0.8,994628,483.4
2026-04-03,Mohali,Dengue,158,38,600,26.33,30.9,84.8,7.2,994628,455.2
2026-04-04,Mohali,Dengue,196,32,492,39.84,30.8,81.8,0.6,994628,771.3
2026-04-05,Mohali,Dengue,169,22,549,30.78,29.3,72.7,5.8,994628,1190.7
2026-04-06,Mohali,Dengue,156,18,595,26.22,31.0,79.2,1.8,994628,379.3
2026-04-07,Mohali,Dengue,140,30,395,35.44,29.7,80.4,3.0,994628,535.3
2026-04-08,Mohali,Dengue,158,32,390,40.51,30.3,78.0,5.8,994628,365.9
2026-04-09,Mohali,Dengue,99,12,474,20.89,30.7,78.5,1.2,994628,836.5
2026-04-10,Mohali,Dengue,103,22,380,27.11,29.5,75.9,6.1,994628,333.0
2026-04-11,Mohali,Dengue,79,13,192,41.15,26.9,65.6,2.2,994628,901.4
2026-04-12,Mohali,Dengue,80,15,239,33.47,29.6,77.3,6.8,994628,869.4
2026-04-13,Mohali,Dengue,83,8,232,35.78,30.6,74.2,3.7,994628,413.8
2026-04-14,Mohali,Dengue,43,10,202,21.29,23.7,79.0,7.7,994628,1147.1
2026-04-15,Mohali,Dengue,33,4,143,23.08,25.0,75.0,12.4,994628,539.1
2026-04-16,Mohali,Dengue,40,9,129,31.01,30.1,71.1,7.1,994628,579.1
2026-04-17,Mohali,Dengue,27,5,78,34.62,28.9,80.1,8.9,994628,683.4
2026-04-18,Mohali,Dengue,26,5,109,23.85,27.2,74.7,6.5,994628,612.0
2026-04-19,Mohali,Dengue,30,4,137,21.9,28.7,80.6,8.9,994628,501.0
2026-04-20,Mohali,Dengue,33,6,107,30.84,28.2,75.4,5.4,994628,342.5
2026-04-21,Mohali,Dengue,36,5,155,23.23,28.0,60.0,2.7,994628,918.5
2026-04-22,Mohali,Dengue,32,6,141,22.7,28.8,80.2,0.3,994628,534.0
2026-04-23,Mohali,Dengue,37,4,162,22.84,25.0,71.3,7.0,994628,362.9
2026-04-24,Mohali,Dengue,46,8,137,33.58,26.3,67.5,7.7,994628,350.6
2026-04-25,Mohali,Dengue,31,3,150,20.67,29.2,67.4,0.0,994628,488.8
2026-04-26,Mohali,Dengue,28,3,118,23.73,30.0,76.1,5.4,994628,895.3
2026-04-27,Mohali,Dengue,24,2,113,21.24,28.1,78.0,0.0,994628,937.7
2026-04-28,Mohali,Dengue,26,6,99,26.26,23.8,72.3,6.0,994628,550.7
2026-04-29,Mohali,Dengue,23,4,106,21.7,25.7,71.5,5.6,994628,390.6
2026-04-30,Mohali,Dengue,41,7,82,50.0,27.3,70.4,1.8,994628,1048.1
2026-05-01,Mohali,Dengue,33,7,160,20.62,23.9,72.8,0.0,994628,336.5
2026-05-02,Mohali,Dengue,26,6,94,27.66,28.5,74.6,5.8,994628,821.3
2026-05-03,Mohali,Dengue,36,4,172,20.93,29.8,73.0,5.0,994628,397.5
2026-05-04,Mohali,Dengue,25,5,115,21.74,27.6,68.5,0.5,994628,593.2
2026-05-05,Mohali,Dengue,28,4,98,28.57,22.1,69.0,6.3,994628,413.0
2026-05-06,Mohali,Dengue,23,5,83,27.71,24.3,66.9,8.6,994628,910.5
2025-11-08,Mohali,Influenza,28,5,131,21.37,26.1,50.6,0.0,994628,404.9
2025-11-09,Mohali,Influenza,22,5,82,26.83,22.3,57.2,0.0,994628,824.8
2025-11-10,Mohali,Influenza,30,7,110,27.27,24.4,61.3,0.0,994628,366.0
2025-11-11,Mohali,Influenza,25,4,92,27.17,27.9,43.4,0.0,994628,509.1
2025-11-12,Mohali,Influenza,31,5,93,33.33,22.6,54.3,0.0,994628,363.4
2025-11-13,Mohali,Influenza,31,5,104,29.81,23.4,53.3,0.0,994628,356.8
2025-11-14,Mohali,Influenza,26,5,116,22.41,28.6,58.6,0.0,994628,1007.2
2025-11-15,Mohali,Influenza,28,5,82,34.15,23.8,51.2,0.0,994628,898.2
2025-11-16,Mohali,Influenza,25,3,113,22.12,25.1,57.9,0.0,994628,891.9
2025-11-17,Mohali,Influenza,34,7,114,29.82,23.4,50.8,0.0,994628,1227.1
2025-11-18,Mohali,Influenza,31,4,82,37.8,30.1,46.5,0.0,994628,381.1
2025-11-19,Mohali,Influenza,31,7,138,22.46,25.7,52.7,0.0,994628,376.3
2025-11-20,Mohali,Influenza,33,5,71,46.48,25.0,49.2,0.0,994628,338.6
2025-11-21,Mohali,Influenza,20,3,68,29.41,25.4,56.5,0.0,994628,461.5
2025-11-22,Mohali,Influenza,31,3,151,20.53,26.4,52.7,0.0,994628,427.8
2025-11-23,Mohali,Influenza,17,2,67,25.37,29.6,53.9,0.0,994628,663.1
2025-11-24,Mohali,Influenza,30,4,141,21.28,27.4,53.5,0.0,994628,450.8
2025-11-25,Mohali,Influenza,29,5,95,30.53,31.3,67.6,0.0,994628,950.7
2025-11-26,Mohali,Influenza,35,5,134,26.12,27.3,57.4,0.0,994628,398.0
2025-11-27,Mohali,Influenza,29,5,61,47.54,28.2,56.3,0.0,994628,481.6
2025-11-28,Mohali,Influenza,32,3,136,23.53,31.1,58.2,0.0,994628,756.8
2025-11-29,Mohali,Influenza,34,7,89,38.2,30.0,50.5,0.0,994628,733.9
2025-11-30,Mohali,Influenza,28,5,124,22.58,30.8,59.5,0.0,994628,706.2
2025-12-01,Mohali,Influenza,26,2,69,37.68,28.9,54.2,0.0,994628,600.8
2025-12-02,Mohali,Influenza,27,5,79,34.18,30.9,60.8,0.0,994628,538.2
2025-12-03,Mohali,Influenza,29,3,63,46.03,28.8,59.0,0.0,994628,492.3
2025-12-04,Mohali,Influenza,28,4,102,27.45,28.0,57.2,0.0,994628,337.7
2025-12-05,Mohali,Influenza,28,5,99,28.28,30.4,61.2,0.0,994628,513.7
2025-12-06,Mohali,Influenza,24,2,109,22.02,29.6,54.4,0.0,994628,1199.8
2025-12-07,Mohali,Influenza,36,5,170,21.18,30.1,57.2,0.0,994628,501.1
2025-12-08,Mohali,Influenza,38,5,108,35.19,32.2,64.2,0.0,994628,413.0
2025-12-09,Mohali,Influenza,32,6,74,43.24,32.5,69.4,1.2,994628,622.2
2025-12-10,Mohali,Influenza,27,5,58,46.55,30.8,52.2,0.0,994628,441.6
2025-12-11,Mohali,Influenza,33,4,123,26.83,30.8,64.5,0.5,994628,672.1
2025-12-12,Mohali,Influenza,32,7,105,30.48,29.0,58.3,1.9,994628,613.8
2025-12-13,Mohali,Influenza,25,4,83,30.12,32.8,65.2,0.0,994628,422.8
2025-12-14,Mohali,Influenza,35,6,122,28.69,28.8,62.1,0.7,994628,339.1
2025-12-15,Mohali,Influenza,30,4,130,23.08,31.0,57.2,0.0,994628,541.6
2025-12-16,Mohali,Influenza,33,6,140,23.57,31.8,67.1,0.2,994628,426.9
2025-12-17,Mohali,Influenza,28,4,101,27.72,35.5,71.2,0.0,994628,737.3
2025-12-18,Mohali,Influenza,43,5,130,33.08,32.3,69.5,0.0,994628,587.1
2025-12-19,Mohali,Influenza,31,5,85,36.47,31.3,66.9,0.7,994628,607.1
2025-12-20,Mohali,Influenza,26,6,78,33.33,34.5,59.9,1.6,994628,906.1
2025-12-21,Mohali,Influenza,33,5,157,21.02,29.0,71.3,5.1,994628,592.3
2025-12-22,Mohali,Influenza,25,2,96,26.04,33.2,63.1,0.0,994628,553.7
2025-12-23,Mohali,Influenza,33,6,159,20.75,29.3,69.5,0.0,994628,591.4
2025-12-24,Mohali,Influenza,29,6,100,29.0,32.6,67.9,0.0,994628,594.8
2025-12-25,Mohali,Influenza,24,2,57,42.11,30.4,66.7,1.9,994628,517.1
2025-12-26,Mohali,Influenza,28,5,131,21.37,30.0,68.4,0.0,994628,535.2
2025-12-27,Mohali,Influenza,25,4,74,33.78,32.9,67.1,0.0,994628,409.7
2025-12-28,Mohali,Influenza,30,6,90,33.33,31.3,75.2,0.0,994628,439.0
2025-12-29,Mohali,Influenza,31,4,101,30.69,35.0,64.1,0.0,994628,341.5
2025-12-30,Mohali,Influenza,38,7,103,36.89,36.7,72.0,0.4,994628,1070.1
2025-12-31,Mohali,Influenza,21,3,70,30.0,34.4,70.1,3.1,994628,789.7
2026-01-01,Mohali,Influenza,32,6,83,38.55,32.9,76.1,0.0,994628,605.2
2026-01-02,Mohali,Influenza,30,4,115,26.09,30.6,57.4,1.2,994628,462.5
2026-01-03,Mohali,Influenza,34,5,132,25.76,35.5,79.0,1.0,994628,969.2
2026-01-04,Mohali,Influenza,36,7,89,40.45,33.2,64.5,0.6,994628,553.4
2026-01-05,Mohali,Influenza,27,6,126,21.43,36.1,66.9,0.2,994628,371.8
2026-01-06,Mohali,Influenza,34,8,163,20.86,34.6,68.8,1.1,994628,748.9
2026-01-07,Mohali,Influenza,36,7,78,46.15,34.4,66.1,0.0,994628,1100.4
2026-01-08,Mohali,Influenza,33,6,130,25.38,31.4,67.5,0.4,994628,1221.1
2026-01-09,Mohali,Influenza,36,8,176,20.45,36.5,70.7,0.0,994628,703.5
2026-01-10,Mohali,Influenza,35,7,140,25.0,32.6,65.2,0.8,994628,610.1
2026-01-11,Mohali,Influenza,28,5,98,28.57,36.0,73.1,0.0,994628,633.8
2026-01-12,Mohali,Influenza,31,3,63,49.21,33.5,80.6,1.9,994628,890.8
2026-01-13,Mohali,Influenza,43,5,103,41.75,34.4,65.4,0.0,994628,528.3
2026-01-14,Mohali,Influenza,39,4,137,28.47,30.6,74.9,0.0,994628,502.5
2026-01-15,Mohali,Influenza,38,6,119,31.93,32.3,71.3,3.1,994628,870.1
2026-01-16,Mohali,Influenza,29,6,97,29.9,35.4,79.7,0.1,994628,656.6
2026-01-17,Mohali,Influenza,34,7,138,24.64,32.0,75.5,7.0,994628,604.4
2026-01-18,Mohali,Influenza,33,7,82,40.24,35.1,74.1,0.4,994628,922.7
2026-01-19,Mohali,Influenza,39,4,152,25.66,32.6,65.7,0.0,994628,436.9
2026-01-20,Mohali,Influenza,29,3,59,49.15,33.7,79.6,1.4,994628,395.8
2026-01-21,Mohali,Influenza,68,7,187,36.36,35.8,61.5,0.0,994628,810.3
2026-01-22,Mohali,Influenza,58,14,121,47.93,33.2,73.6,1.6,994628,354.9
2026-01-23,Mohali,Influenza,62,10,278,22.3,32.1,71.6,2.0,994628,766.5
2026-01-24,Mohali,Influenza,84,10,264,31.82,33.2,76.2,3.1,994628,401.0
2026-01-25,Mohali,Influenza,90,17,356,25.28,35.6,73.6,1.8,994628,726.7
2026-01-26,Mohali,Influenza,93,9,339,27.43,32.9,73.2,2.2,994628,639.7
2026-01-27,Mohali,Influenza,104,19,299,34.78,33.8,80.5,0.0,994628,855.4
2026-01-28,Mohali,Influenza,108,24,393,27.48,37.9,81.9,4.4,994628,516.7
2026-01-29,Mohali,Influenza,122,25,340,35.88,35.2,78.5,0.4,994628,943.5
2026-01-30,Mohali,Influenza,91,11,184,49.46,35.8,80.0,0.0,994628,634.1
2026-01-31,Mohali,Influenza,128,19,534,23.97,34.4,70.4,2.7,994628,588.6
2026-02-01,Mohali,Influenza,154,15,344,44.77,34.7,74.5,0.0,994628,509.2
2026-02-02,Mohali,Influenza,196,47,886,22.12,33.5,77.6,5.5,994628,345.9
2026-02-03,Mohali,Influenza,165,29,404,40.84,34.8,79.1,0.0,994628,436.8
2026-02-04,Mohali,Influenza,145,36,388,37.37,35.7,72.5,0.0,994628,798.5
2026-02-05,Mohali,Influenza,220,41,836,26.32,38.1,79.8,0.0,994628,777.7
2026-02-06,Mohali,Influenza,184,27,706,26.06,32.9,80.3,0.0,994628,1056.0
2026-02-07,Mohali,Influenza,232,39,912,25.44,34.1,74.9,1.7,994628,413.7
2026-02-08,Mohali,Influenza,218,36,722,30.19,35.0,77.3,3.9,994628,544.9
2026-02-09,Mohali,Influenza,267,45,1283,20.81,36.5,75.8,0.8,994628,415.8
2026-02-10,Mohali,Influenza,183,29,542,33.76,34.6,72.2,0.7,994628,469.4
2026-02-11,Mohali,Influenza,169,23,353,47.88,34.4,75.4,5.9,994628,395.1
2026-02-12,Mohali,Influenza,156,15,744,20.97,34.9,83.7,5.8,994628,367.8
2026-02-13,Mohali,Influenza,198,20,775,25.55,31.5,80.0,0.8,994628,334.8
2026-02-14,Mohali,Influenza,154,36,460,33.48,34.0,79.6,0.3,994628,412.1
2026-02-15,Mohali,Influenza,119,22,522,22.8,36.7,80.9,2.0,994628,455.8
2026-02-16,Mohali,Influenza,119,25,288,41.32,35.1,74.2,3.0,994628,338.3
2026-02-17,Mohali,Influenza,110,20,361,30.47,32.2,72.3,1.2,994628,811.7
2026-02-18,Mohali,Influenza,116,21,509,22.79,33.8,82.8,0.0,994628,334.2
2026-02-19,Mohali,Influenza,128,21,350,36.57,35.8,69.8,2.1,994628,404.1
2026-02-20,Mohali,Influenza,82,12,345,23.77,38.5,82.7,9.8,994628,1170.2
2026-02-21,Mohali,Influenza,96,14,223,43.05,35.1,82.3,5.9,994628,348.6
2026-02-22,Mohali,Influenza,77,15,155,49.68,34.5,82.8,4.4,994628,959.2
2026-02-23,Mohali,Influenza,65,9,182,35.71,35.4,70.6,1.9,994628,387.4
2026-02-24,Mohali,Influenza,65,6,269,24.16,31.0,79.5,3.2,994628,948.7
2026-02-25,Mohali,Influenza,48,11,220,21.82,37.0,79.1,0.0,994628,363.5
2026-02-26,Mohali,Influenza,64,12,151,42.38,35.7,80.1,2.8,994628,494.1
2026-02-27,Mohali,Influenza,28,4,106,26.42,32.6,74.8,2.8,994628,676.3
2026-02-28,Mohali,Influenza,37,8,143,25.87,34.6,87.0,0.0,994628,368.8
2026-03-01,Mohali,Influenza,31,4,145,21.38,33.5,74.4,3.2,994628,491.1
2026-03-02,Mohali,Influenza,32,6,119,26.89,36.6,75.8,3.9,994628,465.5
2026-03-03,Mohali,Influenza,26,3,80,32.5,32.9,74.3,7.2,994628,391.1
2026-03-04,Mohali,Influenza,40,4,169,23.67,36.5,79.9,8.4,994628,337.0
2026-03-05,Mohali,Influenza,32,3,84,38.1,31.6,79.5,1.9,994628,495.7
2026-03-06,Mohali,Influenza,46,10,220,20.91,38.1,85.7,3.7,994628,713.8
2026-03-07,Mohali,Influenza,25,2,91,27.47,33.5,74.8,5.1,994628,1122.9
2026-03-08,Mohali,Influenza,28,3,123,22.76,31.6,75.7,10.7,994628,804.2
2026-03-09,Mohali,Influenza,29,3,129,22.48,33.7,79.0,5.4,994628,542.1
2026-03-10,Mohali,Influenza,27,3,85,31.76,31.0,81.4,5.5,994628,536.2
2026-03-11,Mohali,Influenza,35,8,162,21.6,34.9,76.8,4.1,994628,853.5
2026-03-12,Mohali,Influenza,34,4,111,30.63,33.3,73.5,0.0,994628,428.9
2026-03-13,Mohali,Influenza,32,7,118,27.12,33.8,77.6,6.3,994628,892.4
2026-03-14,Mohali,Influenza,35,6,135,25.93,35.0,82.9,5.0,994628,345.9
2026-03-15,Mohali,Influenza,33,6,115,28.7,30.4,83.5,7.2,994628,412.1
2026-03-16,Mohali,Influenza,39,9,191,20.42,32.2,80.7,2.7,994628,556.5
2026-03-17,Mohali,Influenza,36,5,120,30.0,31.9,80.9,4.9,994628,366.6
2026-03-18,Mohali,Influenza,35,7,146,23.97,31.5,75.0,1.0,994628,894.1
2026-03-19,Mohali,Influenza,25,2,73,34.25,36.0,79.8,4.2,994628,777.4
2026-03-20,Mohali,Influenza,28,5,114,24.56,30.3,79.7,0.3,994628,985.9
2026-03-21,Mohali,Influenza,31,4,110,28.18,31.6,91.4,7.5,994628,408.8
2026-03-22,Mohali,Influenza,29,6,131,22.14,31.5,77.6,0.0,994628,457.4
2026-03-23,Mohali,Influenza,38,5,152,25.0,33.2,78.2,5.7,994628,400.0
2026-03-24,Mohali,Influenza,29,6,76,38.16,31.2,83.2,4.9,994628,576.1
2026-03-25,Mohali,Influenza,31,6,125,24.8,30.7,85.3,5.4,994628,402.5
2026-03-26,Mohali,Influenza,28,5,76,36.84,33.5,69.6,7.1,994628,357.8
2026-03-27,Mohali,Influenza,34,5,104,32.69,31.5,92.5,5.1,994628,715.7
2026-03-28,Mohali,Influenza,36,4,132,27.27,29.6,80.0,2.4,994628,400.5
2026-03-29,Mohali,Influenza,29,6,120,24.17,29.7,82.7,7.4,994628,714.7
2026-03-30,Mohali,Influenza,27,3,88,30.68,30.3,84.7,0.2,994628,1187.9
2026-03-31,Mohali,Influenza,22,2,51,43.14,34.8,76.9,4.8,994628,554.1
2026-04-01,Mohali,Influenza,27,4,90,30.0,33.7,80.1,7.1,994628,347.9
2026-04-02,Mohali,Influenza,35,5,75,46.67,33.1,84.2,3.0,994628,1090.7
2026-04-03,Mohali,Influenza,23,3,52,44.23,28.8,81.0,1.3,994628,1144.4
2026-04-04,Mohali,Influenza,32,5,81,39.51,32.1,77.7,8.0,994628,431.5
2026-04-05,Mohali,Influenza,29,4,139,20.86,28.9,73.4,4.4,994628,369.4
2026-04-06,Mohali,Influenza,32,4,100,32.0,27.5,79.7,2.4,994628,442.9
2026-04-07,Mohali,Influenza,28,5,93,30.11,31.7,77.4,0.9,994628,392.9
2026-04-08,Mohali,Influenza,33,7,163,20.25,27.5,74.9,4.4,994628,480.4
2026-04-09,Mohali,Influenza,23,3,57,40.35,33.8,76.3,4.8,994628,464.3
2026-04-10,Mohali,Influenza,31,6,96,32.29,32.9,79.3,4.0,994628,455.5
2026-04-11,Mohali,Influenza,40,8,163,24.54,28.8,80.2,3.6,994628,398.9
2026-04-12,Mohali,Influenza,39,6,116,33.62,31.6,71.5,2.2,994628,1211.1
2026-04-13,Mohali,Influenza,22,5,94,23.4,30.1,78.4,4.8,994628,1237.1
2026-04-14,Mohali,Influenza,21,4,83,25.3,28.7,76.2,3.5,994628,622.6
2026-04-15,Mohali,Influenza,22,3,75,29.33,31.8,75.9,7.6,994628,1164.3
2026-04-16,Mohali,Influenza,32,3,68,47.06,27.6,70.2,9.3,994628,388.9
2026-04-17,Mohali,Influenza,32,5,120,26.67,30.4,78.3,8.4,994628,386.7
2026-04-18,Mohali,Influenza,36,7,103,34.95,28.0,69.4,5.6,994628,1141.7
2026-04-19,Mohali,Influenza,25,5,56,44.64,27.0,69.5,7.1,994628,426.1
2026-04-20,Mohali,Influenza,29,3,70,41.43,26.1,75.4,3.8,994628,347.1
2026-04-21,Mohali,Influenza,30,7,122,24.59,26.6,83.2,3.3,994628,489.7
2026-04-22,Mohali,Influenza,25,2,66,37.88,29.1,80.4,3.0,994628,639.4
2026-04-23,Mohali,Influenza,28,6,130,21.54,29.0,76.7,5.9,994628,918.7
2026-04-24,Mohali,Influenza,23,3,72,31.94,28.1,74.1,5.5,994628,360.4
2026-04-25,Mohali,Influenza,36,7,176,20.45,30.4,76.4,5.8,994628,339.8
2026-04-26,Mohali,Influenza,22,2,58,37.93,27.2,81.0,2.7,994628,1011.0
2026-04-27,Mohali,Influenza,32,6,148,21.62,25.0,73.7,2.3,994628,1005.5
2026-04-28,Mohali,Influenza,31,4,149,20.81,26.7,71.4,5.4,994628,392.8
2026-04-29,Mohali,Influenza,31,5,140,22.14,27.9,74.4,2.4,994628,830.3
2026-04-30,Mohali,Influenza,28,3,115,24.35,26.0,71.1,5.8,994628,456.4
2026-05-01,Mohali,Influenza,23,3,65,35.38,24.6,68.6,7.2,994628,1170.9
2026-05-02,Mohali,Influenza,26,3,104,25.0,26.7,73.7,6.7,994628,676.0
2026-05-03,Mohali,Influenza,30,3,92,32.61,27.9,69.4,2.5,994628,402.3
2026-05-04,Mohali,Influenza,29,4,75,38.67,26.5,68.0,7.8,994628,350.9
2026-05-05,Mohali,Influenza,17,3,61,27.87,25.9,69.4,2.5,994628,797.0
2026-05-06,Mohali,Influenza,27,4,95,28.42,25.6,68.9,0.0,994628,634.2
2025-11-08,Mohali,Malaria,6,0,22,27.27,26.9,50.2,0.0,994628,632.9
2025-11-09,Mohali,Malaria,5,0,23,21.74,28.3,51.5,0.0,994628,428.8
2025-11-10,Mohali,Malaria,5,1,11,45.45,26.7,55.9,0.0,994628,992.3
2025-11-11,Mohali,Malaria,5,0,20,25.0,21.7,50.6,1.4,994628,332.7
2025-11-12,Mohali,Malaria,3,0,12,25.0,24.4,54.0,2.8,994628,422.7
2025-11-13,Mohali,Malaria,4,0,13,30.77,28.3,66.8,0.0,994628,640.8
2025-11-14,Mohali,Malaria,5,1,21,23.81,26.1,52.7,0.0,994628,1190.2
2025-11-15,Mohali,Malaria,5,1,16,31.25,25.1,53.3,0.0,994628,359.8
2025-11-16,Mohali,Malaria,5,0,15,33.33,26.9,65.5,0.0,994628,528.4
2025-11-17,Mohali,Malaria,4,0,18,22.22,22.9,42.5,0.0,994628,580.3
2025-11-18,Mohali,Malaria,5,0,24,20.83,28.0,57.4,0.0,994628,822.9
2025-11-19,Mohali,Malaria,6,0,19,31.58,27.1,58.4,0.0,994628,581.1
2025-11-20,Mohali,Malaria,4,0,16,25.0,24.7,60.0,0.0,994628,721.2
2025-11-21,Mohali,Malaria,4,0,13,30.77,26.3,48.3,0.0,994628,837.5
2025-11-22,Mohali,Malaria,5,1,20,25.0,27.8,49.4,0.0,994628,1093.7
2025-11-23,Mohali,Malaria,5,1,18,27.78,25.9,53.0,0.0,994628,428.9
2025-11-24,Mohali,Malaria,4,0,9,44.44,28.6,57.4,0.0,994628,771.5
2025-11-25,Mohali,Malaria,5,1,13,38.46,29.7,54.3,0.0,994628,543.8
2025-11-26,Mohali,Malaria,6,1,22,27.27,31.9,53.1,0.0,994628,408.7
2025-11-27,Mohali,Malaria,6,1,29,20.69,31.0,51.4,0.0,994628,718.6
2025-11-28,Mohali,Malaria,5,1,18,27.78,32.2,55.5,0.0,994628,345.6
2025-11-29,Mohali,Malaria,5,1,10,50.0,29.1,54.0,1.3,994628,348.0
2025-11-30,Mohali,Malaria,6,1,29,20.69,28.1,50.3,0.0,994628,378.2
2025-12-01,Mohali,Malaria,6,1,19,31.58,32.1,55.6,0.0,994628,576.1
2025-12-02,Mohali,Malaria,4,0,18,22.22,33.7,62.1,1.0,994628,343.2
2025-12-03,Mohali,Malaria,6,0,14,42.86,31.4,59.8,0.0,994628,352.3
2025-12-04,Mohali,Malaria,4,0,16,25.0,27.5,54.5,0.0,994628,723.7
2025-12-05,Mohali,Malaria,5,0,12,41.67,28.9,56.0,4.6,994628,375.1
2025-12-06,Mohali,Malaria,7,0,33,21.21,28.8,62.9,0.0,994628,1210.7
2025-12-07,Mohali,Malaria,6,1,24,25.0,28.7,54.3,0.0,994628,641.7
2025-12-08,Mohali,Malaria,5,1,22,22.73,29.9,63.4,0.2,994628,614.8
2025-12-09,Mohali,Malaria,5,0,11,45.45,26.9,59.9,0.0,994628,1015.1
2025-12-10,Mohali,Malaria,6,1,18,33.33,31.9,54.3,0.0,994628,541.0
2025-12-11,Mohali,Malaria,4,0,18,22.22,31.5,65.8,0.0,994628,814.0
2025-12-12,Mohali,Malaria,4,0,8,50.0,31.4,59.3,0.0,994628,364.9
2025-12-13,Mohali,Malaria,5,0,19,26.32,30.3,69.3,0.0,994628,664.5
2025-12-14,Mohali,Malaria,6,0,16,37.5,33.4,49.9,0.0,994628,874.0
2025-12-15,Mohali,Malaria,5,1,20,25.0,33.1,59.5,0.0,994628,728.6
2025-12-16,Mohali,Malaria,8,1,39,20.51,34.5,61.7,0.0,994628,407.3
2025-12-17,Mohali,Malaria,4,0,19,21.05,29.3,65.9,0.5,994628,426.0
2025-12-18,Mohali,Malaria,5,1,19,26.32,34.8,59.8,0.0,994628,1218.0
2025-12-19,Mohali,Malaria,6,0,19,31.58,33.7,68.4,2.4,994628,386.0
2025-12-20,Mohali,Malaria,7,0,24,29.17,30.7,63.3,0.0,994628,390.0
2025-12-21,Mohali,Malaria,5,0,18,27.78,34.6,61.7,0.0,994628,547.9
2025-12-22,Mohali,Malaria,6,1,18,33.33,30.2,61.8,0.0,994628,339.1
2025-12-23,Mohali,Malaria,5,0,16,31.25,34.4,76.7,0.0,994628,336.8
2025-12-24,Mohali,Malaria,7,0,22,31.82,31.1,58.0,0.0,994628,387.0
2025-12-25,Mohali,Malaria,6,1,22,27.27,32.1,66.4,0.0,994628,772.4
2025-12-26,Mohali,Malaria,5,0,24,20.83,34.8,69.5,4.0,994628,749.2
2025-12-27,Mohali,Malaria,6,1,23,26.09,33.9,70.4,0.0,994628,505.7
2025-12-28,Mohali,Malaria,5,0,19,26.32,31.2,73.1,0.0,994628,511.5
2025-12-29,Mohali,Malaria,5,0,19,26.32,33.5,74.2,0.0,994628,363.3
2025-12-30,Mohali,Malaria,8,0,30,26.67,34.6,55.1,0.0,994628,902.9
2025-12-31,Mohali,Malaria,6,1,21,28.57,35.9,69.2,0.0,994628,754.8
2026-01-01,Mohali,Malaria,5,0,15,33.33,35.0,71.5,0.0,994628,376.9
2026-01-02,Mohali,Malaria,6,0,25,24.0,31.7,73.6,2.5,994628,664.4
2026-01-03,Mohali,Malaria,6,0,20,30.0,34.0,60.0,0.0,994628,869.0
2026-01-04,Mohali,Malaria,4,0,17,23.53,36.2,70.4,0.1,994628,1173.7
2026-01-05,Mohali,Malaria,5,0,18,27.78,31.5,69.6,0.0,994628,549.3
2026-01-06,Mohali,Malaria,6,1,15,40.0,33.9,75.3,0.0,994628,412.2
2026-01-07,Mohali,Malaria,6,0,18,33.33,34.5,69.9,0.7,994628,715.0
2026-01-08,Mohali,Malaria,6,0,12,50.0,33.2,63.9,0.0,994628,342.6
2026-01-09,Mohali,Malaria,6,1,24,25.0,37.2,70.8,4.9,994628,431.2
2026-01-10,Mohali,Malaria,6,0,22,27.27,30.7,71.7,1.4,994628,522.0
2026-01-11,Mohali,Malaria,7,1,27,25.93,33.2,72.6,3.1,994628,488.1
2026-01-12,Mohali,Malaria,5,0,20,25.0,33.6,74.3,2.0,994628,495.1
2026-01-13,Mohali,Malaria,5,1,12,41.67,29.9,71.4,6.2,994628,699.3
2026-01-14,Mohali,Malaria,7,1,24,29.17,36.4,80.8,3.0,994628,362.2
2026-01-15,Mohali,Malaria,7,1,20,35.0,33.3,66.3,0.0,994628,357.9
2026-01-16,Mohali,Malaria,6,1,26,23.08,32.1,75.5,3.2,994628,349.1
2026-01-17,Mohali,Malaria,21,2,81,25.93,34.0,73.3,0.9,994628,442.9
2026-01-18,Mohali,Malaria,36,7,138,26.09,35.4,82.1,4.4,994628,1103.6
2026-01-19,Mohali,Malaria,56,12,182,30.77,35.5,82.3,0.0,994628,359.4
2026-01-20,Mohali,Malaria,48,7,211,22.75,34.4,68.7,0.4,994628,851.7
2026-01-21,Mohali,Malaria,78,11,241,32.37,31.4,82.0,6.7,994628,1026.5
2026-01-22,Mohali,Malaria,112,27,281,39.86,30.3,80.8,0.5,994628,716.8
2026-01-23,Mohali,Malaria,115,11,429,26.81,32.4,72.3,1.6,994628,394.9
2026-01-24,Mohali,Malaria,92,12,367,25.07,34.9,71.5,5.0,994628,436.8
2026-01-25,Mohali,Malaria,113,12,403,28.04,36.3,75.1,0.0,994628,1164.6
2026-01-26,Mohali,Malaria,152,32,529,28.73,34.2,74.1,0.0,994628,493.8
2026-01-27,Mohali,Malaria,145,18,313,46.33,36.4,78.6,0.4,994628,501.7
2026-01-28,Mohali,Malaria,169,36,346,48.84,33.6,73.1,8.6,994628,508.0
2026-01-29,Mohali,Malaria,180,20,383,47.0,34.4,69.7,0.0,994628,344.5
2026-01-30,Mohali,Malaria,160,27,529,30.25,33.5,71.1,2.2,994628,1096.8
2026-01-31,Mohali,Malaria,128,29,346,36.99,35.9,79.1,1.3,994628,463.8
2026-02-01,Mohali,Malaria,140,28,477,29.35,37.6,76.0,0.0,994628,466.5
2026-02-02,Mohali,Malaria,133,22,527,25.24,35.9,77.5,2.1,994628,412.1
2026-02-03,Mohali,Malaria,71,8,148,47.97,33.1,76.1,4.0,994628,492.4
2026-02-04,Mohali,Malaria,73,8,201,36.32,31.2,75.2,8.2,994628,390.2
2026-02-05,Mohali,Malaria,59,8,266,22.18,32.6,81.4,0.0,994628,562.3
2026-02-06,Mohali,Malaria,51,7,188,27.13,33.0,79.3,3.8,994628,528.2
2026-02-07,Mohali,Malaria,33,7,147,22.45,35.2,78.4,0.0,994628,626.9
2026-02-08,Mohali,Malaria,26,6,93,27.96,34.9,71.0,7.9,994628,412.7
2026-02-09,Mohali,Malaria,6,0,13,46.15,37.2,69.3,3.0,994628,333.9
2026-02-10,Mohali,Malaria,6,0,21,28.57,36.1,77.0,0.0,994628,351.1
2026-02-11,Mohali,Malaria,7,1,28,25.0,34.3,78.5,9.0,994628,688.0
2026-02-12,Mohali,Malaria,6,0,26,23.08,35.8,75.1,2.3,994628,1014.3
2026-02-13,Mohali,Malaria,5,1,22,22.73,34.7,71.3,6.0,994628,796.7
2026-02-14,Mohali,Malaria,7,1,14,50.0,37.3,81.7,9.2,994628,590.6
2026-02-15,Mohali,Malaria,5,1,16,31.25,37.7,83.4,13.0,994628,720.9
2026-02-16,Mohali,Malaria,6,1,26,23.08,36.3,74.7,10.2,994628,525.4
2026-02-17,Mohali,Malaria,5,0,14,35.71,34.2,73.9,5.0,994628,754.7
2026-02-18,Mohali,Malaria,5,0,24,20.83,37.4,76.4,2.6,994628,677.7
2026-02-19,Mohali,Malaria,8,0,33,24.24,36.4,84.1,2.9,994628,347.7
2026-02-20,Mohali,Malaria,5,0,10,50.0,36.1,76.8,4.4,994628,360.3
2026-02-21,Mohali,Malaria,5,0,19,26.32,35.7,86.2,1.9,994628,430.7
2026-02-22,Mohali,Malaria,6,0,20,30.0,32.3,73.0,5.1,994628,425.7
2026-02-23,Mohali,Malaria,7,1,34,20.59,36.4,77.6,5.0,994628,424.1
2026-02-24,Mohali,Malaria,6,0,20,30.0,36.3,81.1,0.0,994628,514.2
2026-02-25,Mohali,Malaria,7,1,23,30.43,34.1,80.6,0.2,994628,458.5
2026-02-26,Mohali,Malaria,6,0,24,25.0,33.1,80.9,3.1,994628,1079.4
2026-02-27,Mohali,Malaria,6,1,17,35.29,30.9,87.6,4.2,994628,1009.2
2026-02-28,Mohali,Malaria,6,0,21,28.57,30.6,82.0,4.3,994628,500.6
2026-03-01,Mohali,Malaria,6,0,20,30.0,35.3,81.2,0.0,994628,918.9
2026-03-02,Mohali,Malaria,4,0,10,40.0,34.0,88.0,5.2,994628,988.4
2026-03-03,Mohali,Malaria,5,0,17,29.41,35.3,69.6,2.8,994628,401.5
2026-03-04,Mohali,Malaria,8,1,35,22.86,38.1,85.6,2.7,994628,379.3
2026-03-05,Mohali,Malaria,6,1,19,31.58,36.4,78.6,0.5,994628,689.4
2026-03-06,Mohali,Malaria,7,1,27,25.93,38.2,84.9,4.6,994628,859.2
2026-03-07,Mohali,Malaria,6,1,16,37.5,35.0,85.0,0.0,994628,440.4
2026-03-08,Mohali,Malaria,5,0,18,27.78,31.2,73.4,4.3,994628,370.5
2026-03-09,Mohali,Malaria,4,0,8,50.0,36.3,84.0,1.9,994628,603.8
2026-03-10,Mohali,Malaria,4,0,19,21.05,34.8,77.3,3.6,994628,589.9
2026-03-11,Mohali,Malaria,4,0,17,23.53,32.9,77.5,10.1,994628,447.0
2026-03-12,Mohali,Malaria,6,1,28,21.43,32.5,79.9,2.9,994628,470.7
2026-03-13,Mohali,Malaria,4,0,16,25.0,34.5,77.3,6.5,994628,1054.8
2026-03-14,Mohali,Malaria,6,0,19,31.58,33.1,75.4,2.9,994628,379.1
2026-03-15,Mohali,Malaria,4,0,17,23.53,33.1,86.9,2.8,994628,1212.2
2026-03-16,Mohali,Malaria,5,0,19,26.32,30.7,78.7,2.6,994628,441.0
2026-03-17,Mohali,Malaria,7,0,14,50.0,34.1,82.4,0.0,994628,948.0
2026-03-18,Mohali,Malaria,7,1,21,33.33,31.2,67.9,5.0,994628,788.6
2026-03-19,Mohali,Malaria,7,1,20,35.0,32.3,84.5,6.0,994628,405.2
2026-03-20,Mohali,Malaria,5,1,10,50.0,32.2,80.5,5.8,994628,407.2
2026-03-21,Mohali,Malaria,6,1,27,22.22,29.3,76.7,7.7,994628,1171.3
2026-03-22,Mohali,Malaria,4,0,10,40.0,30.9,82.2,6.5,994628,361.9
2026-03-23,Mohali,Malaria,7,1,27,25.93,29.4,79.4,4.5,994628,1078.3
2026-03-24,Mohali,Malaria,5,1,21,23.81,32.2,73.9,7.3,994628,411.7
2026-03-25,Mohali,Malaria,4,0,15,26.67,31.7,84.5,4.4,994628,702.9
2026-03-26,Mohali,Malaria,6,1,28,21.43,33.0,78.6,4.0,994628,1136.1
2026-03-27,Mohali,Malaria,5,1,16,31.25,30.7,79.5,0.0,994628,442.1
2026-03-28,Mohali,Malaria,6,1,15,40.0,36.6,77.7,6.5,994628,1064.4
2026-03-29,Mohali,Malaria,6,1,21,28.57,31.8,71.5,6.0,994628,907.8
2026-03-30,Mohali,Malaria,4,0,10,40.0,33.9,77.3,6.7,994628,972.1
2026-03-31,Mohali,Malaria,6,0,12,50.0,28.5,84.6,3.1,994628,755.1
2026-04-01,Mohali,Malaria,6,1,28,21.43,28.5,78.1,2.1,994628,603.2
2026-04-02,Mohali,Malaria,6,1,23,26.09,28.5,93.8,2.4,994628,788.0
2026-04-03,Mohali,Malaria,6,1,28,21.43,32.3,72.1,6.8,994628,413.0
2026-04-04,Mohali,Malaria,5,1,24,20.83,33.4,78.9,1.9,994628,363.4
2026-04-05,Mohali,Malaria,5,0,16,31.25,31.4,71.1,0.7,994628,748.2
2026-04-06,Mohali,Malaria,6,1,21,28.57,30.4,80.8,12.3,994628,499.8
2026-04-07,Mohali,Malaria,4,0,16,25.0,31.4,70.5,9.6,994628,460.1
2026-04-08,Mohali,Malaria,6,0,13,46.15,28.3,77.1,7.9,994628,1121.3
2026-04-09,Mohali,Malaria,3,0,9,33.33,28.3,80.5,2.6,994628,971.2
2026-04-10,Mohali,Malaria,5,0,17,29.41,29.8,84.7,1.7,994628,528.9
2026-04-11,Mohali,Malaria,5,0,13,38.46,32.7,75.7,5.9,994628,432.5
2026-04-12,Mohali,Malaria,6,1,14,42.86,28.3,73.3,1.8,994628,648.1
2026-04-13,Mohali,Malaria,5,1,12,41.67,29.7,73.2,5.9,994628,446.0
2026-04-14,Mohali,Malaria,5,1,10,50.0,27.9,78.2,2.8,994628,545.9
2026-04-15,Mohali,Malaria,5,1,21,23.81,32.5,79.9,8.7,994628,828.6
2026-04-16,Mohali,Malaria,6,1,15,40.0,31.4,73.1,6.3,994628,614.0
2026-04-17,Mohali,Malaria,6,0,15,40.0,29.5,75.8,3.3,994628,876.3
2026-04-18,Mohali,Malaria,5,0,20,25.0,28.5,80.0,8.6,994628,391.5
2026-04-19,Mohali,Malaria,6,0,29,20.69,29.4,75.2,9.2,994628,1040.7
2026-04-20,Mohali,Malaria,4,0,16,25.0,29.1,79.4,4.2,994628,930.9
2026-04-21,Mohali,Malaria,5,1,14,35.71,28.7,77.1,9.5,994628,696.1
2026-04-22,Mohali,Malaria,4,0,18,22.22,31.7,73.8,1.2,994628,825.9
2026-04-23,Mohali,Malaria,4,0,13,30.77,28.8,75.7,5.8,994628,921.8
2026-04-24,Mohali,Malaria,7,1,32,21.88,25.9,82.4,7.6,994628,702.7
2026-04-25,Mohali,Malaria,3,0,9,33.33,30.4,83.3,4.8,994628,712.9
2026-04-26,Mohali,Malaria,4,0,12,33.33,26.6,78.2,5.2,994628,373.5
2026-04-27,Mohali,Malaria,6,0,22,27.27,29.5,69.0,2.5,994628,334.8
2026-04-28,Mohali,Malaria,6,1,22,27.27,25.9,68.7,8.7,994628,474.9
2026-04-29,Mohali,Malaria,5,0,11,45.45,27.3,71.6,4.6,994628,661.8
2026-04-30,Mohali,Malaria,6,0,21,28.57,26.5,83.3,5.4,994628,765.0
2026-05-01,Mohali,Malaria,5,1,21,23.81,30.7,70.1,3.5,994628,380.7
2026-05-02,Mohali,Malaria,4,0,11,36.36,28.1,68.4,10.1,994628,600.7
2026-05-03,Mohali,Malaria,5,0,20,25.0,23.9,66.9,13.5,994628,576.9
2026-05-04,Mohali,Malaria,5,1,24,20.83,27.4,73.7,4.9,994628,954.8
2026-05-05,Mohali,Malaria,5,1,19,26.32,23.7,71.5,7.7,994628,552.9
2026-05-06,Mohali,Malaria,5,1,13,38.46,28.2,70.6,6.0,994628,801.7
2025-11-08,Patiala,COVID-19,10,2,42,23.81,24.9,45.0,0.3,1892000,1583.5
2025-11-09,Patiala,COVID-19,10,1,46,21.74,24.9,53.6,0.0,1892000,1235.9
2025-11-10,Patiala,COVID-19,13,1,52,25.0,22.4,53.0,0.0,1892000,805.6
2025-11-11,Patiala,COVID-19,12,2,40,30.0,29.6,57.4,0.0,1892000,1072.2
2025-11-12,Patiala,COVID-19,12,2,59,20.34,24.6,49.6,0.0,1892000,1312.0
2025-11-13,Patiala,COVID-19,13,1,43,30.23,22.5,55.6,0.0,1892000,1259.5
2025-11-14,Patiala,COVID-19,10,1,26,38.46,27.5,49.8,0.0,1892000,1449.0
2025-11-15,Patiala,COVID-19,12,2,53,22.64,21.1,55.1,0.0,1892000,707.8
2025-11-16,Patiala,COVID-19,14,3,65,21.54,27.4,45.5,0.0,1892000,1504.1
2025-11-17,Patiala,COVID-19,16,2,62,25.81,25.0,50.1,0.3,1892000,656.0
2025-11-18,Patiala,COVID-19,9,1,38,23.68,26.5,51.6,0.0,1892000,1137.9
2025-11-19,Patiala,COVID-19,13,1,58,22.41,28.8,51.0,0.0,1892000,1941.1
2025-11-20,Patiala,COVID-19,11,1,46,23.91,25.9,44.3,0.0,1892000,714.4
2025-11-21,Patiala,COVID-19,13,1,36,36.11,28.6,50.4,0.0,1892000,1084.6
2025-11-22,Patiala,COVID-19,15,1,45,33.33,26.9,60.4,0.0,1892000,980.9
2025-11-23,Patiala,COVID-19,10,1,33,30.3,28.9,65.5,0.0,1892000,950.3
2025-11-24,Patiala,COVID-19,16,3,59,27.12,28.3,59.4,0.0,1892000,2202.3
2025-11-25,Patiala,COVID-19,12,1,52,23.08,26.1,54.4,0.0,1892000,1351.3
2025-11-26,Patiala,COVID-19,13,2,40,32.5,26.3,51.7,0.2,1892000,643.1
2025-11-27,Patiala,COVID-19,12,1,25,48.0,28.1,51.1,0.0,1892000,693.2
2025-11-28,Patiala,COVID-19,14,2,66,21.21,30.8,58.6,4.2,1892000,1888.5
2025-11-29,Patiala,COVID-19,14,1,67,20.9,31.0,52.0,0.0,1892000,1078.3
2025-11-30,Patiala,COVID-19,13,1,31,41.94,29.3,54.7,0.0,1892000,888.3
2025-12-01,Patiala,COVID-19,13,1,34,38.24,28.5,57.6,0.0,1892000,1646.1
2025-12-02,Patiala,COVID-19,16,3,67,23.88,31.0,56.7,0.0,1892000,1453.8
2025-12-03,Patiala,COVID-19,13,3,52,25.0,30.4,59.4,2.4,1892000,1845.2
2025-12-04,Patiala,COVID-19,8,1,28,28.57,30.4,51.3,0.0,1892000,1153.2
2025-12-05,Patiala,COVID-19,15,2,35,42.86,29.8,55.3,0.0,1892000,728.8
2025-12-06,Patiala,COVID-19,16,2,72,22.22,29.3,62.3,0.0,1892000,1923.7
2025-12-07,Patiala,COVID-19,10,1,37,27.03,26.8,60.4,1.1,1892000,1329.1
2025-12-08,Patiala,COVID-19,16,3,75,21.33,28.2,62.1,0.0,1892000,1329.3
2025-12-09,Patiala,COVID-19,13,1,48,27.08,30.2,59.7,0.0,1892000,674.3
2025-12-10,Patiala,COVID-19,13,2,45,28.89,29.3,60.1,2.6,1892000,1871.6
2025-12-11,Patiala,COVID-19,11,2,46,23.91,31.7,60.2,0.0,1892000,674.1
2025-12-12,Patiala,COVID-19,13,2,58,22.41,31.2,49.3,0.2,1892000,1731.3
2025-12-13,Patiala,COVID-19,17,3,71,23.94,30.0,68.7,0.0,1892000,2231.9
2025-12-14,Patiala,COVID-19,11,2,37,29.73,28.8,65.0,3.6,1892000,733.7
2025-12-15,Patiala,COVID-19,14,1,65,21.54,30.1,69.3,3.8,1892000,758.7
2025-12-16,Patiala,COVID-19,13,1,36,36.11,33.3,59.0,3.2,1892000,1855.5
2025-12-17,Patiala,COVID-19,15,3,34,44.12,30.4,66.8,1.0,1892000,684.4
2025-12-18,Patiala,COVID-19,11,1,52,21.15,32.6,59.4,0.0,1892000,1188.9
2025-12-19,Patiala,COVID-19,14,2,54,25.93,31.4,67.4,0.0,1892000,789.1
2025-12-20,Patiala,COVID-19,14,2,57,24.56,31.7,61.3,0.0,1892000,2063.0
2025-12-21,Patiala,COVID-19,15,3,34,44.12,32.6,71.9,0.0,1892000,1120.6
2025-12-22,Patiala,COVID-19,12,2,57,21.05,32.5,63.6,0.0,1892000,653.7
2025-12-23,Patiala,COVID-19,14,3,65,21.54,32.4,53.9,6.3,1892000,1819.9
2025-12-24,Patiala,COVID-19,16,3,64,25.0,33.6,62.8,0.0,1892000,1027.3
2025-12-25,Patiala,COVID-19,15,3,63,23.81,32.7,64.9,0.0,1892000,687.7
2025-12-26,Patiala,COVID-19,18,3,84,21.43,33.0,60.6,0.0,1892000,852.4
2025-12-27,Patiala,COVID-19,14,3,43,32.56,30.3,66.4,0.0,1892000,1872.0
2025-12-28,Patiala,COVID-19,17,3,84,20.24,29.2,69.4,2.9,1892000,1146.2
2025-12-29,Patiala,COVID-19,14,3,30,46.67,35.5,66.3,0.0,1892000,1609.1
2025-12-30,Patiala,COVID-19,12,1,24,50.0,29.6,65.5,0.4,1892000,1099.7
2025-12-31,Patiala,COVID-19,13,2,62,20.97,30.7,61.9,5.2,1892000,975.8
2026-01-01,Patiala,COVID-19,15,2,48,31.25,30.1,67.3,0.0,1892000,841.5
2026-01-02,Patiala,COVID-19,17,2,70,24.29,32.1,64.7,0.0,1892000,890.7
2026-01-03,Patiala,COVID-19,10,2,38,26.32,33.4,70.7,6.6,1892000,850.9
2026-01-04,Patiala,COVID-19,12,2,24,50.0,33.5,70.6,4.3,1892000,1034.9
2026-01-05,Patiala,COVID-19,18,4,51,35.29,33.4,77.8,0.0,1892000,1887.0
2026-01-06,Patiala,COVID-19,13,2,40,32.5,36.3,58.0,0.0,1892000,864.3
2026-01-07,Patiala,COVID-19,10,1,46,21.74,35.0,73.7,3.2,1892000,692.2
2026-01-08,Patiala,COVID-19,12,2,47,25.53,32.3,68.9,0.0,1892000,1237.4
2026-01-09,Patiala,COVID-19,16,2,58,27.59,34.7,71.4,0.0,1892000,696.7
2026-01-10,Patiala,COVID-19,20,4,42,47.62,31.9,61.5,2.1,1892000,927.6
2026-01-11,Patiala,COVID-19,16,2,65,24.62,33.2,67.3,0.0,1892000,847.8
2026-01-12,Patiala,COVID-19,13,2,30,43.33,34.3,67.1,0.0,1892000,633.6
2026-01-13,Patiala,COVID-19,14,3,35,40.0,35.0,68.8,3.6,1892000,1020.1
2026-01-14,Patiala,COVID-19,16,3,33,48.48,34.5,69.0,0.0,1892000,735.1
2026-01-15,Patiala,COVID-19,14,2,39,35.9,34.3,71.7,0.2,1892000,983.1
2026-01-16,Patiala,COVID-19,18,2,59,30.51,37.3,65.6,0.0,1892000,757.4
2026-01-17,Patiala,COVID-19,16,1,55,29.09,33.0,76.3,0.0,1892000,1298.9
2026-01-18,Patiala,COVID-19,12,2,47,25.53,38.0,68.5,0.0,1892000,1246.5
2026-01-19,Patiala,COVID-19,16,1,70,22.86,36.8,76.8,0.0,1892000,725.0
2026-01-20,Patiala,COVID-19,16,2,41,39.02,33.6,74.6,4.8,1892000,904.1
2026-01-21,Patiala,COVID-19,18,3,43,41.86,38.0,79.5,6.2,1892000,1436.8
2026-01-22,Patiala,COVID-19,18,2,68,26.47,34.3,74.2,5.6,1892000,958.0
2026-01-23,Patiala,COVID-19,17,3,35,48.57,34.1,65.8,0.9,1892000,1948.2
2026-01-24,Patiala,COVID-19,16,2,52,30.77,32.3,71.2,0.0,1892000,1237.3
2026-01-25,Patiala,COVID-19,14,3,62,22.58,31.2,79.4,4.6,1892000,700.1
2026-01-26,Patiala,COVID-19,16,2,37,43.24,38.6,79.5,5.9,1892000,733.0
2026-01-27,Patiala,COVID-19,13,1,45,28.89,36.2,77.9,0.0,1892000,1728.6
2026-01-28,Patiala,COVID-19,13,2,26,50.0,32.5,73.3,4.5,1892000,925.2
2026-01-29,Patiala,COVID-19,18,4,45,40.0,36.9,80.1,1.5,1892000,1402.1
2026-01-30,Patiala,COVID-19,14,2,31,45.16,35.5,73.9,0.2,1892000,2105.1
2026-01-31,Patiala,COVID-19,13,2,45,28.89,36.1,85.0,0.0,1892000,809.7
2026-02-01,Patiala,COVID-19,16,1,51,31.37,31.8,74.8,2.3,1892000,1241.0
2026-02-02,Patiala,COVID-19,33,4,124,26.61,34.5,77.8,5.9,1892000,808.7
2026-02-03,Patiala,COVID-19,42,4,120,35.0,37.6,81.5,4.7,1892000,2085.9
2026-02-04,Patiala,COVID-19,62,6,256,24.22,33.5,78.2,3.6,1892000,701.7
2026-02-05,Patiala,COVID-19,71,11,211,33.65,34.7,77.3,3.7,1892000,1019.6
2026-02-06,Patiala,COVID-19,55,6,258,21.32,34.2,80.1,2.7,1892000,772.4
2026-02-07,Patiala,COVID-19,78,13,298,26.17,35.4,79.9,0.8,1892000,666.6
2026-02-08,Patiala,COVID-19,123,25,354,34.75,38.0,73.2,1.9,1892000,1232.8
2026-02-09,Patiala,COVID-19,103,17,272,37.87,38.2,72.5,2.6,1892000,1295.4
2026-02-10,Patiala,COVID-19,154,32,325,47.38,35.4,70.5,6.4,1892000,1135.5
2026-02-11,Patiala,COVID-19,152,24,337,45.1,35.5,78.8,1.1,1892000,773.3
2026-02-12,Patiala,COVID-19,104,21,323,32.2,32.8,66.2,0.1,1892000,943.6
2026-02-13,Patiala,COVID-19,231,48,850,27.18,32.9,71.5,2.4,1892000,736.8
2026-02-14,Patiala,COVID-19,193,30,747,25.84,34.0,63.9,0.0,1892000,2191.0
2026-02-15,Patiala,COVID-19,129,13,351,36.75,39.0,72.1,3.3,1892000,755.4
2026-02-16,Patiala,COVID-19,184,39,434,42.4,34.2,75.9,4.5,1892000,977.1
2026-02-17,Patiala,COVID-19,202,22,570,35.44,31.2,76.1,2.8,1892000,1452.1
2026-02-18,Patiala,COVID-19,230,45,980,23.47,35.4,83.0,4.3,1892000,936.8
2026-02-19,Patiala,COVID-19,142,21,610,23.28,34.5,82.4,0.0,1892000,1441.7
2026-02-20,Patiala,COVID-19,139,27,605,22.98,40.1,74.7,5.4,1892000,909.6
2026-02-21,Patiala,COVID-19,143,24,447,31.99,33.7,82.9,6.7,1892000,935.5
2026-02-22,Patiala,COVID-19,70,13,341,20.53,34.4,74.2,9.3,1892000,846.6
2026-02-23,Patiala,COVID-19,93,11,347,26.8,34.9,84.4,1.7,1892000,1132.5
2026-02-24,Patiala,COVID-19,65,12,189,34.39,35.0,86.5,2.7,1892000,1363.6
2026-02-25,Patiala,COVID-19,42,7,147,28.57,34.8,87.3,8.5,1892000,1516.5
2026-02-26,Patiala,COVID-19,55,7,123,44.72,34.9,81.5,4.8,1892000,722.8
2026-02-27,Patiala,COVID-19,43,7,201,21.39,34.6,75.8,5.1,1892000,1297.7
2026-02-28,Patiala,COVID-19,29,4,125,23.2,35.5,79.1,5.0,1892000,1744.7
2026-03-01,Patiala,COVID-19,15,3,52,28.85,37.9,77.0,2.1,1892000,2293.7
2026-03-02,Patiala,COVID-19,13,2,28,46.43,35.7,80.8,4.7,1892000,2226.5
2026-03-03,Patiala,COVID-19,14,2,41,34.15,37.1,79.0,5.0,1892000,977.9
2026-03-04,Patiala,COVID-19,15,1,44,34.09,38.8,79.9,2.9,1892000,1135.6
2026-03-05,Patiala,COVID-19,15,1,70,21.43,33.7,83.0,0.0,1892000,1931.1
2026-03-06,Patiala,COVID-19,15,2,37,40.54,33.5,74.6,2.6,1892000,676.6
2026-03-07,Patiala,COVID-19,14,2,53,26.42,30.3,85.0,1.4,1892000,1181.6
2026-03-08,Patiala,COVID-19,17,1,44,38.64,34.5,74.1,2.2,1892000,822.2
2026-03-09,Patiala,COVID-19,11,2,24,45.83,33.0,79.2,1.8,1892000,753.9
2026-03-10,Patiala,COVID-19,15,3,33,45.45,36.1,77.9,2.7,1892000,894.6
2026-03-11,Patiala,COVID-19,12,2,49,24.49,36.1,81.1,7.3,1892000,706.1
2026-03-12,Patiala,COVID-19,14,3,65,21.54,34.3,80.6,6.1,1892000,675.3
2026-03-13,Patiala,COVID-19,13,2,31,41.94,33.8,83.0,7.5,1892000,689.0
2026-03-14,Patiala,COVID-19,10,2,24,41.67,35.8,74.8,4.5,1892000,641.4
2026-03-15,Patiala,COVID-19,14,2,29,48.28,33.3,76.1,2.9,1892000,1013.1
2026-03-16,Patiala,COVID-19,11,2,42,26.19,33.6,86.8,4.4,1892000,792.5
2026-03-17,Patiala,COVID-19,11,1,39,28.21,30.9,77.1,5.3,1892000,802.7
2026-03-18,Patiala,COVID-19,17,1,37,45.95,31.4,82.3,7.1,1892000,851.6
2026-03-19,Patiala,COVID-19,14,2,58,24.14,30.7,78.0,6.8,1892000,1330.7
2026-03-20,Patiala,COVID-19,14,1,31,45.16,30.5,81.0,3.4,1892000,1144.5
2026-03-21,Patiala,COVID-19,16,2,43,37.21,31.8,84.9,6.2,1892000,668.8
2026-03-22,Patiala,COVID-19,19,2,62,30.65,32.7,77.9,1.8,1892000,695.6
2026-03-23,Patiala,COVID-19,10,2,35,28.57,30.5,71.7,2.0,1892000,924.9
2026-03-24,Patiala,COVID-19,16,2,33,48.48,32.2,72.8,5.2,1892000,1228.7
2026-03-25,Patiala,COVID-19,19,4,39,48.72,31.0,79.7,6.4,1892000,751.4
2026-03-26,Patiala,COVID-19,15,2,54,27.78,27.4,81.0,0.0,1892000,1898.1
2026-03-27,Patiala,COVID-19,14,2,55,25.45,34.2,86.2,4.2,1892000,1718.7
2026-03-28,Patiala,COVID-19,13,2,51,25.49,30.8,79.8,7.7,1892000,696.9
2026-03-29,Patiala,COVID-19,18,4,51,35.29,31.9,88.1,0.3,1892000,2306.5
2026-03-30,Patiala,COVID-19,13,2,32,40.62,31.1,78.1,7.8,1892000,746.2
2026-03-31,Patiala,COVID-19,13,1,29,44.83,38.5,84.6,7.7,1892000,1290.6
2026-04-01,Patiala,COVID-19,14,2,56,25.0,33.0,84.9,4.7,1892000,1178.4
2026-04-02,Patiala,COVID-19,13,2,57,22.81,31.7,71.5,1.1,1892000,1811.3
2026-04-03,Patiala,COVID-19,15,2,56,26.79,30.7,76.8,8.7,1892000,739.2
2026-04-04,Patiala,COVID-19,14,1,39,35.9,35.4,81.1,8.1,1892000,1749.4
2026-04-05,Patiala,COVID-19,8,0,28,28.57,29.9,84.1,5.6,1892000,726.9
2026-04-06,Patiala,COVID-19,13,1,43,30.23,27.4,71.5,6.8,1892000,1368.9
2026-04-07,Patiala,COVID-19,14,2,33,42.42,26.9,69.6,4.3,1892000,652.7
2026-04-08,Patiala,COVID-19,12,1,45,26.67,33.6,83.8,0.0,1892000,652.4
2026-04-09,Patiala,COVID-19,10,1,41,24.39,31.7,75.7,1.3,1892000,793.9
2026-04-10,Patiala,COVID-19,9,1,37,24.32,34.9,66.1,7.3,1892000,795.8
2026-04-11,Patiala,COVID-19,12,2,39,30.77,31.2,73.2,5.9,1892000,815.7
2026-04-12,Patiala,COVID-19,12,2,46,26.09,31.7,78.5,0.8,1892000,1097.3
2026-04-13,Patiala,COVID-19,12,1,59,20.34,29.5,81.8,10.5,1892000,1260.6
2026-04-14,Patiala,COVID-19,14,1,67,20.9,28.5,76.5,5.7,1892000,1265.7
2026-04-15,Patiala,COVID-19,13,2,64,20.31,31.0,78.9,6.0,1892000,1574.4
2026-04-16,Patiala,COVID-19,16,1,72,22.22,30.9,68.9,5.7,1892000,649.3
2026-04-17,Patiala,COVID-19,13,1,47,27.66,26.0,73.3,6.6,1892000,812.0
2026-04-18,Patiala,COVID-19,14,2,59,23.73,29.7,67.2,7.3,1892000,1292.4
2026-04-19,Patiala,COVID-19,13,1,51,25.49,27.3,72.5,3.9,1892000,850.2
2026-04-20,Patiala,COVID-19,14,2,57,24.56,27.9,73.1,0.0,1892000,2306.2
2026-04-21,Patiala,COVID-19,8,1,17,47.06,26.7,72.6,6.4,1892000,1422.3
2026-04-22,Patiala,COVID-19,10,2,28,35.71,28.4,75.5,0.6,1892000,1788.9
2026-04-23,Patiala,COVID-19,11,2,38,28.95,26.5,67.2,4.7,1892000,1974.6
2026-04-24,Patiala,COVID-19,11,2,41,26.83,31.1,71.6,1.3,1892000,1321.1
2026-04-25,Patiala,COVID-19,11,2,23,47.83,25.7,81.2,3.7,1892000,1351.5
2026-04-26,Patiala,COVID-19,13,2,51,25.49,26.1,70.7,7.6,1892000,671.8
2026-04-27,Patiala,COVID-19,12,1,42,28.57,23.5,67.3,0.7,1892000,665.8
2026-04-28,Patiala,COVID-19,14,1,41,34.15,26.0,72.5,1.6,1892000,790.8
2026-04-29,Patiala,COVID-19,10,1,47,21.28,27.5,79.0,1.1,1892000,858.5
2026-04-30,Patiala,COVID-19,13,2,44,29.55,27.5,72.3,3.4,1892000,1561.7
2026-05-01,Patiala,COVID-19,12,2,29,41.38,27.3,81.5,4.8,1892000,1206.8
2026-05-02,Patiala,COVID-19,13,2,37,35.14,24.2,73.3,11.5,1892000,733.2
2026-05-03,Patiala,COVID-19,11,1,49,22.45,25.8,70.2,1.2,1892000,1633.1
2026-05-04,Patiala,COVID-19,8,1,19,42.11,27.3,76.9,6.1,1892000,676.7
2026-05-05,Patiala,COVID-19,11,2,50,22.0,27.8,72.1,3.1,1892000,964.5
2026-05-06,Patiala,COVID-19,14,2,45,31.11,25.4,70.8,4.3,1892000,1212.7
2025-11-08,Patiala,Chikungunya,15,2,49,30.61,23.0,57.1,0.0,1892000,722.0
2025-11-09,Patiala,Chikungunya,16,2,36,44.44,20.3,50.8,0.0,1892000,849.4
2025-11-10,Patiala,Chikungunya,19,3,41,46.34,27.9,49.2,0.0,1892000,930.8
2025-11-11,Patiala,Chikungunya,17,2,39,43.59,25.5,59.2,0.0,1892000,815.7
2025-11-12,Patiala,Chikungunya,18,3,40,45.0,26.3,52.8,0.0,1892000,764.0
2025-11-13,Patiala,Chikungunya,15,2,37,40.54,24.8,48.3,0.0,1892000,1308.0
2025-11-14,Patiala,Chikungunya,18,4,58,31.03,26.0,50.0,0.0,1892000,786.1
2025-11-15,Patiala,Chikungunya,21,4,80,26.25,25.8,51.8,0.0,1892000,1652.2
2025-11-16,Patiala,Chikungunya,19,2,42,45.24,27.1,57.6,0.0,1892000,1592.2
2025-11-17,Patiala,Chikungunya,17,3,70,24.29,26.1,51.3,0.0,1892000,2217.9
2025-11-18,Patiala,Chikungunya,16,3,48,33.33,29.3,47.7,0.0,1892000,804.1
2025-11-19,Patiala,Chikungunya,20,3,68,29.41,27.8,49.4,0.0,1892000,828.1
2025-11-20,Patiala,Chikungunya,22,2,54,40.74,27.4,55.2,0.0,1892000,726.4
2025-11-21,Patiala,Chikungunya,17,2,55,30.91,28.1,60.4,0.0,1892000,1012.4
2025-11-22,Patiala,Chikungunya,18,3,48,37.5,22.8,56.2,0.0,1892000,860.0
2025-11-23,Patiala,Chikungunya,17,1,59,28.81,25.7,49.6,0.0,1892000,802.3
2025-11-24,Patiala,Chikungunya,16,2,62,25.81,25.2,50.4,0.0,1892000,689.7
2025-11-25,Patiala,Chikungunya,17,1,49,34.69,31.2,54.1,0.0,1892000,938.8
2025-11-26,Patiala,Chikungunya,19,3,70,27.14,30.5,46.4,0.1,1892000,832.7
2025-11-27,Patiala,Chikungunya,15,3,48,31.25,27.0,58.2,0.0,1892000,640.1
2025-11-28,Patiala,Chikungunya,18,2,61,29.51,27.6,49.6,0.0,1892000,1561.2
2025-11-29,Patiala,Chikungunya,17,4,37,45.95,30.8,57.3,0.0,1892000,767.8
2025-11-30,Patiala,Chikungunya,21,3,44,47.73,27.2,54.5,1.7,1892000,675.9
2025-12-01,Patiala,Chikungunya,18,2,64,28.12,27.0,62.3,0.0,1892000,976.3
2025-12-02,Patiala,Chikungunya,14,1,45,31.11,30.3,54.6,0.0,1892000,1505.7
2025-12-03,Patiala,Chikungunya,18,3,58,31.03,27.0,67.8,0.0,1892000,844.7
2025-12-04,Patiala,Chikungunya,21,5,55,38.18,29.4,61.7,0.0,1892000,722.1
2025-12-05,Patiala,Chikungunya,18,3,56,32.14,29.1,63.0,0.0,1892000,744.3
2025-12-06,Patiala,Chikungunya,23,5,77,29.87,27.8,56.6,4.2,1892000,729.9
2025-12-07,Patiala,Chikungunya,15,3,39,38.46,31.2,50.8,0.0,1892000,732.6
2025-12-08,Patiala,Chikungunya,15,3,45,33.33,30.5,57.6,0.0,1892000,1025.6
2025-12-09,Patiala,Chikungunya,17,2,68,25.0,31.3,59.7,0.0,1892000,810.6
2025-12-10,Patiala,Chikungunya,20,3,66,30.3,29.5,51.7,0.0,1892000,680.9
2025-12-11,Patiala,Chikungunya,16,2,75,21.33,29.8,49.9,0.0,1892000,631.2
2025-12-12,Patiala,Chikungunya,15,2,51,29.41,30.3,69.1,2.6,1892000,657.5
2025-12-13,Patiala,Chikungunya,18,2,75,24.0,33.9,58.3,0.0,1892000,1425.8
2025-12-14,Patiala,Chikungunya,21,3,79,26.58,27.5,61.2,2.9,1892000,723.6
2025-12-15,Patiala,Chikungunya,18,3,48,37.5,31.5,59.7,0.0,1892000,725.7
2025-12-16,Patiala,Chikungunya,22,4,106,20.75,36.2,65.7,0.0,1892000,996.9
2025-12-17,Patiala,Chikungunya,18,2,89,20.22,31.5,71.1,0.0,1892000,1451.1
2025-12-18,Patiala,Chikungunya,22,4,51,43.14,28.6,67.8,0.0,1892000,683.2
2025-12-19,Patiala,Chikungunya,16,2,42,38.1,32.4,68.3,0.0,1892000,915.4
2025-12-20,Patiala,Chikungunya,22,4,50,44.0,29.7,62.4,0.0,1892000,873.8
2025-12-21,Patiala,Chikungunya,23,4,111,20.72,27.7,57.6,0.0,1892000,926.1
2025-12-22,Patiala,Chikungunya,21,4,68,30.88,28.9,61.4,0.0,1892000,711.5
2025-12-23,Patiala,Chikungunya,26,2,114,22.81,30.0,70.1,0.0,1892000,1767.8
2025-12-24,Patiala,Chikungunya,14,3,45,31.11,27.9,66.1,0.0,1892000,1575.2
2025-12-25,Patiala,Chikungunya,19,3,48,39.58,29.5,68.7,0.0,1892000,749.4
2025-12-26,Patiala,Chikungunya,19,3,65,29.23,31.6,66.5,0.0,1892000,1733.8
2025-12-27,Patiala,Chikungunya,19,3,83,22.89,33.1,63.8,0.0,1892000,1338.7
2025-12-28,Patiala,Chikungunya,17,4,76,22.37,34.1,64.1,0.2,1892000,2021.4
2025-12-29,Patiala,Chikungunya,17,3,45,37.78,31.0,65.0,1.4,1892000,1559.9
2025-12-30,Patiala,Chikungunya,19,3,82,23.17,32.7,66.6,0.0,1892000,881.6
2025-12-31,Patiala,Chikungunya,18,4,40,45.0,38.0,69.6,0.0,1892000,974.1
2026-01-01,Patiala,Chikungunya,26,5,82,31.71,33.7,58.8,4.9,1892000,977.3
2026-01-02,Patiala,Chikungunya,20,2,58,34.48,34.6,65.4,0.0,1892000,2143.1
2026-01-03,Patiala,Chikungunya,21,3,79,26.58,30.2,69.0,0.0,1892000,2020.5
2026-01-04,Patiala,Chikungunya,16,3,62,25.81,30.1,64.9,1.4,1892000,1645.9
2026-01-05,Patiala,Chikungunya,28,4,122,22.95,31.6,65.9,0.0,1892000,1879.3
2026-01-06,Patiala,Chikungunya,17,4,84,20.24,32.3,75.9,0.0,1892000,1553.9
2026-01-07,Patiala,Chikungunya,20,4,67,29.85,34.8,80.9,0.0,1892000,1757.1
2026-01-08,Patiala,Chikungunya,21,3,52,40.38,32.3,65.9,0.0,1892000,1245.7
2026-01-09,Patiala,Chikungunya,14,2,57,24.56,35.0,66.8,0.0,1892000,711.8
2026-01-10,Patiala,Chikungunya,23,4,52,44.23,31.9,66.7,0.0,1892000,874.2
2026-01-11,Patiala,Chikungunya,28,3,85,32.94,31.9,71.2,0.0,1892000,1005.0
2026-01-12,Patiala,Chikungunya,32,6,90,35.56,32.6,72.8,0.0,1892000,783.9
2026-01-13,Patiala,Chikungunya,27,4,65,41.54,34.9,80.2,0.0,1892000,1226.3
2026-01-14,Patiala,Chikungunya,30,6,140,21.43,36.0,74.5,0.0,1892000,1111.6
2026-01-15,Patiala,Chikungunya,34,5,137,24.82,37.4,80.7,4.8,1892000,976.4
2026-01-16,Patiala,Chikungunya,41,10,158,25.95,35.5,65.3,0.0,1892000,656.4
2026-01-17,Patiala,Chikungunya,46,10,161,28.57,33.7,69.0,1.2,1892000,1562.9
2026-01-18,Patiala,Chikungunya,53,7,169,31.36,34.9,68.0,6.8,1892000,2233.8
2026-01-19,Patiala,Chikungunya,63,10,175,36.0,31.8,82.6,1.7,1892000,677.7
2026-01-20,Patiala,Chikungunya,64,14,167,38.32,34.8,75.9,0.0,1892000,1405.5
2026-01-21,Patiala,Chikungunya,72,14,350,20.57,33.7,71.8,1.6,1892000,1447.3
2026-01-22,Patiala,Chikungunya,62,8,175,35.43,28.0,79.8,1.1,1892000,1467.5
2026-01-23,Patiala,Chikungunya,79,19,392,20.15,32.3,67.5,1.7,1892000,1195.1
2026-01-24,Patiala,Chikungunya,78,15,204,38.24,35.8,74.1,0.0,1892000,1223.3
2026-01-25,Patiala,Chikungunya,69,7,253,27.27,33.3,70.8,0.0,1892000,634.0
2026-01-26,Patiala,Chikungunya,58,9,170,34.12,38.5,65.8,0.0,1892000,672.4
2026-01-27,Patiala,Chikungunya,76,12,219,34.7,35.7,77.3,0.0,1892000,1674.3
2026-01-28,Patiala,Chikungunya,73,11,248,29.44,36.1,67.0,0.4,1892000,853.0
2026-01-29,Patiala,Chikungunya,70,14,174,40.23,33.3,81.4,0.0,1892000,1385.8
2026-01-30,Patiala,Chikungunya,53,6,179,29.61,36.8,74.9,3.4,1892000,1098.7
2026-01-31,Patiala,Chikungunya,54,10,261,20.69,37.4,78.0,3.4,1892000,1150.8
2026-02-01,Patiala,Chikungunya,40,7,103,38.83,38.5,75.9,0.0,1892000,1047.2
2026-02-02,Patiala,Chikungunya,28,4,63,44.44,35.1,74.5,0.0,1892000,2342.0
2026-02-03,Patiala,Chikungunya,34,7,79,43.04,34.6,77.9,3.5,1892000,986.1
2026-02-04,Patiala,Chikungunya,39,4,132,29.55,36.8,82.2,1.5,1892000,850.2
2026-02-05,Patiala,Chikungunya,25,5,80,31.25,33.6,77.8,1.0,1892000,1577.7
2026-02-06,Patiala,Chikungunya,21,2,83,25.3,40.0,71.3,4.9,1892000,1807.0
2026-02-07,Patiala,Chikungunya,17,2,39,43.59,37.9,74.1,3.9,1892000,969.7
2026-02-08,Patiala,Chikungunya,22,2,57,38.6,33.5,79.2,2.5,1892000,1612.9
2026-02-09,Patiala,Chikungunya,23,2,64,35.94,30.1,77.2,2.3,1892000,1427.1
2026-02-10,Patiala,Chikungunya,22,4,90,24.44,31.2,77.8,9.0,1892000,1510.8
2026-02-11,Patiala,Chikungunya,23,4,67,34.33,35.2,72.9,0.0,1892000,640.7
2026-02-12,Patiala,Chikungunya,28,4,86,32.56,40.7,80.2,2.8,1892000,1354.1
2026-02-13,Patiala,Chikungunya,25,5,110,22.73,34.7,80.1,3.8,1892000,724.6
2026-02-14,Patiala,Chikungunya,18,2,66,27.27,32.4,79.4,3.8,1892000,997.5
2026-02-15,Patiala,Chikungunya,18,3,89,20.22,34.1,79.0,4.7,1892000,717.2
2026-02-16,Patiala,Chikungunya,19,3,73,26.03,38.5,72.0,2.4,1892000,1014.0
2026-02-17,Patiala,Chikungunya,20,3,62,32.26,35.8,76.3,5.7,1892000,2127.4
2026-02-18,Patiala,Chikungunya,26,4,102,25.49,35.6,77.6,4.2,1892000,1036.3
2026-02-19,Patiala,Chikungunya,24,3,107,22.43,32.1,84.1,4.9,1892000,1010.6
2026-02-20,Patiala,Chikungunya,25,3,57,43.86,36.3,81.2,5.1,1892000,1213.5
2026-02-21,Patiala,Chikungunya,22,3,97,22.68,36.3,75.3,2.1,1892000,1344.3
2026-02-22,Patiala,Chikungunya,25,5,89,28.09,34.2,81.1,2.7,1892000,1018.7
2026-02-23,Patiala,Chikungunya,25,5,66,37.88,34.0,86.0,7.8,1892000,888.6
2026-02-24,Patiala,Chikungunya,24,3,107,22.43,30.6,73.8,5.2,1892000,1935.2
2026-02-25,Patiala,Chikungunya,25,5,82,30.49,36.4,81.2,2.5,1892000,714.4
2026-02-26,Patiala,Chikungunya,19,3,72,26.39,37.6,80.5,4.3,1892000,811.9
2026-02-27,Patiala,Chikungunya,18,4,41,43.9,35.6,77.2,4.7,1892000,708.8
2026-02-28,Patiala,Chikungunya,16,3,41,39.02,34.4,86.9,1.4,1892000,911.8
2026-03-01,Patiala,Chikungunya,22,3,46,47.83,32.8,85.0,4.0,1892000,651.4
2026-03-02,Patiala,Chikungunya,15,2,59,25.42,34.5,73.4,0.0,1892000,1660.5
2026-03-03,Patiala,Chikungunya,21,3,55,38.18,37.1,79.9,0.4,1892000,1757.1
2026-03-04,Patiala,Chikungunya,19,4,92,20.65,35.6,68.9,4.6,1892000,721.0
2026-03-05,Patiala,Chikungunya,20,4,85,23.53,34.5,72.8,5.3,1892000,729.0
2026-03-06,Patiala,Chikungunya,17,2,69,24.64,35.4,75.6,8.3,1892000,643.8
2026-03-07,Patiala,Chikungunya,19,3,65,29.23,33.5,74.9,7.0,1892000,795.8
2026-03-08,Patiala,Chikungunya,23,2,55,41.82,31.0,73.5,6.6,1892000,1491.2
2026-03-09,Patiala,Chikungunya,23,2,84,27.38,31.1,75.3,7.3,1892000,1175.7
2026-03-10,Patiala,Chikungunya,21,2,81,25.93,38.4,80.6,4.3,1892000,1134.9
2026-03-11,Patiala,Chikungunya,17,2,59,28.81,30.0,82.6,6.1,1892000,1016.3
2026-03-12,Patiala,Chikungunya,20,4,59,33.9,36.3,78.9,5.0,1892000,1580.2
2026-03-13,Patiala,Chikungunya,21,4,48,43.75,31.5,73.8,2.7,1892000,1337.7
2026-03-14,Patiala,Chikungunya,24,3,110,21.82,32.7,77.5,5.7,1892000,738.6
2026-03-15,Patiala,Chikungunya,28,4,74,37.84,34.4,82.2,4.7,1892000,933.7
2026-03-16,Patiala,Chikungunya,23,4,90,25.56,33.5,84.4,3.9,1892000,831.7
2026-03-17,Patiala,Chikungunya,19,3,58,32.76,30.5,83.0,4.5,1892000,750.7
2026-03-18,Patiala,Chikungunya,14,3,69,20.29,33.7,81.0,8.4,1892000,645.2
2026-03-19,Patiala,Chikungunya,23,3,90,25.56,31.3,81.9,6.2,1892000,1264.9
2026-03-20,Patiala,Chikungunya,21,3,64,32.81,28.3,75.1,4.3,1892000,837.6
2026-03-21,Patiala,Chikungunya,19,4,59,32.2,34.1,80.2,4.2,1892000,1624.4
2026-03-22,Patiala,Chikungunya,25,2,71,35.21,36.8,79.8,5.1,1892000,857.6
2026-03-23,Patiala,Chikungunya,26,6,82,31.71,33.3,77.1,3.8,1892000,1436.4
2026-03-24,Patiala,Chikungunya,16,2,45,35.56,33.9,88.6,1.2,1892000,800.8
2026-03-25,Patiala,Chikungunya,16,2,36,44.44,30.5,89.1,0.0,1892000,1361.1
2026-03-26,Patiala,Chikungunya,24,5,107,22.43,33.0,69.5,3.3,1892000,637.8
2026-03-27,Patiala,Chikungunya,21,4,79,26.58,32.4,83.7,1.9,1892000,987.9
2026-03-28,Patiala,Chikungunya,22,4,101,21.78,30.6,88.1,0.0,1892000,714.0
2026-03-29,Patiala,Chikungunya,20,3,84,23.81,31.1,81.1,4.5,1892000,856.6
2026-03-30,Patiala,Chikungunya,21,4,54,38.89,34.9,74.6,0.0,1892000,813.1
2026-03-31,Patiala,Chikungunya,17,3,66,25.76,31.3,78.2,0.1,1892000,647.1
2026-04-01,Patiala,Chikungunya,18,1,55,32.73,32.2,82.5,0.0,1892000,709.6
2026-04-02,Patiala,Chikungunya,17,1,65,26.15,29.5,67.1,2.2,1892000,1059.5
2026-04-03,Patiala,Chikungunya,22,4,76,28.95,32.8,89.3,6.9,1892000,1198.6
2026-04-04,Patiala,Chikungunya,25,4,81,30.86,30.2,72.4,6.4,1892000,973.8
2026-04-05,Patiala,Chikungunya,27,5,99,27.27,32.6,72.8,3.3,1892000,1282.3
2026-04-06,Patiala,Chikungunya,19,3,41,46.34,33.7,81.8,9.8,1892000,686.0
2026-04-07,Patiala,Chikungunya,18,3,73,24.66,28.7,75.5,5.7,1892000,672.2
2026-04-08,Patiala,Chikungunya,19,2,92,20.65,31.7,67.6,5.6,1892000,1678.5
2026-04-09,Patiala,Chikungunya,24,5,81,29.63,31.3,83.7,10.0,1892000,1992.2
2026-04-10,Patiala,Chikungunya,19,2,44,43.18,31.1,79.8,6.5,1892000,807.2
2026-04-11,Patiala,Chikungunya,20,4,52,38.46,27.3,80.9,4.2,1892000,1932.6
2026-04-12,Patiala,Chikungunya,20,3,79,25.32,27.4,74.0,10.9,1892000,1180.4
2026-04-13,Patiala,Chikungunya,15,2,39,38.46,33.6,72.6,6.0,1892000,1703.5
2026-04-14,Patiala,Chikungunya,16,3,45,35.56,27.7,82.0,7.4,1892000,695.7
2026-04-15,Patiala,Chikungunya,17,2,57,29.82,26.9,82.7,9.9,1892000,845.5
2026-04-16,Patiala,Chikungunya,19,3,68,27.94,33.5,80.1,0.8,1892000,751.9
2026-04-17,Patiala,Chikungunya,15,2,58,25.86,27.0,85.1,3.1,1892000,2133.0
2026-04-18,Patiala,Chikungunya,19,4,48,39.58,27.5,71.2,7.2,1892000,925.7
2026-04-19,Patiala,Chikungunya,15,1,47,31.91,28.1,82.1,4.3,1892000,1010.0
2026-04-20,Patiala,Chikungunya,19,4,75,25.33,29.4,74.1,8.4,1892000,999.4
2026-04-21,Patiala,Chikungunya,17,4,53,32.08,26.4,73.2,9.9,1892000,948.9
2026-04-22,Patiala,Chikungunya,16,3,39,41.03,27.1,79.1,3.5,1892000,1241.2
2026-04-23,Patiala,Chikungunya,20,4,49,40.82,30.2,73.7,4.5,1892000,1652.3
2026-04-24,Patiala,Chikungunya,14,3,62,22.58,27.7,77.4,4.7,1892000,700.6
2026-04-25,Patiala,Chikungunya,18,3,58,31.03,29.6,74.9,12.2,1892000,1967.0
2026-04-26,Patiala,Chikungunya,17,2,35,48.57,29.8,66.1,3.6,1892000,776.8
2026-04-27,Patiala,Chikungunya,19,1,51,37.25,26.0,71.5,7.2,1892000,657.1
2026-04-28,Patiala,Chikungunya,16,2,36,44.44,28.2,72.3,2.0,1892000,682.5
2026-04-29,Patiala,Chikungunya,19,2,60,31.67,27.1,73.6,7.7,1892000,856.2
2026-04-30,Patiala,Chikungunya,21,4,103,20.39,27.3,76.7,4.4,1892000,1663.0
2026-05-01,Patiala,Chikungunya,18,2,58,31.03,26.5,76.3,7.2,1892000,965.4
2026-05-02,Patiala,Chikungunya,17,1,57,29.82,26.3,70.1,5.8,1892000,655.9
2026-05-03,Patiala,Chikungunya,19,2,43,44.19,26.7,74.7,0.0,1892000,748.0
2026-05-04,Patiala,Chikungunya,11,2,48,22.92,28.3,65.3,2.9,1892000,1496.2
2026-05-05,Patiala,Chikungunya,15,1,32,46.88,23.8,69.8,5.0,1892000,682.1
2026-05-06,Patiala,Chikungunya,16,3,38,42.11,23.4,71.4,10.6,1892000,862.5
2025-11-08,Patiala,Dengue,17,2,52,32.69,26.0,43.3,0.0,1892000,1113.6
2025-11-09,Patiala,Dengue,17,2,72,23.61,26.9,45.1,0.0,1892000,858.9
2025-11-10,Patiala,Dengue,15,1,44,34.09,25.2,53.4,5.9,1892000,651.9
2025-11-11,Patiala,Dengue,16,2,60,26.67,22.9,49.5,0.0,1892000,1192.2
2025-11-12,Patiala,Dengue,17,2,56,30.36,24.6,53.3,0.0,1892000,654.5
2025-11-13,Patiala,Dengue,12,2,44,27.27,24.7,49.1,0.0,1892000,1416.5
2025-11-14,Patiala,Dengue,14,1,63,22.22,21.9,46.3,0.0,1892000,942.4
2025-11-15,Patiala,Dengue,15,2,71,21.13,25.9,52.8,0.0,1892000,1024.0
2025-11-16,Patiala,Dengue,12,2,38,31.58,25.9,55.6,0.0,1892000,1211.8
2025-11-17,Patiala,Dengue,20,2,48,41.67,25.1,48.5,0.0,1892000,1168.5
2025-11-18,Patiala,Dengue,15,3,56,26.79,26.3,56.6,0.0,1892000,1338.6
2025-11-19,Patiala,Dengue,16,2,63,25.4,28.9,60.8,0.0,1892000,648.8
2025-11-20,Patiala,Dengue,20,2,42,47.62,30.0,51.7,0.5,1892000,807.4
2025-11-21,Patiala,Dengue,12,2,57,21.05,24.9,63.6,0.0,1892000,1010.4
2025-11-22,Patiala,Dengue,17,2,49,34.69,24.2,56.8,1.5,1892000,909.4
2025-11-23,Patiala,Dengue,15,1,57,26.32,26.0,59.5,0.0,1892000,1071.6
2025-11-24,Patiala,Dengue,18,4,60,30.0,22.9,46.7,0.0,1892000,995.7
2025-11-25,Patiala,Dengue,17,1,56,30.36,27.8,58.3,0.0,1892000,844.2
2025-11-26,Patiala,Dengue,17,2,72,23.61,28.0,63.0,0.0,1892000,916.4
2025-11-27,Patiala,Dengue,12,1,32,37.5,26.8,64.7,0.0,1892000,715.0
2025-11-28,Patiala,Dengue,14,3,67,20.9,30.8,56.2,4.7,1892000,1353.6
2025-11-29,Patiala,Dengue,15,3,73,20.55,28.0,61.8,0.0,1892000,1754.7
2025-11-30,Patiala,Dengue,14,2,37,37.84,30.1,60.3,1.3,1892000,764.5
2025-12-01,Patiala,Dengue,15,2,49,30.61,27.2,51.4,0.0,1892000,888.2
2025-12-02,Patiala,Dengue,17,4,57,29.82,24.6,55.1,0.0,1892000,792.0
2025-12-03,Patiala,Dengue,19,3,91,20.88,29.6,55.0,0.0,1892000,794.1
2025-12-04,Patiala,Dengue,18,1,58,31.03,29.0,55.6,0.0,1892000,1837.6
2025-12-05,Patiala,Dengue,16,1,54,29.63,27.5,56.7,0.3,1892000,669.1
2025-12-06,Patiala,Dengue,17,3,77,22.08,29.5,60.0,0.3,1892000,738.9
2025-12-07,Patiala,Dengue,12,1,35,34.29,30.5,52.0,0.0,1892000,704.2
2025-12-08,Patiala,Dengue,18,3,89,20.22,30.4,64.2,3.1,1892000,1553.1
2025-12-09,Patiala,Dengue,20,2,88,22.73,31.7,59.8,0.0,1892000,906.4
2025-12-10,Patiala,Dengue,19,2,62,30.65,29.8,68.3,0.0,1892000,1067.4
2025-12-11,Patiala,Dengue,15,3,48,31.25,29.1,59.0,0.0,1892000,1763.5
2025-12-12,Patiala,Dengue,16,3,65,24.62,29.3,69.6,0.0,1892000,1946.2
2025-12-13,Patiala,Dengue,22,5,71,30.99,27.3,63.9,2.6,1892000,954.3
2025-12-14,Patiala,Dengue,19,2,59,32.2,29.0,57.1,0.0,1892000,1281.1
2025-12-15,Patiala,Dengue,21,3,92,22.83,30.4,53.5,0.0,1892000,2339.1
2025-12-16,Patiala,Dengue,24,2,114,21.05,31.0,55.7,0.0,1892000,1242.2
2025-12-17,Patiala,Dengue,17,3,80,21.25,31.8,64.1,1.1,1892000,1398.5
2025-12-18,Patiala,Dengue,14,1,37,37.84,30.7,70.4,0.0,1892000,1126.9
2025-12-19,Patiala,Dengue,21,2,74,28.38,28.8,53.3,0.0,1892000,763.7
2025-12-20,Patiala,Dengue,18,3,76,23.68,31.4,60.9,0.3,1892000,1290.2
2025-12-21,Patiala,Dengue,11,2,23,47.83,30.4,69.9,0.0,1892000,1534.3
2025-12-22,Patiala,Dengue,16,2,53,30.19,33.1,73.3,0.0,1892000,727.8
2025-12-23,Patiala,Dengue,19,2,78,24.36,29.1,62.8,5.1,1892000,764.9
2025-12-24,Patiala,Dengue,17,2,74,22.97,31.4,63.7,0.6,1892000,951.2
2025-12-25,Patiala,Dengue,18,3,62,29.03,32.9,73.4,0.8,1892000,859.1
2025-12-26,Patiala,Dengue,17,4,63,26.98,29.2,72.4,0.0,1892000,1887.2
2025-12-27,Patiala,Dengue,14,2,68,20.59,31.2,66.6,0.0,1892000,639.0
2025-12-28,Patiala,Dengue,21,4,97,21.65,32.8,62.1,0.0,1892000,838.1
2025-12-29,Patiala,Dengue,21,3,91,23.08,33.8,65.9,0.3,1892000,1265.2
2025-12-30,Patiala,Dengue,24,3,109,22.02,33.0,59.0,0.0,1892000,923.4
2025-12-31,Patiala,Dengue,20,3,40,50.0,32.8,74.5,1.1,1892000,1390.3
2026-01-01,Patiala,Dengue,23,4,90,25.56,33.5,70.8,0.0,1892000,1586.7
2026-01-02,Patiala,Dengue,15,1,58,25.86,33.0,69.6,0.0,1892000,1428.0
2026-01-03,Patiala,Dengue,18,3,48,37.5,32.3,74.9,6.0,1892000,646.7
2026-01-04,Patiala,Dengue,22,3,48,45.83,30.3,59.0,0.0,1892000,1328.8
2026-01-05,Patiala,Dengue,17,3,34,50.0,35.1,76.2,4.0,1892000,1241.6
2026-01-06,Patiala,Dengue,20,3,66,30.3,35.2,68.8,0.0,1892000,832.0
2026-01-07,Patiala,Dengue,22,4,67,32.84,33.4,67.5,0.0,1892000,766.2
2026-01-08,Patiala,Dengue,15,1,47,31.91,33.0,68.6,2.4,1892000,1056.0
2026-01-09,Patiala,Dengue,20,2,49,40.82,35.0,82.7,1.9,1892000,798.5
2026-01-10,Patiala,Dengue,19,4,54,35.19,33.8,66.8,0.0,1892000,1318.9
2026-01-11,Patiala,Dengue,17,3,75,22.67,32.8,69.0,4.6,1892000,1532.5
2026-01-12,Patiala,Dengue,22,2,96,22.92,31.5,69.0,4.8,1892000,1502.9
2026-01-13,Patiala,Dengue,18,1,43,41.86,36.4,71.5,0.0,1892000,1685.7
2026-01-14,Patiala,Dengue,19,2,79,24.05,32.8,67.4,0.0,1892000,826.1
2026-01-15,Patiala,Dengue,23,3,91,25.27,34.3,80.5,1.2,1892000,718.4
2026-01-16,Patiala,Dengue,19,3,94,20.21,33.1,70.8,0.0,1892000,917.1
2026-01-17,Patiala,Dengue,26,3,80,32.5,36.5,78.6,0.0,1892000,1231.9
2026-01-18,Patiala,Dengue,21,5,68,30.88,36.8,67.6,0.0,1892000,925.0
2026-01-19,Patiala,Dengue,18,2,66,27.27,36.2,80.9,4.0,1892000,1350.2
2026-01-20,Patiala,Dengue,22,5,100,22.0,31.9,76.2,0.0,1892000,1184.5
2026-01-21,Patiala,Dengue,17,2,48,35.42,37.6,69.4,1.8,1892000,851.0
2026-01-22,Patiala,Dengue,20,3,53,37.74,35.0,76.7,0.7,1892000,649.6
2026-01-23,Patiala,Dengue,22,4,48,45.83,34.5,80.2,4.4,1892000,1031.1
2026-01-24,Patiala,Dengue,22,3,66,33.33,35.5,71.0,5.0,1892000,671.5
2026-01-25,Patiala,Dengue,17,3,45,37.78,36.2,80.8,4.1,1892000,803.9
2026-01-26,Patiala,Dengue,22,3,95,23.16,32.9,73.6,0.0,1892000,777.7
2026-01-27,Patiala,Dengue,18,2,69,26.09,33.5,82.5,0.5,1892000,1193.6
2026-01-28,Patiala,Dengue,16,2,66,24.24,36.9,71.4,3.2,1892000,869.8
2026-01-29,Patiala,Dengue,24,5,78,30.77,33.9,73.5,8.0,1892000,959.8
2026-01-30,Patiala,Dengue,20,3,68,29.41,34.9,77.1,1.9,1892000,793.1
2026-01-31,Patiala,Dengue,24,3,105,22.86,34.6,78.0,3.5,1892000,1087.5
2026-02-01,Patiala,Dengue,24,4,68,35.29,37.5,64.6,2.3,1892000,1040.6
2026-02-02,Patiala,Dengue,18,3,73,24.66,39.7,75.0,5.0,1892000,1164.4
2026-02-03,Patiala,Dengue,23,4,68,33.82,32.2,75.0,0.0,1892000,1069.5
2026-02-04,Patiala,Dengue,21,2,85,24.71,33.9,68.7,0.2,1892000,752.3
2026-02-05,Patiala,Dengue,19,3,44,43.18,32.4,78.1,7.0,1892000,645.3
2026-02-06,Patiala,Dengue,19,4,42,45.24,33.6,73.7,0.0,1892000,1283.4
2026-02-07,Patiala,Dengue,15,3,60,25.0,34.7,65.3,3.6,1892000,924.1
2026-02-08,Patiala,Dengue,19,3,77,24.68,37.0,76.1,0.0,1892000,1128.5
2026-02-09,Patiala,Dengue,17,1,43,39.53,32.5,79.5,0.4,1892000,848.0
2026-02-10,Patiala,Dengue,23,4,81,28.4,37.9,77.8,0.0,1892000,1186.6
2026-02-11,Patiala,Dengue,20,4,97,20.62,36.4,85.8,4.0,1892000,690.8
2026-02-12,Patiala,Dengue,17,2,45,37.78,33.4,71.8,1.7,1892000,1408.2
2026-02-13,Patiala,Dengue,21,4,51,41.18,33.7,79.3,6.8,1892000,672.7
2026-02-14,Patiala,Dengue,20,3,85,23.53,36.7,82.9,1.2,1892000,1355.4
2026-02-15,Patiala,Dengue,24,3,109,22.02,32.5,85.3,0.0,1892000,769.6
2026-02-16,Patiala,Dengue,22,4,79,27.85,33.3,69.1,6.0,1892000,652.5
2026-02-17,Patiala,Dengue,24,5,51,47.06,34.1,80.2,0.0,1892000,1110.6
2026-02-18,Patiala,Dengue,17,2,63,26.98,33.2,76.8,7.9,1892000,899.2
2026-02-19,Patiala,Dengue,19,4,66,28.79,36.5,91.3,2.6,1892000,804.0
2026-02-20,Patiala,Dengue,20,4,98,20.41,33.7,79.5,1.2,1892000,1686.5
2026-02-21,Patiala,Dengue,20,4,71,28.17,33.4,84.3,2.0,1892000,790.0
2026-02-22,Patiala,Dengue,20,4,99,20.2,38.4,84.1,0.0,1892000,645.2
2026-02-23,Patiala,Dengue,20,3,49,40.82,33.8,86.5,2.0,1892000,1391.7
2026-02-24,Patiala,Dengue,20,2,71,28.17,39.0,80.1,5.5,1892000,1958.6
2026-02-25,Patiala,Dengue,24,4,84,28.57,34.0,85.1,6.9,1892000,1341.3
2026-02-26,Patiala,Dengue,19,4,55,34.55,35.3,80.2,3.8,1892000,807.6
2026-02-27,Patiala,Dengue,20,3,64,31.25,34.3,83.4,4.6,1892000,1199.4
2026-02-28,Patiala,Dengue,18,3,46,39.13,38.0,75.8,0.0,1892000,1520.6
2026-03-01,Patiala,Dengue,18,3,69,26.09,35.8,81.8,1.8,1892000,1060.6
2026-03-02,Patiala,Dengue,23,4,110,20.91,33.7,87.3,4.7,1892000,1628.0
2026-03-03,Patiala,Dengue,19,2,91,20.88,32.8,80.2,1.1,1892000,882.7
2026-03-04,Patiala,Dengue,20,3,73,27.4,33.8,84.7,2.9,1892000,2260.7
2026-03-05,Patiala,Dengue,13,3,29,44.83,32.7,84.7,9.4,1892000,935.9
2026-03-06,Patiala,Dengue,22,2,55,40.0,32.4,80.2,0.0,1892000,724.4
2026-03-07,Patiala,Dengue,19,2,66,28.79,33.7,75.2,2.9,1892000,1429.9
2026-03-08,Patiala,Dengue,20,3,60,33.33,31.4,80.7,2.0,1892000,1840.9
2026-03-09,Patiala,Dengue,21,2,74,28.38,32.7,74.7,2.9,1892000,932.4
2026-03-10,Patiala,Dengue,18,2,38,47.37,33.1,77.5,2.0,1892000,847.1
2026-03-11,Patiala,Dengue,20,3,78,25.64,36.4,74.2,7.9,1892000,1469.3
2026-03-12,Patiala,Dengue,19,4,51,37.25,29.9,75.1,12.0,1892000,1666.5
2026-03-13,Patiala,Dengue,19,4,78,24.36,31.3,79.8,1.5,1892000,1422.0
2026-03-14,Patiala,Dengue,31,7,114,27.19,33.9,84.1,6.3,1892000,1600.2
2026-03-15,Patiala,Dengue,44,7,183,24.04,34.1,76.8,8.1,1892000,703.9
2026-03-16,Patiala,Dengue,37,5,104,35.58,31.0,76.3,6.4,1892000,1458.2
2026-03-17,Patiala,Dengue,43,8,96,44.79,31.8,77.8,0.0,1892000,1795.1
2026-03-18,Patiala,Dengue,39,4,120,32.5,34.8,95.1,7.0,1892000,935.6
2026-03-19,Patiala,Dengue,34,5,140,24.29,32.3,84.9,9.0,1892000,1404.5
2026-03-20,Patiala,Dengue,58,7,155,37.42,31.5,83.6,4.0,1892000,708.5
2026-03-21,Patiala,Dengue,49,11,230,21.3,30.4,73.2,2.3,1892000,1404.0
2026-03-22,Patiala,Dengue,69,7,180,38.33,31.6,82.4,2.5,1892000,757.9
2026-03-23,Patiala,Dengue,68,12,190,35.79,31.2,82.6,3.1,1892000,666.9
2026-03-24,Patiala,Dengue,83,11,302,27.48,30.7,71.5,4.2,1892000,714.5
2026-03-25,Patiala,Dengue,74,8,238,31.09,29.9,78.3,6.3,1892000,850.1
2026-03-26,Patiala,Dengue,86,12,227,37.89,31.5,76.1,6.8,1892000,672.7
2026-03-27,Patiala,Dengue,69,11,242,28.51,31.0,80.5,6.5,1892000,653.9
2026-03-28,Patiala,Dengue,94,19,334,28.14,33.6,77.9,2.5,1892000,1460.8
2026-03-29,Patiala,Dengue,94,21,246,38.21,32.5,70.1,6.1,1892000,756.0
2026-03-30,Patiala,Dengue,79,10,237,33.33,32.3,72.3,3.4,1892000,658.5
2026-03-31,Patiala,Dengue,112,12,328,34.15,34.7,81.6,7.2,1892000,1216.3
2026-04-01,Patiala,Dengue,113,11,326,34.66,28.2,72.4,7.0,1892000,871.1
2026-04-02,Patiala,Dengue,106,24,227,46.7,30.7,84.7,5.8,1892000,1564.3
2026-04-03,Patiala,Dengue,100,24,466,21.46,29.4,76.1,9.3,1892000,1047.5
2026-04-04,Patiala,Dengue,96,10,345,27.83,28.2,81.3,8.0,1892000,695.5
2026-04-05,Patiala,Dengue,86,19,337,25.52,28.8,76.1,6.4,1892000,665.4
2026-04-06,Patiala,Dengue,94,13,366,25.68,28.0,83.1,2.3,1892000,1477.6
2026-04-07,Patiala,Dengue,95,20,253,37.55,31.6,78.7,3.7,1892000,1366.3
2026-04-08,Patiala,Dengue,88,11,397,22.17,30.3,72.9,0.0,1892000,693.5
2026-04-09,Patiala,Dengue,81,13,174,46.55,26.8,78.5,10.2,1892000,816.2
2026-04-10,Patiala,Dengue,72,12,259,27.8,32.6,82.5,6.9,1892000,945.6
2026-04-11,Patiala,Dengue,73,8,348,20.98,27.7,72.7,10.1,1892000,1370.3
2026-04-12,Patiala,Dengue,79,18,237,33.33,28.6,76.0,8.9,1892000,1384.9
2026-04-13,Patiala,Dengue,66,11,155,42.58,31.3,81.7,3.9,1892000,845.8
2026-04-14,Patiala,Dengue,45,6,95,47.37,28.2,76.9,2.2,1892000,1260.2
2026-04-15,Patiala,Dengue,53,5,227,23.35,28.0,82.1,6.2,1892000,1015.7
2026-04-16,Patiala,Dengue,51,12,154,33.12,28.7,78.8,3.8,1892000,968.9
2026-04-17,Patiala,Dengue,37,4,107,34.58,28.0,76.5,4.0,1892000,631.8
2026-04-18,Patiala,Dengue,37,6,110,33.64,29.8,76.6,10.1,1892000,974.2
2026-04-19,Patiala,Dengue,37,7,127,29.13,29.1,75.0,9.0,1892000,1026.5
2026-04-20,Patiala,Dengue,34,4,162,20.99,26.8,73.5,5.5,1892000,1443.1
2026-04-21,Patiala,Dengue,30,3,72,41.67,23.9,76.8,3.5,1892000,2352.6
2026-04-22,Patiala,Dengue,30,3,125,24.0,28.5,68.9,3.4,1892000,2313.1
2026-04-23,Patiala,Dengue,16,2,70,22.86,26.6,76.3,3.6,1892000,1733.2
2026-04-24,Patiala,Dengue,15,1,58,25.86,28.2,67.5,10.2,1892000,898.0
2026-04-25,Patiala,Dengue,19,3,41,46.34,25.8,79.0,5.4,1892000,656.1
2026-04-26,Patiala,Dengue,13,2,37,35.14,29.0,72.0,6.2,1892000,689.4
2026-04-27,Patiala,Dengue,16,2,38,42.11,26.6,76.2,4.2,1892000,1027.5
2026-04-28,Patiala,Dengue,12,2,45,26.67,29.0,72.6,6.3,1892000,652.7
2026-04-29,Patiala,Dengue,12,2,59,20.34,28.5,73.9,5.8,1892000,1513.7
2026-04-30,Patiala,Dengue,13,3,62,20.97,27.3,67.5,6.5,1892000,1446.0
2026-05-01,Patiala,Dengue,19,4,72,26.39,26.9,66.1,9.9,1892000,1809.0
2026-05-02,Patiala,Dengue,12,1,48,25.0,30.0,74.3,7.7,1892000,742.6
2026-05-03,Patiala,Dengue,19,3,78,24.36,28.2,71.1,0.7,1892000,1497.7
2026-05-04,Patiala,Dengue,14,1,28,50.0,26.6,79.8,4.9,1892000,686.2
2026-05-05,Patiala,Dengue,12,1,50,24.0,31.8,67.7,5.5,1892000,724.5
2026-05-06,Patiala,Dengue,17,2,39,43.59,28.3,72.2,6.0,1892000,977.5
2025-11-08,Patiala,Influenza,21,2,61,34.43,26.3,53.4,0.0,1892000,911.8
2025-11-09,Patiala,Influenza,23,2,107,21.5,27.0,40.4,0.0,1892000,2293.3
2025-11-10,Patiala,Influenza,25,6,63,39.68,22.3,52.7,0.0,1892000,800.5
2025-11-11,Patiala,Influenza,24,4,54,44.44,25.8,45.0,0.0,1892000,709.4
2025-11-12,Patiala,Influenza,26,3,112,23.21,27.3,51.8,0.0,1892000,1369.6
2025-11-13,Patiala,Influenza,29,4,93,31.18,27.4,54.2,0.0,1892000,1006.0
2025-11-14,Patiala,Influenza,29,6,103,28.16,25.7,45.7,5.3,1892000,1446.8
2025-11-15,Patiala,Influenza,20,2,60,33.33,28.4,55.3,0.0,1892000,675.6
2025-11-16,Patiala,Influenza,27,6,93,29.03,26.7,56.8,0.0,1892000,929.5
2025-11-17,Patiala,Influenza,24,5,112,21.43,25.1,52.2,0.3,1892000,2071.8
2025-11-18,Patiala,Influenza,26,4,111,23.42,24.8,53.6,0.0,1892000,2009.2
2025-11-19,Patiala,Influenza,23,2,90,25.56,30.4,49.4,0.0,1892000,644.4
2025-11-20,Patiala,Influenza,37,5,164,22.56,27.3,54.6,0.0,1892000,1575.9
2025-11-21,Patiala,Influenza,28,3,120,23.33,25.4,60.2,0.0,1892000,736.3
2025-11-22,Patiala,Influenza,25,3,116,21.55,26.2,51.6,0.0,1892000,1396.5
2025-11-23,Patiala,Influenza,31,4,142,21.83,31.8,51.4,0.0,1892000,1276.2
2025-11-24,Patiala,Influenza,33,7,94,35.11,27.5,51.2,1.8,1892000,1338.6
2025-11-25,Patiala,Influenza,32,6,142,22.54,23.9,51.4,0.0,1892000,668.4
2025-11-26,Patiala,Influenza,23,4,102,22.55,28.6,55.7,0.0,1892000,1023.3
2025-11-27,Patiala,Influenza,31,3,96,32.29,30.0,59.9,0.0,1892000,997.0
2025-11-28,Patiala,Influenza,28,3,105,26.67,27.3,54.1,4.7,1892000,680.4
2025-11-29,Patiala,Influenza,23,4,75,30.67,30.8,56.5,0.0,1892000,1246.2
2025-11-30,Patiala,Influenza,29,5,89,32.58,27.2,53.4,0.0,1892000,650.6
2025-12-01,Patiala,Influenza,28,6,93,30.11,28.5,62.3,0.0,1892000,710.2
2025-12-02,Patiala,Influenza,25,4,88,28.41,27.1,50.7,0.0,1892000,1445.9
2025-12-03,Patiala,Influenza,27,4,108,25.0,25.8,51.8,0.0,1892000,646.5
2025-12-04,Patiala,Influenza,24,4,118,20.34,32.5,53.8,0.0,1892000,1052.9
2025-12-05,Patiala,Influenza,37,4,184,20.11,28.3,51.6,0.0,1892000,770.4
2025-12-06,Patiala,Influenza,24,5,112,21.43,33.7,54.0,0.0,1892000,1226.8
2025-12-07,Patiala,Influenza,27,4,102,26.47,33.6,61.2,0.0,1892000,2327.6
2025-12-08,Patiala,Influenza,19,2,53,35.85,29.8,59.7,0.0,1892000,697.5
2025-12-09,Patiala,Influenza,30,6,98,30.61,30.1,54.5,0.0,1892000,2242.1
2025-12-10,Patiala,Influenza,24,5,62,38.71,32.8,67.9,0.0,1892000,1042.8
2025-12-11,Patiala,Influenza,31,4,68,45.59,33.1,60.2,0.0,1892000,1206.0
2025-12-12,Patiala,Influenza,31,6,112,27.68,32.9,66.6,0.0,1892000,1672.3
2025-12-13,Patiala,Influenza,31,7,112,27.68,35.1,52.2,0.0,1892000,1418.9
2025-12-14,Patiala,Influenza,29,4,143,20.28,30.1,60.5,0.0,1892000,831.9
2025-12-15,Patiala,Influenza,28,6,71,39.44,30.0,64.0,0.0,1892000,1045.8
2025-12-16,Patiala,Influenza,32,5,140,22.86,31.9,75.7,0.0,1892000,964.4
2025-12-17,Patiala,Influenza,31,5,83,37.35,30.4,62.7,1.3,1892000,2274.7
2025-12-18,Patiala,Influenza,34,8,120,28.33,31.2,74.3,0.4,1892000,1087.5
2025-12-19,Patiala,Influenza,34,4,96,35.42,31.1,54.6,0.0,1892000,2078.6
2025-12-20,Patiala,Influenza,36,4,130,27.69,30.2,63.9,0.0,1892000,643.0
2025-12-21,Patiala,Influenza,33,7,86,38.37,31.6,74.1,0.8,1892000,703.5
2025-12-22,Patiala,Influenza,29,7,70,41.43,32.5,64.0,0.0,1892000,642.7
2025-12-23,Patiala,Influenza,27,5,132,20.45,32.3,65.0,7.5,1892000,749.8
2025-12-24,Patiala,Influenza,26,3,72,36.11,30.7,60.4,0.0,1892000,687.0
2025-12-25,Patiala,Influenza,29,4,93,31.18,33.7,56.5,0.0,1892000,682.9
2025-12-26,Patiala,Influenza,33,7,160,20.62,30.3,58.5,1.1,1892000,741.9
2025-12-27,Patiala,Influenza,30,4,80,37.5,34.9,64.7,0.0,1892000,1690.8
2025-12-28,Patiala,Influenza,30,3,87,34.48,34.9,68.2,0.0,1892000,2112.0
2025-12-29,Patiala,Influenza,26,6,70,37.14,31.9,66.3,0.0,1892000,1426.6
2025-12-30,Patiala,Influenza,29,4,75,38.67,34.4,69.5,2.1,1892000,1240.5
2025-12-31,Patiala,Influenza,34,6,103,33.01,29.7,74.3,0.0,1892000,1049.4
2026-01-01,Patiala,Influenza,28,5,75,37.33,36.7,70.9,1.4,1892000,642.5
2026-01-02,Patiala,Influenza,25,3,82,30.49,32.0,78.3,0.0,1892000,1113.5
2026-01-03,Patiala,Influenza,35,5,151,23.18,31.5,71.7,0.0,1892000,869.5
2026-01-04,Patiala,Influenza,23,3,96,23.96,31.5,61.2,2.2,1892000,911.6
2026-01-05,Patiala,Influenza,25,4,88,28.41,32.5,65.2,0.0,1892000,769.1
2026-01-06,Patiala,Influenza,34,5,144,23.61,30.9,64.5,2.9,1892000,689.4
2026-01-07,Patiala,Influenza,34,8,111,30.63,34.6,72.9,3.5,1892000,1996.0
2026-01-08,Patiala,Influenza,23,3,93,24.73,32.5,69.9,2.2,1892000,725.4
2026-01-09,Patiala,Influenza,36,5,104,34.62,35.5,69.6,0.0,1892000,731.9
2026-01-10,Patiala,Influenza,32,5,159,20.13,32.9,75.6,0.0,1892000,1646.0
2026-01-11,Patiala,Influenza,29,4,69,42.03,35.6,77.7,1.9,1892000,1093.9
2026-01-12,Patiala,Influenza,29,6,96,30.21,33.5,69.3,3.5,1892000,790.3
2026-01-13,Patiala,Influenza,37,7,142,26.06,30.3,75.7,3.3,1892000,821.7
2026-01-14,Patiala,Influenza,30,5,93,32.26,36.1,70.4,0.0,1892000,729.3
2026-01-15,Patiala,Influenza,28,4,106,26.42,37.9,68.4,0.0,1892000,842.7
2026-01-16,Patiala,Influenza,32,3,69,46.38,34.7,72.6,2.1,1892000,1274.8
2026-01-17,Patiala,Influenza,35,7,171,20.47,34.5,67.1,8.8,1892000,692.5
2026-01-18,Patiala,Influenza,29,5,106,27.36,33.7,69.0,0.0,1892000,1455.5
2026-01-19,Patiala,Influenza,30,7,106,28.3,36.5,77.8,0.8,1892000,1209.1
2026-01-20,Patiala,Influenza,29,3,125,23.2,32.8,69.4,0.4,1892000,2134.4
2026-01-21,Patiala,Influenza,28,3,123,22.76,35.9,64.9,0.0,1892000,642.9
2026-01-22,Patiala,Influenza,33,6,155,21.29,34.0,73.4,5.7,1892000,688.3
2026-01-23,Patiala,Influenza,22,3,84,26.19,34.4,81.6,1.6,1892000,1564.4
2026-01-24,Patiala,Influenza,35,5,92,38.04,33.6,84.7,0.0,1892000,694.1
2026-01-25,Patiala,Influenza,31,4,154,20.13,31.7,74.4,1.8,1892000,958.4
2026-01-26,Patiala,Influenza,29,4,143,20.28,36.7,68.5,4.0,1892000,887.7
2026-01-27,Patiala,Influenza,35,5,97,36.08,37.4,71.1,0.0,1892000,880.2
2026-01-28,Patiala,Influenza,25,3,122,20.49,32.2,70.1,0.5,1892000,1659.8
2026-01-29,Patiala,Influenza,29,5,117,24.79,34.6,79.7,0.0,1892000,1034.6
2026-01-30,Patiala,Influenza,42,6,93,45.16,34.8,77.5,0.0,1892000,1049.2
2026-01-31,Patiala,Influenza,29,6,80,36.25,36.9,77.1,0.2,1892000,1547.8
2026-02-01,Patiala,Influenza,37,5,133,27.82,32.1,68.3,3.0,1892000,652.7
2026-02-02,Patiala,Influenza,31,5,66,46.97,34.5,75.0,1.3,1892000,844.3
2026-02-03,Patiala,Influenza,27,6,97,27.84,36.2,76.5,0.0,1892000,1163.9
2026-02-04,Patiala,Influenza,35,4,86,40.7,32.5,74.5,0.0,1892000,1274.3
2026-02-05,Patiala,Influenza,32,6,69,46.38,33.6,77.1,0.2,1892000,780.0
2026-02-06,Patiala,Influenza,33,6,79,41.77,36.5,83.5,1.2,1892000,1223.1
2026-02-07,Patiala,Influenza,32,6,71,45.07,35.0,80.8,0.4,1892000,1595.5
2026-02-08,Patiala,Influenza,31,3,65,47.69,36.7,73.3,3.4,1892000,1133.5
2026-02-09,Patiala,Influenza,27,3,91,29.67,35.5,75.6,6.1,1892000,1367.4
2026-02-10,Patiala,Influenza,40,9,111,36.04,38.0,76.5,3.1,1892000,1424.0
2026-02-11,Patiala,Influenza,29,4,123,23.58,38.0,85.2,3.2,1892000,733.9
2026-02-12,Patiala,Influenza,24,5,69,34.78,37.6,81.8,2.2,1892000,1465.6
2026-02-13,Patiala,Influenza,35,5,137,25.55,35.5,71.2,3.4,1892000,870.0
2026-02-14,Patiala,Influenza,41,4,148,27.7,32.7,80.0,0.0,1892000,635.7
2026-02-15,Patiala,Influenza,30,3,84,35.71,35.5,78.1,3.9,1892000,920.3
2026-02-16,Patiala,Influenza,40,9,134,29.85,37.7,81.0,7.3,1892000,1460.3
2026-02-17,Patiala,Influenza,34,4,128,26.56,34.2,73.1,0.0,1892000,764.5
2026-02-18,Patiala,Influenza,30,3,140,21.43,36.5,69.9,3.4,1892000,745.7
2026-02-19,Patiala,Influenza,44,6,149,29.53,35.0,80.7,9.9,1892000,860.8
2026-02-20,Patiala,Influenza,33,6,110,30.0,35.1,82.5,0.0,1892000,1932.2
2026-02-21,Patiala,Influenza,37,6,152,24.34,34.9,78.1,4.8,1892000,1084.5
2026-02-22,Patiala,Influenza,32,7,140,22.86,38.4,75.5,1.5,1892000,1677.3
2026-02-23,Patiala,Influenza,27,2,98,27.55,39.3,76.5,4.1,1892000,938.5
2026-02-24,Patiala,Influenza,30,5,114,26.32,35.3,82.6,5.1,1892000,1614.7
2026-02-25,Patiala,Influenza,31,6,125,24.8,36.1,77.4,0.0,1892000,1321.9
2026-02-26,Patiala,Influenza,41,10,176,23.3,32.2,77.9,2.5,1892000,1258.4
2026-02-27,Patiala,Influenza,35,5,94,37.23,34.7,81.9,0.0,1892000,1146.3
2026-02-28,Patiala,Influenza,73,15,272,26.84,38.9,91.0,1.8,1892000,648.8
2026-03-01,Patiala,Influenza,79,15,178,44.38,35.9,78.6,5.4,1892000,654.6
2026-03-02,Patiala,Influenza,54,10,255,21.18,34.5,75.1,1.7,1892000,1047.2
2026-03-03,Patiala,Influenza,78,16,167,46.71,34.2,80.7,2.9,1892000,1019.0
2026-03-04,Patiala,Influenza,115,14,316,36.39,33.7,74.2,3.3,1892000,1176.2
2026-03-05,Patiala,Influenza,104,16,337,30.86,34.3,76.4,2.3,1892000,1233.1
2026-03-06,Patiala,Influenza,105,13,405,25.93,30.0,83.7,8.2,1892000,989.4
2026-03-07,Patiala,Influenza,171,34,753,22.71,36.1,75.3,0.7,1892000,643.6
2026-03-08,Patiala,Influenza,131,17,299,43.81,35.6,81.6,4.3,1892000,960.2
2026-03-09,Patiala,Influenza,185,30,531,34.84,32.6,87.6,4.0,1892000,1152.5
2026-03-10,Patiala,Influenza,195,32,479,40.71,36.2,73.3,6.1,1892000,1110.2
2026-03-11,Patiala,Influenza,161,32,438,36.76,34.1,81.0,3.5,1892000,1266.8
2026-03-12,Patiala,Influenza,202,40,547,36.93,34.6,76.7,8.0,1892000,1064.0
2026-03-13,Patiala,Influenza,191,41,634,30.13,36.2,86.8,2.5,1892000,831.9
2026-03-14,Patiala,Influenza,145,27,365,39.73,34.5,79.6,6.1,1892000,2001.7
2026-03-15,Patiala,Influenza,193,36,695,27.77,32.2,81.9,1.7,1892000,711.9
2026-03-16,Patiala,Influenza,140,14,308,45.45,34.6,82.5,6.4,1892000,798.4
2026-03-17,Patiala,Influenza,195,20,807,24.16,33.1,77.9,3.5,1892000,665.0
2026-03-18,Patiala,Influenza,181,41,615,29.43,34.1,88.0,1.6,1892000,961.7
2026-03-19,Patiala,Influenza,161,39,779,20.67,34.3,83.3,6.3,1892000,724.0
2026-03-20,Patiala,Influenza,137,13,330,41.52,34.6,85.9,3.8,1892000,1071.2
2026-03-21,Patiala,Influenza,129,27,373,34.58,34.0,76.8,0.3,1892000,735.0
2026-03-22,Patiala,Influenza,95,17,458,20.74,35.3,80.4,5.0,1892000,1364.6
2026-03-23,Patiala,Influenza,131,16,602,21.76,34.0,82.9,0.5,1892000,789.9
2026-03-24,Patiala,Influenza,107,19,304,35.2,33.2,72.9,1.2,1892000,1870.1
2026-03-25,Patiala,Influenza,92,12,192,47.92,36.9,74.8,4.5,1892000,1757.6
2026-03-26,Patiala,Influenza,109,13,250,43.6,31.4,77.7,4.1,1892000,1299.9
2026-03-27,Patiala,Influenza,68,12,142,47.89,30.7,85.0,3.9,1892000,867.6
2026-03-28,Patiala,Influenza,87,15,275,31.64,34.1,83.9,0.5,1892000,808.1
2026-03-29,Patiala,Influenza,76,11,351,21.65,30.0,79.6,9.1,1892000,712.7
2026-03-30,Patiala,Influenza,71,11,336,21.13,34.8,76.5,5.0,1892000,1446.6
2026-03-31,Patiala,Influenza,50,6,245,20.41,29.8,72.0,6.3,1892000,894.9
2026-04-01,Patiala,Influenza,53,13,207,25.6,30.5,76.7,2.8,1892000,814.3
2026-04-02,Patiala,Influenza,31,7,73,42.47,31.6,77.3,7.5,1892000,1868.7
2026-04-03,Patiala,Influenza,34,6,99,34.34,31.6,79.6,0.0,1892000,1428.5
2026-04-04,Patiala,Influenza,29,6,139,20.86,27.7,77.8,6.8,1892000,735.1
2026-04-05,Patiala,Influenza,32,3,78,41.03,32.8,75.3,1.9,1892000,647.0
2026-04-06,Patiala,Influenza,27,2,74,36.49,32.8,77.1,11.2,1892000,1075.1
2026-04-07,Patiala,Influenza,34,7,77,44.16,28.1,79.8,3.0,1892000,824.2
2026-04-08,Patiala,Influenza,24,5,49,48.98,32.0,74.2,10.1,1892000,2294.8
2026-04-09,Patiala,Influenza,20,2,51,39.22,31.3,83.4,4.8,1892000,1091.2
2026-04-10,Patiala,Influenza,29,4,118,24.58,29.7,83.4,8.0,1892000,701.9
2026-04-11,Patiala,Influenza,22,3,84,26.19,28.6,71.1,3.0,1892000,680.8
2026-04-12,Patiala,Influenza,28,4,131,21.37,31.4,74.5,2.9,1892000,1421.2
2026-04-13,Patiala,Influenza,25,5,80,31.25,27.3,81.9,5.2,1892000,876.7
2026-04-14,Patiala,Influenza,24,4,101,23.76,29.5,77.2,6.8,1892000,1002.2
2026-04-15,Patiala,Influenza,21,4,98,21.43,29.5,70.9,14.9,1892000,1052.4
2026-04-16,Patiala,Influenza,28,5,79,35.44,30.9,61.4,6.9,1892000,960.7
2026-04-17,Patiala,Influenza,29,3,87,33.33,31.7,82.4,1.3,1892000,1087.0
2026-04-18,Patiala,Influenza,27,6,54,50.0,29.9,74.3,0.8,1892000,1107.9
2026-04-19,Patiala,Influenza,25,4,63,39.68,28.1,78.7,4.1,1892000,1035.9
2026-04-20,Patiala,Influenza,25,5,57,43.86,29.6,67.2,7.9,1892000,870.3
2026-04-21,Patiala,Influenza,25,4,92,27.17,27.5,72.3,3.6,1892000,1593.6
2026-04-22,Patiala,Influenza,27,5,130,20.77,27.9,75.4,5.8,1892000,1064.7
2026-04-23,Patiala,Influenza,32,7,66,48.48,27.8,60.0,2.0,1892000,1070.4
2026-04-24,Patiala,Influenza,20,3,81,24.69,32.6,75.4,3.2,1892000,756.3
2026-04-25,Patiala,Influenza,24,3,80,30.0,25.8,80.1,2.4,1892000,708.1
2026-04-26,Patiala,Influenza,20,2,46,43.48,28.3,75.7,6.7,1892000,820.7
2026-04-27,Patiala,Influenza,28,3,121,23.14,28.0,69.0,8.1,1892000,631.0
2026-04-28,Patiala,Influenza,33,6,137,24.09,27.9,76.2,2.1,1892000,864.2
2026-04-29,Patiala,Influenza,22,3,69,31.88,26.3,79.9,5.2,1892000,2256.9
2026-04-30,Patiala,Influenza,26,4,74,35.14,29.0,70.3,3.9,1892000,1022.4
2026-05-01,Patiala,Influenza,25,5,121,20.66,27.8,71.6,4.9,1892000,1588.8
2026-05-02,Patiala,Influenza,25,5,58,43.1,25.1,72.2,1.4,1892000,980.7
2026-05-03,Patiala,Influenza,29,3,69,42.03,27.1,71.9,0.7,1892000,767.8
2026-05-04,Patiala,Influenza,26,4,75,34.67,27.8,79.3,5.5,1892000,1154.1
2026-05-05,Patiala,Influenza,28,3,62,45.16,26.9,67.2,1.7,1892000,674.2
2026-05-06,Patiala,Influenza,19,3,87,21.84,24.2,64.9,2.5,1892000,1574.4
2025-11-08,Patiala,Malaria,29,6,131,22.14,22.3,48.1,0.0,1892000,1511.9
2025-11-09,Patiala,Malaria,27,5,106,25.47,24.4,52.4,0.0,1892000,1838.7
2025-11-10,Patiala,Malaria,30,4,135,22.22,25.2,49.4,0.0,1892000,1452.1
2025-11-11,Patiala,Malaria,24,5,54,44.44,25.1,57.7,0.0,1892000,1692.8
2025-11-12,Patiala,Malaria,23,4,86,26.74,27.7,53.3,0.0,1892000,1011.3
2025-11-13,Patiala,Malaria,26,4,73,35.62,23.6,44.9,0.0,1892000,1035.8
2025-11-14,Patiala,Malaria,27,3,104,25.96,28.0,52.7,0.0,1892000,946.4
2025-11-15,Patiala,Malaria,23,3,94,24.47,25.3,62.2,0.0,1892000,1201.1
2025-11-16,Patiala,Malaria,23,4,51,45.1,25.4,57.8,0.0,1892000,1183.4
2025-11-17,Patiala,Malaria,14,1,55,25.45,24.8,49.1,0.0,1892000,1229.6
2025-11-18,Patiala,Malaria,26,4,116,22.41,29.2,50.3,0.0,1892000,780.4
2025-11-19,Patiala,Malaria,27,3,132,20.45,24.9,61.5,0.0,1892000,2071.1
2025-11-20,Patiala,Malaria,29,6,103,28.16,25.7,52.7,0.0,1892000,1192.2
2025-11-21,Patiala,Malaria,25,3,76,32.89,31.4,55.2,0.0,1892000,1679.6
2025-11-22,Patiala,Malaria,31,6,69,44.93,26.6,57.0,0.0,1892000,907.9
2025-11-23,Patiala,Malaria,30,4,97,30.93,26.5,53.5,0.0,1892000,1193.6
2025-11-24,Patiala,Malaria,22,3,91,24.18,29.4,63.0,0.0,1892000,822.5
2025-11-25,Patiala,Malaria,24,5,87,27.59,29.7,54.0,0.0,1892000,1050.4
2025-11-26,Patiala,Malaria,23,2,48,47.92,28.6,54.3,1.1,1892000,1285.3
2025-11-27,Patiala,Malaria,31,3,83,37.35,29.5,54.3,0.0,1892000,857.7
2025-11-28,Patiala,Malaria,32,7,139,23.02,29.0,53.6,0.0,1892000,830.9
2025-11-29,Patiala,Malaria,31,6,113,27.43,25.2,54.9,0.0,1892000,1606.0
2025-11-30,Patiala,Malaria,32,3,129,24.81,26.8,47.1,0.0,1892000,1110.3
2025-12-01,Patiala,Malaria,26,5,124,20.97,30.4,60.9,1.8,1892000,909.0
2025-12-02,Patiala,Malaria,27,2,123,21.95,29.0,65.6,0.0,1892000,931.0
2025-12-03,Patiala,Malaria,27,3,122,22.13,26.5,49.5,0.0,1892000,776.7
2025-12-04,Patiala,Malaria,21,3,86,24.42,27.7,72.2,0.0,1892000,1621.8
2025-12-05,Patiala,Malaria,28,4,104,26.92,28.4,64.3,4.7,1892000,1809.9
2025-12-06,Patiala,Malaria,30,3,109,27.52,26.3,56.7,0.0,1892000,678.1
2025-12-07,Patiala,Malaria,35,7,97,36.08,30.0,60.1,0.0,1892000,1947.1
2025-12-08,Patiala,Malaria,36,4,170,21.18,27.3,55.0,0.0,1892000,898.7
2025-12-09,Patiala,Malaria,28,4,114,24.56,31.5,60.0,0.0,1892000,664.4
2025-12-10,Patiala,Malaria,33,4,143,23.08,29.4,60.8,0.0,1892000,1792.3
2025-12-11,Patiala,Malaria,31,4,110,28.18,29.4,64.5,0.0,1892000,822.2
2025-12-12,Patiala,Malaria,27,4,66,40.91,32.8,56.7,0.0,1892000,659.4
2025-12-13,Patiala,Malaria,28,4,92,30.43,32.2,59.3,0.0,1892000,1335.8
2025-12-14,Patiala,Malaria,36,8,138,26.09,30.0,64.4,0.0,1892000,1838.3
2025-12-15,Patiala,Malaria,23,5,103,22.33,29.6,61.8,0.0,1892000,2292.2
2025-12-16,Patiala,Malaria,24,3,114,21.05,28.0,63.6,0.0,1892000,2305.7
2025-12-17,Patiala,Malaria,24,2,106,22.64,33.3,64.2,0.0,1892000,1347.8
2025-12-18,Patiala,Malaria,31,4,64,48.44,31.3,72.2,0.0,1892000,852.6
2025-12-19,Patiala,Malaria,29,4,106,27.36,33.7,68.3,0.0,1892000,864.2
2025-12-20,Patiala,Malaria,27,4,124,21.77,29.8,62.9,0.0,1892000,1072.8
2025-12-21,Patiala,Malaria,29,6,65,44.62,29.2,65.8,1.8,1892000,701.6
2025-12-22,Patiala,Malaria,26,2,98,26.53,33.7,58.6,0.0,1892000,851.8
2025-12-23,Patiala,Malaria,32,4,114,28.07,35.0,61.0,0.0,1892000,710.7
2025-12-24,Patiala,Malaria,30,3,99,30.3,34.8,59.5,0.9,1892000,833.0
2025-12-25,Patiala,Malaria,26,5,72,36.11,33.7,61.3,0.0,1892000,1965.8
2025-12-26,Patiala,Malaria,36,8,134,26.87,31.6,64.3,1.1,1892000,1743.1
2025-12-27,Patiala,Malaria,23,5,59,38.98,32.0,65.5,0.0,1892000,789.7
2025-12-28,Patiala,Malaria,29,5,68,42.65,32.7,66.7,0.0,1892000,1004.6
2025-12-29,Patiala,Malaria,31,7,83,37.35,32.6,58.3,0.0,1892000,1504.2
2025-12-30,Patiala,Malaria,35,4,72,48.61,35.2,68.2,1.8,1892000,1636.9
2025-12-31,Patiala,Malaria,38,4,118,32.2,33.3,67.4,1.1,1892000,1012.1
2026-01-01,Patiala,Malaria,34,4,100,34.0,30.5,73.1,0.0,1892000,770.9
2026-01-02,Patiala,Malaria,25,3,64,39.06,35.8,72.2,0.0,1892000,815.4
2026-01-03,Patiala,Malaria,23,4,103,22.33,30.8,62.7,0.0,1892000,736.2
2026-01-04,Patiala,Malaria,34,6,77,44.16,30.4,73.0,1.6,1892000,631.9
2026-01-05,Patiala,Malaria,28,3,86,32.56,35.0,73.7,0.0,1892000,920.7
2026-01-06,Patiala,Malaria,33,5,159,20.75,32.8,72.8,0.0,1892000,773.9
2026-01-07,Patiala,Malaria,29,4,71,40.85,30.3,71.4,0.0,1892000,742.1
2026-01-08,Patiala,Malaria,27,6,126,21.43,34.9,71.6,0.0,1892000,856.3
2026-01-09,Patiala,Malaria,33,6,161,20.5,31.6,66.9,0.0,1892000,804.5
2026-01-10,Patiala,Malaria,28,4,73,38.36,32.1,65.9,1.1,1892000,1454.4
2026-01-11,Patiala,Malaria,33,7,133,24.81,33.2,76.9,0.8,1892000,767.5
2026-01-12,Patiala,Malaria,29,4,73,39.73,34.5,65.1,0.0,1892000,870.5
2026-01-13,Patiala,Malaria,34,4,104,32.69,32.4,69.2,1.4,1892000,778.7
2026-01-14,Patiala,Malaria,28,3,63,44.44,33.0,74.4,0.0,1892000,1696.8
2026-01-15,Patiala,Malaria,32,7,106,30.19,34.4,68.0,1.8,1892000,658.6
2026-01-16,Patiala,Malaria,25,4,95,26.32,38.0,68.7,3.1,1892000,822.0
2026-01-17,Patiala,Malaria,34,5,135,25.19,33.3,68.3,0.0,1892000,660.9
2026-01-18,Patiala,Malaria,28,3,110,25.45,34.5,68.9,0.3,1892000,766.9
2026-01-19,Patiala,Malaria,30,5,94,31.91,36.1,68.3,0.0,1892000,1448.7
2026-01-20,Patiala,Malaria,38,4,171,22.22,36.0,76.7,0.0,1892000,1241.2
2026-01-21,Patiala,Malaria,38,9,151,25.17,36.0,76.6,0.0,1892000,915.5
2026-01-22,Patiala,Malaria,30,3,97,30.93,34.3,74.3,4.1,1892000,1118.5
2026-01-23,Patiala,Malaria,36,6,82,43.9,36.4,64.4,4.4,1892000,918.8
2026-01-24,Patiala,Malaria,32,7,130,24.62,34.4,76.4,2.6,1892000,644.3
2026-01-25,Patiala,Malaria,26,4,54,48.15,35.7,71.7,0.0,1892000,1271.9
2026-01-26,Patiala,Malaria,29,3,104,27.88,34.4,74.1,4.8,1892000,773.2
2026-01-27,Patiala,Malaria,35,8,140,25.0,35.1,74.8,0.5,1892000,1323.6
2026-01-28,Patiala,Malaria,36,5,177,20.34,37.1,81.6,6.4,1892000,704.0
2026-01-29,Patiala,Malaria,36,8,72,50.0,38.1,79.2,1.3,1892000,1202.6
2026-01-30,Patiala,Malaria,46,8,188,24.47,34.7,76.9,1.5,1892000,652.4
2026-01-31,Patiala,Malaria,32,6,159,20.13,32.7,73.8,4.3,1892000,675.5
2026-02-01,Patiala,Malaria,33,6,111,29.73,28.6,66.6,0.0,1892000,854.6
2026-02-02,Patiala,Malaria,38,4,152,25.0,31.3,79.5,0.0,1892000,1283.6
2026-02-03,Patiala,Malaria,41,5,136,30.15,34.7,77.6,6.4,1892000,827.6
2026-02-04,Patiala,Malaria,35,7,158,22.15,33.5,75.1,0.0,1892000,1765.9
2026-02-05,Patiala,Malaria,38,6,77,49.35,31.4,67.0,0.0,1892000,1769.3
2026-02-06,Patiala,Malaria,28,3,61,45.9,32.2,78.9,1.2,1892000,1328.2
2026-02-07,Patiala,Malaria,27,2,128,21.09,35.9,74.9,7.2,1892000,760.4
2026-02-08,Patiala,Malaria,33,5,114,28.95,34.3,75.1,4.5,1892000,1429.9
2026-02-09,Patiala,Malaria,31,6,92,33.7,32.0,73.6,2.9,1892000,688.5
2026-02-10,Patiala,Malaria,36,8,75,48.0,33.7,70.4,5.5,1892000,1571.1
2026-02-11,Patiala,Malaria,29,4,89,32.58,32.2,84.0,3.1,1892000,1369.4
2026-02-12,Patiala,Malaria,37,5,107,34.58,31.4,77.1,2.2,1892000,1239.7
2026-02-13,Patiala,Malaria,41,8,156,26.28,30.5,78.8,0.1,1892000,1414.3
2026-02-14,Patiala,Malaria,43,10,211,20.38,36.0,81.2,3.3,1892000,855.4
2026-02-15,Patiala,Malaria,29,7,128,22.66,37.1,76.1,2.3,1892000,659.9
2026-02-16,Patiala,Malaria,39,5,80,48.75,31.7,86.9,4.2,1892000,1150.7
2026-02-17,Patiala,Malaria,25,5,53,47.17,32.2,79.8,8.6,1892000,836.7
2026-02-18,Patiala,Malaria,31,3,70,44.29,35.7,74.1,4.2,1892000,1912.6
2026-02-19,Patiala,Malaria,35,7,90,38.89,34.6,81.4,0.0,1892000,747.5
2026-02-20,Patiala,Malaria,31,4,64,48.44,34.2,78.1,7.5,1892000,937.9
2026-02-21,Patiala,Malaria,31,5,92,33.7,37.0,83.5,1.0,1892000,656.2
2026-02-22,Patiala,Malaria,26,4,75,34.67,27.9,81.0,0.3,1892000,684.7
2026-02-23,Patiala,Malaria,27,2,90,30.0,31.1,76.8,5.0,1892000,941.2
2026-02-24,Patiala,Malaria,35,4,110,31.82,37.0,75.6,13.0,1892000,2202.3
2026-02-25,Patiala,Malaria,33,6,110,30.0,32.3,85.2,0.0,1892000,1017.2
2026-02-26,Patiala,Malaria,23,3,100,23.0,34.7,81.0,3.9,1892000,718.5
2026-02-27,Patiala,Malaria,28,3,81,34.57,36.1,76.9,5.5,1892000,707.2
2026-02-28,Patiala,Malaria,26,5,52,50.0,34.7,79.6,3.5,1892000,1668.3
2026-03-01,Patiala,Malaria,32,6,99,32.32,33.0,86.4,5.3,1892000,994.8
2026-03-02,Patiala,Malaria,61,12,226,26.99,34.2,80.2,6.5,1892000,2108.8
2026-03-03,Patiala,Malaria,53,12,227,23.35,33.0,89.3,1.9,1892000,745.0
2026-03-04,Patiala,Malaria,50,5,127,39.37,32.4,84.6,4.4,1892000,1442.0
2026-03-05,Patiala,Malaria,62,10,188,32.98,33.2,90.5,8.8,1892000,648.5
2026-03-06,Patiala,Malaria,81,10,189,42.86,36.6,82.5,7.3,1892000,772.5
2026-03-07,Patiala,Malaria,75,10,255,29.41,32.3,74.0,5.4,1892000,651.0
2026-03-08,Patiala,Malaria,63,14,127,49.61,33.1,83.6,7.0,1892000,1136.4
2026-03-09,Patiala,Malaria,108,14,361,29.92,33.2,85.5,7.2,1892000,924.9
2026-03-10,Patiala,Malaria,133,24,414,32.13,35.3,82.8,4.3,1892000,798.0
2026-03-11,Patiala,Malaria,78,19,172,45.35,35.2,88.9,4.3,1892000,1227.3
2026-03-12,Patiala,Malaria,140,27,380,36.84,32.6,83.9,4.5,1892000,803.5
2026-03-13,Patiala,Malaria,140,18,435,32.18,31.0,73.5,0.6,1892000,753.3
2026-03-14,Patiala,Malaria,159,27,673,23.63,34.6,76.6,7.8,1892000,2280.2
2026-03-15,Patiala,Malaria,143,32,295,48.47,35.3,74.0,7.0,1892000,962.8
2026-03-16,Patiala,Malaria,154,19,597,25.8,35.2,76.1,4.2,1892000,947.5
2026-03-17,Patiala,Malaria,160,28,784,20.41,32.0,73.6,8.1,1892000,739.7
2026-03-18,Patiala,Malaria,152,33,367,41.42,31.2,76.0,8.3,1892000,1010.2
2026-03-19,Patiala,Malaria,180,44,396,45.45,28.7,78.6,5.4,1892000,1134.6
2026-03-20,Patiala,Malaria,193,35,389,49.61,32.1,85.6,5.1,1892000,639.6
2026-03-21,Patiala,Malaria,210,23,880,23.86,33.4,77.4,4.5,1892000,1130.8
2026-03-22,Patiala,Malaria,138,30,452,30.53,29.0,82.5,2.5,1892000,1273.4
2026-03-23,Patiala,Malaria,188,21,538,34.94,31.4,79.1,5.2,1892000,638.4
2026-03-24,Patiala,Malaria,149,15,674,22.11,28.9,83.0,0.1,1892000,1310.7
2026-03-25,Patiala,Malaria,143,22,589,24.28,31.9,85.5,6.4,1892000,716.1
2026-03-26,Patiala,Malaria,111,12,389,28.53,32.0,78.1,4.2,1892000,1760.5
2026-03-27,Patiala,Malaria,113,14,509,22.2,32.8,82.2,1.5,1892000,1119.3
2026-03-28,Patiala,Malaria,123,24,563,21.85,31.7,78.9,7.5,1892000,641.9
2026-03-29,Patiala,Malaria,142,15,680,20.88,31.0,83.8,6.7,1892000,1036.6
2026-03-30,Patiala,Malaria,150,27,415,36.14,31.0,73.4,9.0,1892000,863.2
2026-03-31,Patiala,Malaria,119,12,447,26.62,30.9,82.6,1.0,1892000,2091.5
2026-04-01,Patiala,Malaria,73,17,148,49.32,33.0,84.5,1.3,1892000,927.8
2026-04-02,Patiala,Malaria,104,11,282,36.88,27.4,84.8,5.6,1892000,897.9
2026-04-03,Patiala,Malaria,111,22,296,37.5,32.2,80.4,2.5,1892000,1816.6
2026-04-04,Patiala,Malaria,106,17,513,20.66,29.5,91.3,0.0,1892000,1019.7
2026-04-05,Patiala,Malaria,60,11,248,24.19,30.8,77.2,9.6,1892000,2020.5
2026-04-06,Patiala,Malaria,68,11,336,20.24,30.3,75.9,1.9,1892000,1486.6
2026-04-07,Patiala,Malaria,57,10,166,34.34,30.9,79.2,11.0,1892000,1336.6
2026-04-08,Patiala,Malaria,55,5,234,23.5,27.9,74.2,4.0,1892000,1140.8
2026-04-09,Patiala,Malaria,52,6,143,36.36,31.0,80.2,0.9,1892000,984.7
2026-04-10,Patiala,Malaria,26,3,127,20.47,30.9,71.1,7.4,1892000,674.0
2026-04-11,Patiala,Malaria,32,5,93,34.41,31.8,74.0,6.8,1892000,648.3
2026-04-12,Patiala,Malaria,26,5,56,46.43,29.7,73.3,2.0,1892000,1260.9
2026-04-13,Patiala,Malaria,27,6,87,31.03,25.3,83.0,5.7,1892000,1135.5
2026-04-14,Patiala,Malaria,28,6,100,28.0,30.9,74.1,2.4,1892000,1103.7
2026-04-15,Patiala,Malaria,23,4,57,40.35,27.7,74.7,5.1,1892000,1087.4
2026-04-16,Patiala,Malaria,26,4,97,26.8,26.3,80.4,2.6,1892000,1791.1
2026-04-17,Patiala,Malaria,32,5,122,26.23,25.9,83.8,1.4,1892000,815.8
2026-04-18,Patiala,Malaria,28,4,58,48.28,27.5,77.5,7.8,1892000,788.5
2026-04-19,Patiala,Malaria,29,3,79,36.71,30.7,77.8,4.1,1892000,913.6
2026-04-20,Patiala,Malaria,27,5,55,49.09,28.6,79.0,5.0,1892000,1234.4
2026-04-21,Patiala,Malaria,16,2,67,23.88,27.8,72.8,6.2,1892000,901.5
2026-04-22,Patiala,Malaria,27,3,75,36.0,30.2,79.1,5.5,1892000,1878.4
2026-04-23,Patiala,Malaria,27,5,104,25.96,24.4,81.8,1.0,1892000,1368.5
2026-04-24,Patiala,Malaria,29,6,63,46.03,29.6,73.7,2.7,1892000,1106.0
2026-04-25,Patiala,Malaria,26,4,118,22.03,27.8,77.9,5.6,1892000,648.0
2026-04-26,Patiala,Malaria,25,4,118,21.19,25.1,79.7,3.4,1892000,1021.7
2026-04-27,Patiala,Malaria,30,6,124,24.19,28.5,75.3,7.3,1892000,1157.4
2026-04-28,Patiala,Malaria,21,4,83,25.3,23.6,69.9,4.3,1892000,2048.5
2026-04-29,Patiala,Malaria,22,4,49,44.9,27.9,76.7,3.4,1892000,1830.2
2026-04-30,Patiala,Malaria,21,3,46,45.65,27.0,74.4,1.9,1892000,779.8
2026-05-01,Patiala,Malaria,30,6,75,40.0,27.4,69.8,5.8,1892000,915.3
2026-05-02,Patiala,Malaria,22,3,81,27.16,28.6,78.4,3.6,1892000,761.8
2026-05-03,Patiala,Malaria,26,5,92,28.26,29.2,73.9,2.9,1892000,1472.6
2026-05-04,Patiala,Malaria,23,3,48,47.92,25.8,61.3,1.5,1892000,1395.0
2026-05-05,Patiala,Malaria,29,4,90,32.22,25.7,75.0,8.8,1892000,827.6
2026-05-06,Patiala,Malaria,32,7,131,24.43,28.0,61.7,13.1,1892000,649.4
2025-11-08,Sangrur,COVID-19,13,1,37,35.14,24.5,44.5,0.0,1654000,938.7
2025-11-09,Sangrur,COVID-19,12,1,37,32.43,27.7,47.3,0.0,1654000,926.5
2025-11-10,Sangrur,COVID-19,12,2,54,22.22,27.3,46.9,0.0,1654000,848.3
2025-11-11,Sangrur,COVID-19,13,1,55,23.64,22.5,51.3,0.0,1654000,609.7
2025-11-12,Sangrur,COVID-19,13,1,37,35.14,23.2,48.0,0.0,1654000,1017.9
2025-11-13,Sangrur,COVID-19,15,1,66,22.73,28.9,41.5,0.0,1654000,1655.1
2025-11-14,Sangrur,COVID-19,15,2,64,23.44,27.8,56.9,0.0,1654000,750.9
2025-11-15,Sangrur,COVID-19,12,2,51,23.53,27.4,57.2,0.0,1654000,1485.9
2025-11-16,Sangrur,COVID-19,13,2,55,23.64,31.2,61.6,0.0,1654000,1378.4
2025-11-17,Sangrur,COVID-19,15,3,32,46.88,27.7,47.5,0.0,1654000,1559.3
2025-11-18,Sangrur,COVID-19,9,0,30,30.0,30.2,51.7,0.0,1654000,1240.2
2025-11-19,Sangrur,COVID-19,17,3,61,27.87,32.5,62.5,0.0,1654000,555.3
2025-11-20,Sangrur,COVID-19,18,2,78,23.08,28.4,57.7,0.0,1654000,1358.9
2025-11-21,Sangrur,COVID-19,10,1,28,35.71,28.3,61.1,0.0,1654000,574.5
2025-11-22,Sangrur,COVID-19,18,4,79,22.78,28.4,51.3,1.5,1654000,666.9
2025-11-23,Sangrur,COVID-19,17,3,62,27.42,27.5,62.3,0.0,1654000,937.1
2025-11-24,Sangrur,COVID-19,14,1,50,28.0,29.3,50.5,0.0,1654000,627.0
2025-11-25,Sangrur,COVID-19,11,1,28,39.29,25.2,65.8,0.0,1654000,789.3
2025-11-26,Sangrur,COVID-19,10,2,48,20.83,31.5,56.2,0.0,1654000,1055.2
2025-11-27,Sangrur,COVID-19,14,2,29,48.28,27.3,47.2,0.8,1654000,597.7
2025-11-28,Sangrur,COVID-19,12,2,27,44.44,26.9,54.4,0.0,1654000,1049.6
2025-11-29,Sangrur,COVID-19,10,1,22,45.45,29.8,58.1,0.7,1654000,1065.1
2025-11-30,Sangrur,COVID-19,13,2,47,27.66,31.0,61.7,0.0,1654000,692.7
2025-12-01,Sangrur,COVID-19,12,2,59,20.34,29.1,67.1,0.0,1654000,1532.4
2025-12-02,Sangrur,COVID-19,13,1,37,35.14,30.2,61.4,0.0,1654000,811.8
2025-12-03,Sangrur,COVID-19,6,0,21,28.57,31.7,69.8,1.0,1654000,725.1
2025-12-04,Sangrur,COVID-19,12,2,28,42.86,28.1,59.9,0.0,1654000,867.1
2025-12-05,Sangrur,COVID-19,14,2,58,24.14,29.8,58.9,0.4,1654000,955.1
2025-12-06,Sangrur,COVID-19,15,1,51,29.41,29.9,57.5,0.0,1654000,927.9
2025-12-07,Sangrur,COVID-19,17,3,64,26.56,28.5,66.7,1.2,1654000,643.0
2025-12-08,Sangrur,COVID-19,15,2,44,34.09,31.9,62.3,0.0,1654000,1643.1
2025-12-09,Sangrur,COVID-19,20,3,40,50.0,31.7,68.6,0.0,1654000,1634.8
2025-12-10,Sangrur,COVID-19,13,1,27,48.15,28.0,65.0,0.0,1654000,971.1
2025-12-11,Sangrur,COVID-19,16,3,67,23.88,29.1,66.2,0.0,1654000,1025.9
2025-12-12,Sangrur,COVID-19,18,2,85,21.18,29.7,59.7,0.0,1654000,997.5
2025-12-13,Sangrur,COVID-19,17,3,82,20.73,32.9,62.4,0.0,1654000,578.9
2025-12-14,Sangrur,COVID-19,14,1,42,33.33,28.5,53.8,0.0,1654000,2013.6
2025-12-15,Sangrur,COVID-19,13,2,38,34.21,34.4,67.5,0.6,1654000,569.6
2025-12-16,Sangrur,COVID-19,15,2,62,24.19,28.1,65.4,0.0,1654000,956.6
2025-12-17,Sangrur,COVID-19,14,2,56,25.0,28.0,64.2,0.0,1654000,769.0
2025-12-18,Sangrur,COVID-19,20,3,83,24.1,31.0,65.1,3.0,1654000,992.3
2025-12-19,Sangrur,COVID-19,15,2,62,24.19,33.6,67.0,0.0,1654000,688.1
2025-12-20,Sangrur,COVID-19,16,3,40,40.0,27.9,67.5,0.0,1654000,1176.4
2025-12-21,Sangrur,COVID-19,15,2,69,21.74,32.6,62.0,0.0,1654000,1167.5
2025-12-22,Sangrur,COVID-19,14,3,49,28.57,30.2,72.7,0.0,1654000,1571.6
2025-12-23,Sangrur,COVID-19,16,2,69,23.19,31.2,58.6,0.0,1654000,962.5
2025-12-24,Sangrur,COVID-19,13,2,44,29.55,30.8,65.0,0.4,1654000,781.6
2025-12-25,Sangrur,COVID-19,17,1,45,37.78,31.2,67.9,0.0,1654000,690.2
2025-12-26,Sangrur,COVID-19,14,2,66,21.21,32.9,61.8,0.0,1654000,897.2
2025-12-27,Sangrur,COVID-19,16,2,79,20.25,31.6,62.7,0.0,1654000,2036.5
2025-12-28,Sangrur,COVID-19,14,3,52,26.92,33.0,65.7,0.2,1654000,1540.8
2025-12-29,Sangrur,COVID-19,19,3,94,20.21,33.0,60.4,2.1,1654000,1338.5
2025-12-30,Sangrur,COVID-19,13,2,40,32.5,33.3,66.2,0.0,1654000,1154.4
2025-12-31,Sangrur,COVID-19,17,2,71,23.94,32.0,69.9,0.0,1654000,1185.0
2026-01-01,Sangrur,COVID-19,14,3,43,32.56,35.2,61.8,1.3,1654000,1446.2
2026-01-02,Sangrur,COVID-19,16,1,68,23.53,32.4,76.9,0.5,1654000,1454.6
2026-01-03,Sangrur,COVID-19,16,3,76,21.05,32.1,74.8,0.8,1654000,1255.8
2026-01-04,Sangrur,COVID-19,15,1,63,23.81,32.9,64.4,4.9,1654000,1037.2
2026-01-05,Sangrur,COVID-19,16,3,52,30.77,34.3,61.6,3.0,1654000,741.6
2026-01-06,Sangrur,COVID-19,15,3,33,45.45,34.3,78.7,2.4,1654000,707.1
2026-01-07,Sangrur,COVID-19,17,3,48,35.42,31.7,70.3,0.0,1654000,1462.7
2026-01-08,Sangrur,COVID-19,15,1,67,22.39,33.6,65.9,1.3,1654000,849.8
2026-01-09,Sangrur,COVID-19,19,1,61,31.15,34.3,66.4,0.0,1654000,1258.4
2026-01-10,Sangrur,COVID-19,14,1,37,37.84,34.0,59.9,1.5,1654000,753.9
2026-01-11,Sangrur,COVID-19,14,2,40,35.0,32.8,73.3,2.5,1654000,899.9
2026-01-12,Sangrur,COVID-19,16,3,32,50.0,34.3,72.7,1.5,1654000,1579.4
2026-01-13,Sangrur,COVID-19,14,2,44,31.82,30.0,75.2,2.9,1654000,653.5
2026-01-14,Sangrur,COVID-19,14,2,48,29.17,38.1,76.6,1.0,1654000,1283.7
2026-01-15,Sangrur,COVID-19,16,3,33,48.48,32.1,73.9,0.1,1654000,687.7
2026-01-16,Sangrur,COVID-19,18,2,51,35.29,34.5,69.4,0.0,1654000,707.1
2026-01-17,Sangrur,COVID-19,13,2,28,46.43,34.4,64.3,0.5,1654000,637.6
2026-01-18,Sangrur,COVID-19,19,4,57,33.33,32.8,78.4,0.0,1654000,620.1
2026-01-19,Sangrur,COVID-19,15,2,72,20.83,33.1,76.3,2.3,1654000,575.4
2026-01-20,Sangrur,COVID-19,16,1,49,32.65,34.5,83.2,1.8,1654000,1101.0
2026-01-21,Sangrur,COVID-19,15,3,36,41.67,34.3,78.6,0.5,1654000,1091.0
2026-01-22,Sangrur,COVID-19,18,2,47,38.3,36.9,65.1,0.0,1654000,1008.8
2026-01-23,Sangrur,COVID-19,17,2,79,21.52,34.0,74.3,5.4,1654000,601.2
2026-01-24,Sangrur,COVID-19,16,1,33,48.48,34.7,68.7,0.0,1654000,747.2
2026-01-25,Sangrur,COVID-19,14,2,28,50.0,34.6,64.1,1.0,1654000,728.9
2026-01-26,Sangrur,COVID-19,18,4,82,21.95,34.4,90.9,0.0,1654000,631.5
2026-01-27,Sangrur,COVID-19,16,1,45,35.56,32.9,72.9,0.0,1654000,902.8
2026-01-28,Sangrur,COVID-19,15,2,67,22.39,33.1,77.3,0.0,1654000,1395.5
2026-01-29,Sangrur,COVID-19,21,3,47,44.68,36.3,80.3,0.0,1654000,1042.8
2026-01-30,Sangrur,COVID-19,20,3,78,25.64,36.6,76.9,0.0,1654000,640.5
2026-01-31,Sangrur,COVID-19,22,4,45,48.89,36.8,70.8,2.9,1654000,2044.6
2026-02-01,Sangrur,COVID-19,14,2,50,28.0,37.5,89.6,2.0,1654000,853.1
2026-02-02,Sangrur,COVID-19,16,2,60,26.67,33.3,79.1,0.0,1654000,1549.2
2026-02-03,Sangrur,COVID-19,14,1,44,31.82,32.4,78.4,5.1,1654000,581.7
2026-02-04,Sangrur,COVID-19,19,4,69,27.54,33.9,80.4,7.4,1654000,812.8
2026-02-05,Sangrur,COVID-19,14,1,32,43.75,32.6,86.1,0.8,1654000,888.1
2026-02-06,Sangrur,COVID-19,32,6,151,21.19,40.4,79.6,1.0,1654000,918.4
2026-02-07,Sangrur,COVID-19,32,7,107,29.91,36.9,73.2,4.9,1654000,1131.5
2026-02-08,Sangrur,COVID-19,50,8,157,31.85,37.5,79.5,0.0,1654000,968.5
2026-02-09,Sangrur,COVID-19,41,6,127,32.28,33.7,78.4,1.1,1654000,692.4
2026-02-10,Sangrur,COVID-19,40,9,165,24.24,37.0,84.8,0.0,1654000,727.1
2026-02-11,Sangrur,COVID-19,70,15,165,42.42,34.9,80.7,1.3,1654000,1852.8
2026-02-12,Sangrur,COVID-19,57,9,272,20.96,39.8,73.7,6.5,1654000,1675.8
2026-02-13,Sangrur,COVID-19,83,19,309,26.86,37.4,84.3,5.2,1654000,991.4
2026-02-14,Sangrur,COVID-19,99,13,441,22.45,38.0,77.9,4.7,1654000,743.7
2026-02-15,Sangrur,COVID-19,84,19,207,40.58,34.7,70.9,1.7,1654000,613.1
2026-02-16,Sangrur,COVID-19,82,9,306,26.8,36.2,71.5,2.1,1654000,1059.6
2026-02-17,Sangrur,COVID-19,97,17,226,42.92,34.2,80.5,0.8,1654000,1359.5
2026-02-18,Sangrur,COVID-19,117,21,584,20.03,33.8,80.0,1.9,1654000,1398.7
2026-02-19,Sangrur,COVID-19,159,29,458,34.72,35.7,77.6,3.0,1654000,616.8
2026-02-20,Sangrur,COVID-19,135,23,665,20.3,36.3,85.6,3.8,1654000,1319.8
2026-02-21,Sangrur,COVID-19,109,11,261,41.76,34.4,78.3,0.3,1654000,591.1
2026-02-22,Sangrur,COVID-19,124,30,594,20.88,38.4,72.3,6.7,1654000,781.8
2026-02-23,Sangrur,COVID-19,103,19,309,33.33,35.0,76.4,2.1,1654000,921.5
2026-02-24,Sangrur,COVID-19,127,27,500,25.4,34.8,77.0,1.5,1654000,881.0
2026-02-25,Sangrur,COVID-19,119,24,486,24.49,34.9,94.5,0.0,1654000,1302.7
2026-02-26,Sangrur,COVID-19,95,18,238,39.92,34.1,86.7,5.3,1654000,608.3
2026-02-27,Sangrur,COVID-19,100,22,498,20.08,34.8,80.8,7.4,1654000,569.0
2026-02-28,Sangrur,COVID-19,71,15,295,24.07,31.9,77.4,3.8,1654000,653.0
2026-03-01,Sangrur,COVID-19,87,19,406,21.43,31.6,76.5,4.1,1654000,895.2
2026-03-02,Sangrur,COVID-19,74,9,302,24.5,31.3,80.2,1.5,1654000,808.0
2026-03-03,Sangrur,COVID-19,59,12,293,20.14,31.5,78.9,1.5,1654000,1372.9
2026-03-04,Sangrur,COVID-19,55,8,134,41.04,31.6,75.3,2.8,1654000,762.6
2026-03-05,Sangrur,COVID-19,67,9,209,32.06,30.0,88.0,5.2,1654000,1463.3
2026-03-06,Sangrur,COVID-19,61,12,263,23.19,37.2,88.5,4.7,1654000,1651.2
2026-03-07,Sangrur,COVID-19,45,6,188,23.94,32.1,77.4,8.0,1654000,977.1
2026-03-08,Sangrur,COVID-19,43,8,108,39.81,34.3,83.9,3.7,1654000,669.2
2026-03-09,Sangrur,COVID-19,25,3,112,22.32,31.8,90.7,1.5,1654000,598.2
2026-03-10,Sangrur,COVID-19,37,7,74,50.0,33.4,82.9,11.1,1654000,623.2
2026-03-11,Sangrur,COVID-19,14,3,39,35.9,33.1,71.3,0.4,1654000,575.2
2026-03-12,Sangrur,COVID-19,20,2,76,26.32,34.4,82.0,4.9,1654000,824.5
2026-03-13,Sangrur,COVID-19,12,1,33,36.36,31.3,75.4,0.0,1654000,570.4
2026-03-14,Sangrur,COVID-19,14,3,35,40.0,33.8,81.4,2.7,1654000,867.0
2026-03-15,Sangrur,COVID-19,20,2,76,26.32,32.0,73.4,2.4,1654000,1309.1
2026-03-16,Sangrur,COVID-19,19,2,81,23.46,33.4,85.7,7.2,1654000,622.9
2026-03-17,Sangrur,COVID-19,15,2,70,21.43,34.6,83.5,6.2,1654000,615.5
2026-03-18,Sangrur,COVID-19,21,4,73,28.77,35.1,81.9,10.1,1654000,899.9
2026-03-19,Sangrur,COVID-19,15,2,42,35.71,33.6,91.9,0.8,1654000,983.9
2026-03-20,Sangrur,COVID-19,15,3,53,28.3,36.0,86.9,4.0,1654000,933.1
2026-03-21,Sangrur,COVID-19,18,2,53,33.96,32.1,74.5,5.7,1654000,559.6
2026-03-22,Sangrur,COVID-19,17,3,41,41.46,28.8,81.4,4.0,1654000,1445.4
2026-03-23,Sangrur,COVID-19,15,2,72,20.83,29.2,81.3,5.1,1654000,557.0
2026-03-24,Sangrur,COVID-19,16,3,75,21.33,34.1,70.7,3.5,1654000,1386.8
2026-03-25,Sangrur,COVID-19,15,2,63,23.81,28.3,83.3,0.0,1654000,1281.3
2026-03-26,Sangrur,COVID-19,12,1,52,23.08,28.8,76.0,6.8,1654000,826.3
2026-03-27,Sangrur,COVID-19,19,2,80,23.75,30.8,81.9,3.0,1654000,667.8
2026-03-28,Sangrur,COVID-19,18,2,59,30.51,32.5,77.9,2.6,1654000,1145.3
2026-03-29,Sangrur,COVID-19,14,1,39,35.9,30.6,72.1,4.7,1654000,1685.0
2026-03-30,Sangrur,COVID-19,14,2,37,37.84,29.9,91.1,3.9,1654000,1909.2
2026-03-31,Sangrur,COVID-19,15,2,60,25.0,31.0,73.8,6.2,1654000,878.5
2026-04-01,Sangrur,COVID-19,15,1,39,38.46,30.1,77.0,4.8,1654000,2053.4
2026-04-02,Sangrur,COVID-19,12,2,51,23.53,31.4,75.2,2.7,1654000,878.4
2026-04-03,Sangrur,COVID-19,18,3,71,25.35,29.4,79.2,5.3,1654000,870.3
2026-04-04,Sangrur,COVID-19,15,2,30,50.0,30.6,95.8,10.0,1654000,770.5
2026-04-05,Sangrur,COVID-19,15,3,69,21.74,30.2,84.5,7.4,1654000,2014.8
2026-04-06,Sangrur,COVID-19,15,1,36,41.67,29.8,71.3,5.7,1654000,627.4
2026-04-07,Sangrur,COVID-19,16,1,73,21.92,34.7,81.2,3.3,1654000,1581.4
2026-04-08,Sangrur,COVID-19,13,2,63,20.63,29.7,75.2,1.7,1654000,1334.8
2026-04-09,Sangrur,COVID-19,13,3,31,41.94,30.1,72.1,4.1,1654000,679.5
2026-04-10,Sangrur,COVID-19,10,1,22,45.45,23.2,74.0,2.2,1654000,1383.9
2026-04-11,Sangrur,COVID-19,17,2,51,33.33,32.4,61.1,8.1,1654000,1082.2
2026-04-12,Sangrur,COVID-19,10,1,28,35.71,30.8,83.3,9.3,1654000,1135.3
2026-04-13,Sangrur,COVID-19,12,2,40,30.0,30.1,81.0,8.8,1654000,571.9
2026-04-14,Sangrur,COVID-19,10,2,27,37.04,27.5,66.8,0.5,1654000,644.9
2026-04-15,Sangrur,COVID-19,14,1,63,22.22,25.8,76.6,0.8,1654000,707.3
2026-04-16,Sangrur,COVID-19,16,2,52,30.77,29.9,73.5,9.1,1654000,712.1
2026-04-17,Sangrur,COVID-19,11,1,22,50.0,26.5,69.6,10.4,1654000,969.8
2026-04-18,Sangrur,COVID-19,16,1,45,35.56,28.8,87.4,4.1,1654000,1505.7
2026-04-19,Sangrur,COVID-19,16,3,46,34.78,27.0,68.7,1.4,1654000,1501.9
2026-04-20,Sangrur,COVID-19,13,2,40,32.5,23.8,69.8,5.3,1654000,712.4
2026-04-21,Sangrur,COVID-19,16,2,76,21.05,26.9,73.8,0.9,1654000,1127.3
2026-04-22,Sangrur,COVID-19,14,1,48,29.17,29.3,80.8,1.2,1654000,556.2
2026-04-23,Sangrur,COVID-19,18,3,71,25.35,28.1,67.4,4.3,1654000,637.9
2026-04-24,Sangrur,COVID-19,13,1,45,28.89,29.0,72.6,11.1,1654000,1979.8
2026-04-25,Sangrur,COVID-19,15,3,51,29.41,26.3,73.2,5.7,1654000,618.5
2026-04-26,Sangrur,COVID-19,8,0,39,20.51,26.6,78.0,5.2,1654000,1040.1
2026-04-27,Sangrur,COVID-19,12,1,43,27.91,30.4,72.4,1.9,1654000,2036.7
2026-04-28,Sangrur,COVID-19,14,1,57,24.56,26.3,82.2,0.0,1654000,1310.0
2026-04-29,Sangrur,COVID-19,16,2,79,20.25,25.5,75.9,9.4,1654000,1016.7
2026-04-30,Sangrur,COVID-19,16,2,66,24.24,24.8,70.5,9.6,1654000,610.6
2026-05-01,Sangrur,COVID-19,10,1,30,33.33,25.0,76.2,1.6,1654000,1249.5
2026-05-02,Sangrur,COVID-19,12,2,34,35.29,24.3,74.6,5.8,1654000,1557.3
2026-05-03,Sangrur,COVID-19,13,1,64,20.31,27.8,65.2,5.6,1654000,1999.0
2026-05-04,Sangrur,COVID-19,13,3,31,41.94,22.7,69.9,1.9,1654000,790.5
2026-05-05,Sangrur,COVID-19,9,1,31,29.03,27.8,64.7,0.0,1654000,1033.4
2026-05-06,Sangrur,COVID-19,14,1,52,26.92,24.3,68.3,2.4,1654000,1274.9
2025-11-08,Sangrur,Chikungunya,26,4,102,25.49,22.7,47.1,0.0,1654000,752.2
2025-11-09,Sangrur,Chikungunya,31,3,87,35.63,26.6,55.1,0.0,1654000,1162.0
2025-11-10,Sangrur,Chikungunya,32,3,71,45.07,25.6,56.0,0.0,1654000,958.9
2025-11-11,Sangrur,Chikungunya,24,5,67,35.82,27.3,46.7,0.0,1654000,1129.7
2025-11-12,Sangrur,Chikungunya,31,7,75,41.33,26.3,55.4,0.0,1654000,567.2
2025-11-13,Sangrur,Chikungunya,29,4,103,28.16,26.1,56.2,0.2,1654000,593.8
2025-11-14,Sangrur,Chikungunya,30,4,122,24.59,27.8,55.8,0.0,1654000,1751.6
2025-11-15,Sangrur,Chikungunya,29,3,97,29.9,22.0,52.2,0.0,1654000,955.5
2025-11-16,Sangrur,Chikungunya,30,5,87,34.48,25.9,42.5,0.0,1654000,969.0
2025-11-17,Sangrur,Chikungunya,20,2,88,22.73,22.9,50.4,0.0,1654000,834.2
2025-11-18,Sangrur,Chikungunya,24,4,93,25.81,26.0,54.7,0.0,1654000,1579.1
2025-11-19,Sangrur,Chikungunya,33,4,77,42.86,26.8,57.5,0.0,1654000,1178.1
2025-11-20,Sangrur,Chikungunya,36,7,127,28.35,27.3,57.7,0.0,1654000,631.9
2025-11-21,Sangrur,Chikungunya,24,2,116,20.69,22.8,56.6,0.0,1654000,743.5
2025-11-22,Sangrur,Chikungunya,30,5,111,27.03,27.7,57.3,0.0,1654000,993.8
2025-11-23,Sangrur,Chikungunya,28,5,87,32.18,28.3,53.7,0.0,1654000,981.1
2025-11-24,Sangrur,Chikungunya,32,4,89,35.96,32.7,50.5,0.8,1654000,1238.3
2025-11-25,Sangrur,Chikungunya,35,7,126,27.78,27.0,52.5,0.0,1654000,1306.0
2025-11-26,Sangrur,Chikungunya,30,4,118,25.42,32.9,51.7,0.0,1654000,1136.6
2025-11-27,Sangrur,Chikungunya,33,6,155,21.29,29.6,57.4,0.0,1654000,1501.6
2025-11-28,Sangrur,Chikungunya,23,3,60,38.33,24.3,55.6,0.0,1654000,979.9
2025-11-29,Sangrur,Chikungunya,33,5,120,27.5,28.1,57.2,0.0,1654000,770.7
2025-11-30,Sangrur,Chikungunya,30,5,102,29.41,30.1,60.5,0.0,1654000,1298.4
2025-12-01,Sangrur,Chikungunya,37,8,98,37.76,28.6,49.1,0.0,1654000,1286.1
2025-12-02,Sangrur,Chikungunya,35,7,140,25.0,30.7,59.1,0.7,1654000,669.5
2025-12-03,Sangrur,Chikungunya,32,5,153,20.92,28.7,59.9,0.0,1654000,1588.2
2025-12-04,Sangrur,Chikungunya,28,4,124,22.58,28.1,65.9,0.0,1654000,674.9
2025-12-05,Sangrur,Chikungunya,35,6,137,25.55,30.6,59.8,0.0,1654000,683.5
2025-12-06,Sangrur,Chikungunya,25,4,116,21.55,29.0,56.4,0.0,1654000,695.5
2025-12-07,Sangrur,Chikungunya,37,5,128,28.91,31.4,62.0,0.4,1654000,690.6
2025-12-08,Sangrur,Chikungunya,26,4,93,27.96,29.7,53.0,0.0,1654000,902.4
2025-12-09,Sangrur,Chikungunya,24,2,50,48.0,32.8,63.7,0.0,1654000,1095.8
2025-12-10,Sangrur,Chikungunya,33,4,139,23.74,35.1,55.3,0.0,1654000,823.4
2025-12-11,Sangrur,Chikungunya,27,4,131,20.61,29.5,68.0,0.0,1654000,1429.9
2025-12-12,Sangrur,Chikungunya,29,6,120,24.17,29.8,72.0,1.6,1654000,1681.0
2025-12-13,Sangrur,Chikungunya,25,4,102,24.51,29.9,61.0,1.7,1654000,821.6
2025-12-14,Sangrur,Chikungunya,21,2,94,22.34,31.9,76.5,0.0,1654000,600.1
2025-12-15,Sangrur,Chikungunya,43,5,135,31.85,31.9,69.7,0.0,1654000,555.4
2025-12-16,Sangrur,Chikungunya,37,7,165,22.42,31.4,57.0,0.0,1654000,825.1
2025-12-17,Sangrur,Chikungunya,27,4,121,22.31,29.5,69.5,0.0,1654000,1065.5
2025-12-18,Sangrur,Chikungunya,35,4,152,23.03,30.3,65.4,0.0,1654000,573.2
2025-12-19,Sangrur,Chikungunya,41,8,141,29.08,31.2,64.7,0.0,1654000,902.1
2025-12-20,Sangrur,Chikungunya,33,7,129,25.58,33.0,68.9,0.0,1654000,1128.8
2025-12-21,Sangrur,Chikungunya,35,6,165,21.21,32.6,66.4,0.0,1654000,1104.9
2025-12-22,Sangrur,Chikungunya,28,2,111,25.23,29.5,65.0,0.3,1654000,1460.1
2025-12-23,Sangrur,Chikungunya,39,9,134,29.1,35.9,68.1,0.0,1654000,1221.1
2025-12-24,Sangrur,Chikungunya,33,5,66,50.0,35.6,70.5,4.0,1654000,1196.8
2025-12-25,Sangrur,Chikungunya,28,3,117,23.93,34.3,63.5,0.0,1654000,2065.2
2025-12-26,Sangrur,Chikungunya,34,4,122,27.87,34.2,60.3,3.4,1654000,1344.0
2025-12-27,Sangrur,Chikungunya,28,4,97,28.87,30.6,68.1,0.0,1654000,796.1
2025-12-28,Sangrur,Chikungunya,32,3,72,44.44,31.4,66.5,0.0,1654000,1441.0
2025-12-29,Sangrur,Chikungunya,33,8,107,30.84,33.6,72.9,4.5,1654000,1028.4
2025-12-30,Sangrur,Chikungunya,35,6,109,32.11,33.8,74.2,8.3,1654000,656.1
2025-12-31,Sangrur,Chikungunya,28,3,137,20.44,33.2,72.0,3.9,1654000,735.9
2026-01-01,Sangrur,Chikungunya,38,4,131,29.01,33.1,64.3,0.0,1654000,627.9
2026-01-02,Sangrur,Chikungunya,32,4,94,34.04,34.8,63.5,0.0,1654000,592.8
2026-01-03,Sangrur,Chikungunya,28,3,119,23.53,34.0,68.4,0.0,1654000,927.4
2026-01-04,Sangrur,Chikungunya,31,7,144,21.53,33.6,80.3,0.0,1654000,771.7
2026-01-05,Sangrur,Chikungunya,39,7,154,25.32,28.4,76.8,0.0,1654000,934.6
2026-01-06,Sangrur,Chikungunya,37,4,165,22.42,33.6,63.7,0.1,1654000,1284.3
2026-01-07,Sangrur,Chikungunya,25,5,66,37.88,31.5,60.2,0.0,1654000,901.4
2026-01-08,Sangrur,Chikungunya,30,4,67,44.78,33.7,68.2,0.0,1654000,1038.1
2026-01-09,Sangrur,Chikungunya,28,5,116,24.14,28.1,70.1,0.0,1654000,799.7
2026-01-10,Sangrur,Chikungunya,34,6,77,44.16,33.3,68.5,1.9,1654000,676.4
2026-01-11,Sangrur,Chikungunya,24,5,66,36.36,35.3,70.0,0.0,1654000,1378.4
2026-01-12,Sangrur,Chikungunya,36,3,139,25.9,34.0,70.6,0.0,1654000,1790.9
2026-01-13,Sangrur,Chikungunya,33,3,140,23.57,29.3,72.3,0.0,1654000,1233.9
2026-01-14,Sangrur,Chikungunya,31,5,79,39.24,35.4,75.5,1.9,1654000,577.5
2026-01-15,Sangrur,Chikungunya,34,6,95,35.79,34.2,74.9,3.5,1654000,953.1
2026-01-16,Sangrur,Chikungunya,35,7,77,45.45,34.6,73.3,0.4,1654000,690.0
2026-01-17,Sangrur,Chikungunya,36,5,115,31.3,31.2,74.7,0.0,1654000,659.0
2026-01-18,Sangrur,Chikungunya,28,2,122,22.95,33.9,72.4,2.1,1654000,594.4
2026-01-19,Sangrur,Chikungunya,32,3,113,28.32,38.2,73.0,0.0,1654000,581.2
2026-01-20,Sangrur,Chikungunya,44,10,182,24.18,34.1,67.9,0.0,1654000,753.6
2026-01-21,Sangrur,Chikungunya,27,6,75,36.0,35.3,73.5,4.6,1654000,1417.7
2026-01-22,Sangrur,Chikungunya,30,5,60,50.0,38.8,83.3,0.0,1654000,699.6
2026-01-23,Sangrur,Chikungunya,21,4,55,38.18,38.5,73.5,0.0,1654000,1293.7
2026-01-24,Sangrur,Chikungunya,23,3,55,41.82,38.6,78.1,2.3,1654000,1249.1
2026-01-25,Sangrur,Chikungunya,40,5,127,31.5,34.2,72.0,0.0,1654000,1541.6
2026-01-26,Sangrur,Chikungunya,32,5,137,23.36,38.8,73.2,0.0,1654000,1707.8
2026-01-27,Sangrur,Chikungunya,32,3,85,37.65,34.4,72.7,0.0,1654000,940.9
2026-01-28,Sangrur,Chikungunya,43,7,170,25.29,35.3,73.3,0.0,1654000,553.4
2026-01-29,Sangrur,Chikungunya,43,6,119,36.13,35.3,83.2,1.4,1654000,985.2
2026-01-30,Sangrur,Chikungunya,38,6,160,23.75,34.9,72.1,2.5,1654000,1048.5
2026-01-31,Sangrur,Chikungunya,30,5,149,20.13,35.8,74.2,2.8,1654000,1000.3
2026-02-01,Sangrur,Chikungunya,42,4,177,23.73,34.7,78.8,5.4,1654000,1313.7
2026-02-02,Sangrur,Chikungunya,38,6,133,28.57,37.6,73.8,2.4,1654000,637.0
2026-02-03,Sangrur,Chikungunya,33,8,135,24.44,32.4,73.9,3.4,1654000,569.8
2026-02-04,Sangrur,Chikungunya,45,8,131,34.35,37.5,69.5,0.0,1654000,748.6
2026-02-05,Sangrur,Chikungunya,41,6,96,42.71,36.9,79.4,0.0,1654000,1210.8
2026-02-06,Sangrur,Chikungunya,41,4,135,30.37,33.1,77.4,0.0,1654000,1166.0
2026-02-07,Sangrur,Chikungunya,27,4,88,30.68,34.7,75.5,0.0,1654000,1650.2
2026-02-08,Sangrur,Chikungunya,26,3,92,28.26,37.2,69.6,5.4,1654000,797.3
2026-02-09,Sangrur,Chikungunya,37,4,154,24.03,34.6,76.9,5.4,1654000,1158.0
2026-02-10,Sangrur,Chikungunya,24,5,109,22.02,38.1,79.0,0.0,1654000,1785.1
2026-02-11,Sangrur,Chikungunya,30,3,117,25.64,32.8,88.1,1.0,1654000,938.8
2026-02-12,Sangrur,Chikungunya,28,4,74,37.84,32.8,76.8,0.0,1654000,1641.3
2026-02-13,Sangrur,Chikungunya,31,5,151,20.53,36.6,72.3,2.4,1654000,622.6
2026-02-14,Sangrur,Chikungunya,39,6,144,27.08,37.0,79.7,0.0,1654000,640.9
2026-02-15,Sangrur,Chikungunya,31,4,143,21.68,36.1,84.4,0.8,1654000,1991.0
2026-02-16,Sangrur,Chikungunya,39,8,122,31.97,31.9,74.0,4.8,1654000,783.6
2026-02-17,Sangrur,Chikungunya,29,5,64,45.31,29.1,87.6,6.3,1654000,2064.5
2026-02-18,Sangrur,Chikungunya,28,6,69,40.58,31.9,74.1,3.5,1654000,1224.0
2026-02-19,Sangrur,Chikungunya,47,9,213,22.07,39.1,76.1,4.9,1654000,551.8
2026-02-20,Sangrur,Chikungunya,41,8,194,21.13,35.1,79.1,6.0,1654000,573.2
2026-02-21,Sangrur,Chikungunya,37,4,85,43.53,34.7,72.6,3.0,1654000,782.4
2026-02-22,Sangrur,Chikungunya,36,4,85,42.35,32.8,82.4,5.6,1654000,627.0
2026-02-23,Sangrur,Chikungunya,31,5,127,24.41,35.9,87.3,5.6,1654000,1130.5
2026-02-24,Sangrur,Chikungunya,26,3,120,21.67,33.4,83.4,0.0,1654000,1575.7
2026-02-25,Sangrur,Chikungunya,39,8,136,28.68,37.2,80.9,0.0,1654000,1427.6
2026-02-26,Sangrur,Chikungunya,45,6,170,26.47,36.2,71.2,5.6,1654000,1080.1
2026-02-27,Sangrur,Chikungunya,36,5,163,22.09,32.2,73.4,8.0,1654000,663.4
2026-02-28,Sangrur,Chikungunya,36,6,167,21.56,32.3,79.6,4.2,1654000,957.7
2026-03-01,Sangrur,Chikungunya,31,4,127,24.41,36.5,80.8,8.0,1654000,860.1
2026-03-02,Sangrur,Chikungunya,32,6,146,21.92,33.9,79.1,9.4,1654000,998.0
2026-03-03,Sangrur,Chikungunya,38,5,132,28.79,32.9,78.9,3.9,1654000,838.6
2026-03-04,Sangrur,Chikungunya,33,8,69,47.83,34.4,85.9,5.7,1654000,702.3
2026-03-05,Sangrur,Chikungunya,40,9,122,32.79,37.0,74.6,0.0,1654000,755.1
2026-03-06,Sangrur,Chikungunya,31,6,136,22.79,33.3,81.5,1.3,1654000,1213.4
2026-03-07,Sangrur,Chikungunya,31,5,63,49.21,35.8,87.5,0.0,1654000,1718.4
2026-03-08,Sangrur,Chikungunya,26,5,116,22.41,34.6,74.6,3.1,1654000,823.2
2026-03-09,Sangrur,Chikungunya,37,7,107,34.58,33.2,76.3,4.9,1654000,1700.3
2026-03-10,Sangrur,Chikungunya,30,4,117,25.64,31.2,71.5,1.8,1654000,572.7
2026-03-11,Sangrur,Chikungunya,32,4,102,31.37,35.5,83.6,2.5,1654000,713.6
2026-03-12,Sangrur,Chikungunya,32,5,118,27.12,35.0,77.1,0.8,1654000,667.1
2026-03-13,Sangrur,Chikungunya,38,8,86,44.19,31.5,77.9,2.0,1654000,600.4
2026-03-14,Sangrur,Chikungunya,31,5,122,25.41,33.3,79.3,2.1,1654000,1944.0
2026-03-15,Sangrur,Chikungunya,52,7,111,46.85,34.0,73.8,6.7,1654000,560.0
2026-03-16,Sangrur,Chikungunya,39,7,188,20.74,33.6,78.5,3.1,1654000,1960.8
2026-03-17,Sangrur,Chikungunya,46,9,224,20.54,34.7,75.9,4.6,1654000,1191.2
2026-03-18,Sangrur,Chikungunya,51,10,127,40.16,32.4,75.0,4.2,1654000,755.2
2026-03-19,Sangrur,Chikungunya,55,13,246,22.36,30.7,70.4,7.9,1654000,815.6
2026-03-20,Sangrur,Chikungunya,42,4,202,20.79,32.9,80.3,1.6,1654000,575.3
2026-03-21,Sangrur,Chikungunya,53,7,167,31.74,34.2,74.3,3.4,1654000,1117.8
2026-03-22,Sangrur,Chikungunya,64,11,277,23.1,34.7,76.5,7.5,1654000,586.2
2026-03-23,Sangrur,Chikungunya,68,9,252,26.98,31.5,75.0,4.4,1654000,655.4
2026-03-24,Sangrur,Chikungunya,89,13,189,47.09,28.0,78.5,5.3,1654000,967.4
2026-03-25,Sangrur,Chikungunya,66,12,328,20.12,32.2,78.9,2.7,1654000,1313.3
2026-03-26,Sangrur,Chikungunya,101,15,498,20.28,32.5,74.1,6.1,1654000,553.3
2026-03-27,Sangrur,Chikungunya,104,12,380,27.37,33.2,82.1,2.5,1654000,570.5
2026-03-28,Sangrur,Chikungunya,101,24,452,22.35,28.6,83.4,0.5,1654000,567.0
2026-03-29,Sangrur,Chikungunya,109,18,526,20.72,32.4,77.0,0.0,1654000,712.6
2026-03-30,Sangrur,Chikungunya,115,23,267,43.07,33.6,76.1,7.0,1654000,553.4
2026-03-31,Sangrur,Chikungunya,95,17,428,22.2,31.9,72.9,2.9,1654000,1015.2
2026-04-01,Sangrur,Chikungunya,119,24,265,44.91,31.6,75.1,2.7,1654000,1036.9
2026-04-02,Sangrur,Chikungunya,72,13,278,25.9,34.0,77.7,3.2,1654000,853.0
2026-04-03,Sangrur,Chikungunya,106,16,424,25.0,33.3,72.2,4.2,1654000,671.6
2026-04-04,Sangrur,Chikungunya,96,11,251,38.25,32.0,83.9,11.5,1654000,582.3
2026-04-05,Sangrur,Chikungunya,78,15,276,28.26,31.0,79.8,8.5,1654000,676.0
2026-04-06,Sangrur,Chikungunya,80,8,313,25.56,31.2,81.0,3.7,1654000,924.2
2026-04-07,Sangrur,Chikungunya,80,9,194,41.24,31.0,77.9,0.1,1654000,852.2
2026-04-08,Sangrur,Chikungunya,97,18,386,25.13,31.0,85.3,3.9,1654000,1166.8
2026-04-09,Sangrur,Chikungunya,64,9,212,30.19,33.0,68.7,5.0,1654000,1678.5
2026-04-10,Sangrur,Chikungunya,66,12,198,33.33,29.2,76.1,7.3,1654000,1203.2
2026-04-11,Sangrur,Chikungunya,58,7,146,39.73,30.0,75.6,4.0,1654000,1590.4
2026-04-12,Sangrur,Chikungunya,67,13,212,31.6,32.6,79.7,4.8,1654000,703.8
2026-04-13,Sangrur,Chikungunya,60,14,220,27.27,32.3,72.8,7.5,1654000,1122.1
2026-04-14,Sangrur,Chikungunya,47,9,125,37.6,26.1,75.3,4.9,1654000,590.5
2026-04-15,Sangrur,Chikungunya,60,8,129,46.51,29.5,69.9,2.9,1654000,575.0
2026-04-16,Sangrur,Chikungunya,60,6,201,29.85,27.5,75.8,5.7,1654000,942.1
2026-04-17,Sangrur,Chikungunya,40,4,92,43.48,28.3,70.2,7.9,1654000,586.3
2026-04-18,Sangrur,Chikungunya,47,6,194,24.23,26.1,74.2,6.3,1654000,768.1
2026-04-19,Sangrur,Chikungunya,42,9,112,37.5,30.1,78.7,5.9,1654000,588.6
2026-04-20,Sangrur,Chikungunya,46,4,223,20.63,31.0,70.9,4.3,1654000,1723.9
2026-04-21,Sangrur,Chikungunya,32,6,115,27.83,30.3,66.3,5.5,1654000,996.1
2026-04-22,Sangrur,Chikungunya,30,5,87,34.48,29.5,73.1,8.6,1654000,1650.9
2026-04-23,Sangrur,Chikungunya,32,6,75,42.67,29.3,72.6,7.7,1654000,1438.9
2026-04-24,Sangrur,Chikungunya,33,4,118,27.97,25.3,68.8,5.6,1654000,1203.0
2026-04-25,Sangrur,Chikungunya,30,6,119,25.21,26.0,74.6,4.1,1654000,847.9
2026-04-26,Sangrur,Chikungunya,22,4,63,34.92,26.6,69.8,3.5,1654000,926.2
2026-04-27,Sangrur,Chikungunya,35,7,142,24.65,25.8,72.0,3.9,1654000,1783.9
2026-04-28,Sangrur,Chikungunya,20,3,52,38.46,27.5,73.1,4.5,1654000,705.2
2026-04-29,Sangrur,Chikungunya,27,3,88,30.68,24.5,80.3,6.0,1654000,665.0
2026-04-30,Sangrur,Chikungunya,27,6,84,32.14,27.9,89.4,7.8,1654000,829.8
2026-05-01,Sangrur,Chikungunya,28,6,101,27.72,24.4,65.1,8.5,1654000,578.0
2026-05-02,Sangrur,Chikungunya,33,5,118,27.97,27.6,71.5,8.1,1654000,1125.8
2026-05-03,Sangrur,Chikungunya,34,7,97,35.05,29.5,72.4,0.0,1654000,889.6
2026-05-04,Sangrur,Chikungunya,23,4,76,30.26,26.0,70.5,0.7,1654000,685.7
2026-05-05,Sangrur,Chikungunya,28,5,107,26.17,29.4,74.5,4.6,1654000,1114.9
2026-05-06,Sangrur,Chikungunya,28,4,90,31.11,24.8,64.6,3.3,1654000,843.7
2025-11-08,Sangrur,Dengue,22,4,96,22.92,24.4,52.0,0.0,1654000,1373.2
2025-11-09,Sangrur,Dengue,28,5,56,50.0,23.4,48.7,0.0,1654000,1776.0
2025-11-10,Sangrur,Dengue,26,3,104,25.0,26.4,50.3,0.0,1654000,1507.3
2025-11-11,Sangrur,Dengue,26,2,84,30.95,24.9,50.4,0.0,1654000,1051.7
2025-11-12,Sangrur,Dengue,26,2,86,30.23,29.0,52.6,0.0,1654000,790.5
2025-11-13,Sangrur,Dengue,22,3,75,29.33,26.0,54.4,0.0,1654000,1340.8
2025-11-14,Sangrur,Dengue,34,3,158,21.52,23.6,52.0,0.0,1654000,767.1
2025-11-15,Sangrur,Dengue,34,8,71,47.89,25.7,51.8,0.0,1654000,1866.8
2025-11-16,Sangrur,Dengue,32,5,139,23.02,27.8,47.6,0.0,1654000,875.7
2025-11-17,Sangrur,Dengue,29,6,80,36.25,26.1,52.8,0.0,1654000,724.4
2025-11-18,Sangrur,Dengue,24,5,48,50.0,29.2,61.0,0.0,1654000,1379.1
2025-11-19,Sangrur,Dengue,23,4,50,46.0,29.3,55.6,0.4,1654000,763.0
2025-11-20,Sangrur,Dengue,28,5,66,42.42,27.2,53.1,0.0,1654000,1013.0
2025-11-21,Sangrur,Dengue,28,5,76,36.84,25.7,47.6,0.0,1654000,752.6
2025-11-22,Sangrur,Dengue,29,5,89,32.58,26.6,57.2,3.0,1654000,747.5
2025-11-23,Sangrur,Dengue,29,5,114,25.44,27.4,53.5,0.0,1654000,669.6
2025-11-24,Sangrur,Dengue,22,5,78,28.21,24.5,61.5,0.0,1654000,733.4
2025-11-25,Sangrur,Dengue,24,3,61,39.34,25.4,47.6,0.0,1654000,1025.6
2025-11-26,Sangrur,Dengue,28,3,60,46.67,28.9,59.2,0.0,1654000,1530.9
2025-11-27,Sangrur,Dengue,34,7,89,38.2,30.3,64.6,0.8,1654000,762.5
2025-11-28,Sangrur,Dengue,33,4,122,27.05,29.6,57.1,0.6,1654000,1776.6
2025-11-29,Sangrur,Dengue,31,4,120,25.83,26.8,56.1,0.0,1654000,1851.9
2025-11-30,Sangrur,Dengue,24,2,109,22.02,25.7,53.1,0.0,1654000,731.0
2025-12-01,Sangrur,Dengue,33,5,99,33.33,29.5,58.4,0.0,1654000,696.6
2025-12-02,Sangrur,Dengue,25,3,110,22.73,30.5,58.3,0.0,1654000,1624.9
2025-12-03,Sangrur,Dengue,27,4,59,45.76,24.6,51.3,0.0,1654000,860.7
2025-12-04,Sangrur,Dengue,22,2,67,32.84,32.1,73.3,0.0,1654000,1728.0
2025-12-05,Sangrur,Dengue,33,7,66,50.0,30.3,67.0,0.0,1654000,1078.3
2025-12-06,Sangrur,Dengue,23,4,106,21.7,31.0,60.6,0.0,1654000,1815.3
2025-12-07,Sangrur,Dengue,33,3,123,26.83,27.2,58.1,0.0,1654000,1102.1
2025-12-08,Sangrur,Dengue,27,5,80,33.75,27.8,49.7,3.0,1654000,583.7
2025-12-09,Sangrur,Dengue,34,4,137,24.82,30.0,59.0,0.0,1654000,778.8
2025-12-10,Sangrur,Dengue,32,5,80,40.0,28.1,67.8,0.0,1654000,1856.0
2025-12-11,Sangrur,Dengue,36,4,74,48.65,28.5,58.9,2.1,1654000,650.1
2025-12-12,Sangrur,Dengue,35,4,145,24.14,33.2,61.3,0.0,1654000,1232.1
2025-12-13,Sangrur,Dengue,32,3,139,23.02,31.1,54.4,0.0,1654000,614.7
2025-12-14,Sangrur,Dengue,35,6,103,33.98,28.2,71.8,0.0,1654000,1338.6
2025-12-15,Sangrur,Dengue,21,2,92,22.83,27.6,59.2,0.0,1654000,1476.6
2025-12-16,Sangrur,Dengue,30,5,136,22.06,34.4,62.1,0.0,1654000,555.2
2025-12-17,Sangrur,Dengue,34,7,120,28.33,33.6,65.8,0.0,1654000,1156.9
2025-12-18,Sangrur,Dengue,36,8,151,23.84,31.9,68.8,3.8,1654000,1308.1
2025-12-19,Sangrur,Dengue,32,7,127,25.2,32.3,63.6,0.5,1654000,1054.4
2025-12-20,Sangrur,Dengue,30,6,88,34.09,33.6,57.2,2.6,1654000,705.0
2025-12-21,Sangrur,Dengue,31,4,88,35.23,27.7,64.1,1.3,1654000,1050.8
2025-12-22,Sangrur,Dengue,30,4,113,26.55,32.3,57.5,0.0,1654000,1538.5
2025-12-23,Sangrur,Dengue,35,7,156,22.44,31.9,67.1,0.3,1654000,1619.9
2025-12-24,Sangrur,Dengue,26,3,59,44.07,29.8,69.9,0.0,1654000,1004.4
2025-12-25,Sangrur,Dengue,44,8,214,20.56,32.3,66.6,0.0,1654000,789.4
2025-12-26,Sangrur,Dengue,34,4,157,21.66,32.3,62.4,0.0,1654000,1132.3
2025-12-27,Sangrur,Dengue,38,8,189,20.11,30.7,58.7,0.0,1654000,1055.5
2025-12-28,Sangrur,Dengue,29,4,64,45.31,31.4,68.9,0.0,1654000,616.1
2025-12-29,Sangrur,Dengue,39,8,138,28.26,32.2,72.4,4.0,1654000,860.2
2025-12-30,Sangrur,Dengue,27,3,98,27.55,35.7,72.0,0.0,1654000,1038.7
2025-12-31,Sangrur,Dengue,42,6,137,30.66,28.3,72.7,4.8,1654000,646.0
2026-01-01,Sangrur,Dengue,37,7,142,26.06,34.3,66.1,0.3,1654000,845.8
2026-01-02,Sangrur,Dengue,35,8,113,30.97,32.2,64.5,0.0,1654000,619.5
2026-01-03,Sangrur,Dengue,33,5,129,25.58,31.6,63.2,1.7,1654000,950.0
2026-01-04,Sangrur,Dengue,40,7,93,43.01,33.3,65.8,0.0,1654000,705.1
2026-01-05,Sangrur,Dengue,29,5,142,20.42,34.3,71.4,0.0,1654000,585.5
2026-01-06,Sangrur,Dengue,35,7,98,35.71,35.9,66.5,0.0,1654000,1063.5
2026-01-07,Sangrur,Dengue,40,4,110,36.36,33.7,62.8,0.3,1654000,811.5
2026-01-08,Sangrur,Dengue,33,7,116,28.45,37.0,79.1,0.4,1654000,694.5
2026-01-09,Sangrur,Dengue,38,5,142,26.76,34.2,73.9,3.7,1654000,623.5
2026-01-10,Sangrur,Dengue,43,8,137,31.39,35.0,69.2,0.0,1654000,625.6
2026-01-11,Sangrur,Dengue,34,8,82,41.46,35.8,70.8,6.7,1654000,683.2
2026-01-12,Sangrur,Dengue,35,8,77,45.45,34.3,70.6,2.4,1654000,1500.8
2026-01-13,Sangrur,Dengue,33,6,70,47.14,35.0,84.0,0.2,1654000,607.6
2026-01-14,Sangrur,Dengue,34,5,103,33.01,35.3,75.0,1.1,1654000,1509.9
2026-01-15,Sangrur,Dengue,29,5,100,29.0,36.5,79.0,0.5,1654000,724.3
2026-01-16,Sangrur,Dengue,36,8,113,31.86,35.4,77.2,3.9,1654000,1400.3
2026-01-17,Sangrur,Dengue,38,8,121,31.4,33.3,75.6,1.3,1654000,554.7
2026-01-18,Sangrur,Dengue,32,6,147,21.77,32.9,68.6,6.8,1654000,730.9
2026-01-19,Sangrur,Dengue,37,4,82,45.12,37.9,75.8,0.0,1654000,1019.2
2026-01-20,Sangrur,Dengue,36,7,129,27.91,39.3,73.3,0.8,1654000,1288.0
2026-01-21,Sangrur,Dengue,29,3,85,34.12,35.3,74.2,1.3,1654000,763.9
2026-01-22,Sangrur,Dengue,34,4,144,23.61,35.6,77.6,3.9,1654000,897.5
2026-01-23,Sangrur,Dengue,35,7,147,23.81,34.8,74.8,0.9,1654000,679.7
2026-01-24,Sangrur,Dengue,28,6,126,22.22,34.1,74.5,0.0,1654000,1605.4
2026-01-25,Sangrur,Dengue,38,5,153,24.84,32.0,72.6,2.8,1654000,1371.9
2026-01-26,Sangrur,Dengue,33,6,93,35.48,31.8,67.8,3.1,1654000,1241.1
2026-01-27,Sangrur,Dengue,43,6,207,20.77,31.3,76.2,0.0,1654000,1200.1
2026-01-28,Sangrur,Dengue,31,4,142,21.83,31.6,68.3,0.0,1654000,664.9
2026-01-29,Sangrur,Dengue,35,3,104,33.65,34.0,85.3,0.0,1654000,875.0
2026-01-30,Sangrur,Dengue,33,4,91,36.26,33.4,69.0,0.0,1654000,1743.3
2026-01-31,Sangrur,Dengue,43,6,102,42.16,33.9,75.0,0.0,1654000,1274.0
2026-02-01,Sangrur,Dengue,31,3,103,30.1,32.1,79.6,3.0,1654000,755.0
2026-02-02,Sangrur,Dengue,38,5,76,50.0,35.7,76.7,4.2,1654000,684.7
2026-02-03,Sangrur,Dengue,34,5,160,21.25,33.3,74.0,6.5,1654000,827.6
2026-02-04,Sangrur,Dengue,33,4,93,35.48,37.9,75.9,2.9,1654000,780.6
2026-02-05,Sangrur,Dengue,38,5,170,22.35,35.3,81.4,6.0,1654000,961.9
2026-02-06,Sangrur,Dengue,31,4,78,39.74,34.0,71.9,0.1,1654000,729.0
2026-02-07,Sangrur,Dengue,31,3,115,26.96,38.7,82.3,6.1,1654000,1176.4
2026-02-08,Sangrur,Dengue,36,7,90,40.0,31.0,79.1,3.4,1654000,1177.5
2026-02-09,Sangrur,Dengue,38,9,181,20.99,34.8,81.7,2.2,1654000,734.1
2026-02-10,Sangrur,Dengue,41,9,183,22.4,34.2,71.7,3.6,1654000,591.5
2026-02-11,Sangrur,Dengue,27,5,113,23.89,33.5,77.8,0.0,1654000,714.0
2026-02-12,Sangrur,Dengue,34,6,73,46.58,36.1,71.9,3.0,1654000,1149.4
2026-02-13,Sangrur,Dengue,38,9,116,32.76,34.2,71.2,1.5,1654000,1002.3
2026-02-14,Sangrur,Dengue,28,3,88,31.82,35.7,74.6,5.0,1654000,616.1
2026-02-15,Sangrur,Dengue,42,4,142,29.58,33.5,80.9,7.9,1654000,1204.2
2026-02-16,Sangrur,Dengue,31,6,104,29.81,37.9,77.8,0.0,1654000,566.1
2026-02-17,Sangrur,Dengue,37,5,150,24.67,35.7,71.9,5.9,1654000,1127.4
2026-02-18,Sangrur,Dengue,32,3,73,43.84,36.7,78.2,6.7,1654000,733.5
2026-02-19,Sangrur,Dengue,25,5,107,23.36,35.1,78.7,0.0,1654000,895.9
2026-02-20,Sangrur,Dengue,45,8,102,44.12,36.1,75.6,0.6,1654000,563.2
2026-02-21,Sangrur,Dengue,48,5,169,28.4,35.0,79.0,3.4,1654000,1087.8
2026-02-22,Sangrur,Dengue,51,9,241,21.16,37.0,72.2,5.0,1654000,1032.0
2026-02-23,Sangrur,Dengue,66,7,246,26.83,34.7,80.9,6.0,1654000,645.0
2026-02-24,Sangrur,Dengue,67,14,142,47.18,33.2,80.0,2.6,1654000,1500.5
2026-02-25,Sangrur,Dengue,60,13,204,29.41,36.2,72.6,2.7,1654000,1097.1
2026-02-26,Sangrur,Dengue,65,14,310,20.97,31.2,81.7,0.0,1654000,669.3
2026-02-27,Sangrur,Dengue,76,14,357,21.29,34.8,65.2,4.9,1654000,1332.4
2026-02-28,Sangrur,Dengue,73,17,347,21.04,35.9,85.2,6.5,1654000,694.0
2026-03-01,Sangrur,Dengue,94,10,400,23.5,31.7,85.2,3.5,1654000,1254.1
2026-03-02,Sangrur,Dengue,101,10,259,39.0,34.1,78.2,0.2,1654000,721.0
2026-03-03,Sangrur,Dengue,103,16,237,43.46,34.4,75.8,3.0,1654000,1400.5
2026-03-04,Sangrur,Dengue,118,27,524,22.52,31.5,74.0,3.5,1654000,665.5
2026-03-05,Sangrur,Dengue,119,12,573,20.77,35.9,77.2,3.6,1654000,1119.4
2026-03-06,Sangrur,Dengue,143,32,693,20.63,33.5,81.9,4.2,1654000,1092.4
2026-03-07,Sangrur,Dengue,116,12,414,28.02,37.2,77.0,7.4,1654000,1547.1
2026-03-08,Sangrur,Dengue,146,32,639,22.85,31.8,75.6,3.1,1654000,871.7
2026-03-09,Sangrur,Dengue,140,25,680,20.59,32.2,76.4,3.6,1654000,1450.4
2026-03-10,Sangrur,Dengue,162,37,781,20.74,34.7,80.4,2.7,1654000,874.8
2026-03-11,Sangrur,Dengue,129,24,475,27.16,31.4,71.0,1.1,1654000,909.9
2026-03-12,Sangrur,Dengue,132,28,507,26.04,30.7,88.2,3.9,1654000,1035.0
2026-03-13,Sangrur,Dengue,159,35,566,28.09,34.4,74.1,5.4,1654000,695.1
2026-03-14,Sangrur,Dengue,157,36,606,25.91,33.7,81.5,4.1,1654000,609.4
2026-03-15,Sangrur,Dengue,143,28,639,22.38,33.4,78.4,3.7,1654000,1153.8
2026-03-16,Sangrur,Dengue,132,15,303,43.56,35.9,70.2,2.9,1654000,1201.2
2026-03-17,Sangrur,Dengue,135,14,466,28.97,34.6,75.5,9.1,1654000,1093.7
2026-03-18,Sangrur,Dengue,153,34,538,28.44,33.8,83.7,5.6,1654000,831.8
2026-03-19,Sangrur,Dengue,108,26,521,20.73,33.0,77.8,7.3,1654000,603.7
2026-03-20,Sangrur,Dengue,92,15,211,43.6,32.0,82.6,5.9,1654000,722.1
2026-03-21,Sangrur,Dengue,130,21,440,29.55,34.7,80.5,8.6,1654000,570.4
2026-03-22,Sangrur,Dengue,121,17,346,34.97,32.1,74.0,2.3,1654000,1258.7
2026-03-23,Sangrur,Dengue,88,13,203,43.35,34.0,77.6,0.0,1654000,593.1
2026-03-24,Sangrur,Dengue,75,10,167,44.91,32.8,79.1,7.8,1654000,1901.6
2026-03-25,Sangrur,Dengue,72,9,210,34.29,28.9,83.8,8.7,1654000,621.9
2026-03-26,Sangrur,Dengue,51,6,242,21.07,34.5,79.0,0.9,1654000,596.5
2026-03-27,Sangrur,Dengue,75,12,336,22.32,31.7,80.2,3.9,1654000,1389.7
2026-03-28,Sangrur,Dengue,69,10,344,20.06,30.3,73.7,3.3,1654000,1005.9
2026-03-29,Sangrur,Dengue,55,9,152,36.18,32.9,72.0,3.7,1654000,1121.7
2026-03-30,Sangrur,Dengue,51,10,103,49.51,33.0,78.4,5.9,1654000,1194.8
2026-03-31,Sangrur,Dengue,37,5,101,36.63,31.8,82.3,2.1,1654000,931.5
2026-04-01,Sangrur,Dengue,29,4,106,27.36,28.4,83.7,5.6,1654000,917.9
2026-04-02,Sangrur,Dengue,35,5,107,32.71,31.3,83.2,5.0,1654000,848.8
2026-04-03,Sangrur,Dengue,26,5,104,25.0,34.8,79.8,7.0,1654000,889.2
2026-04-04,Sangrur,Dengue,26,3,67,38.81,32.1,73.4,3.8,1654000,666.4
2026-04-05,Sangrur,Dengue,37,8,132,28.03,31.9,80.7,4.2,1654000,901.2
2026-04-06,Sangrur,Dengue,38,4,89,42.7,28.6,81.2,4.0,1654000,1422.4
2026-04-07,Sangrur,Dengue,28,3,133,21.05,27.6,72.9,6.8,1654000,729.2
2026-04-08,Sangrur,Dengue,38,8,171,22.22,30.4,82.1,7.8,1654000,788.5
2026-04-09,Sangrur,Dengue,33,3,76,43.42,31.4,78.3,5.6,1654000,615.4
2026-04-10,Sangrur,Dengue,33,4,141,23.4,30.9,70.1,0.0,1654000,578.7
2026-04-11,Sangrur,Dengue,34,7,90,37.78,32.0,79.6,7.0,1654000,1596.5
2026-04-12,Sangrur,Dengue,31,6,127,24.41,31.9,78.8,6.5,1654000,1773.6
2026-04-13,Sangrur,Dengue,27,2,77,35.06,29.8,75.1,7.0,1654000,761.5
2026-04-14,Sangrur,Dengue,29,5,113,25.66,27.1,73.0,2.8,1654000,637.1
2026-04-15,Sangrur,Dengue,20,4,84,23.81,25.5,73.5,5.8,1654000,799.2
2026-04-16,Sangrur,Dengue,30,6,80,37.5,28.5,74.8,10.3,1654000,1621.2
2026-04-17,Sangrur,Dengue,32,4,76,42.11,30.2,74.7,0.0,1654000,898.4
2026-04-18,Sangrur,Dengue,33,3,150,22.0,26.1,75.5,8.2,1654000,630.2
2026-04-19,Sangrur,Dengue,35,3,82,42.68,33.6,69.4,7.9,1654000,1428.7
2026-04-20,Sangrur,Dengue,30,4,127,23.62,27.6,82.9,9.5,1654000,932.9
2026-04-21,Sangrur,Dengue,31,3,90,34.44,25.1,69.3,3.3,1654000,761.1
2026-04-22,Sangrur,Dengue,28,3,99,28.28,25.0,78.4,0.6,1654000,1058.0
2026-04-23,Sangrur,Dengue,25,5,93,26.88,29.1,74.7,4.6,1654000,875.7
2026-04-24,Sangrur,Dengue,22,2,94,23.4,24.9,68.9,9.0,1654000,800.8
2026-04-25,Sangrur,Dengue,22,4,58,37.93,27.5,65.1,4.1,1654000,580.5
2026-04-26,Sangrur,Dengue,26,4,71,36.62,29.0,75.3,7.7,1654000,589.5
2026-04-27,Sangrur,Dengue,29,2,101,28.71,27.6,73.3,9.5,1654000,682.8
2026-04-28,Sangrur,Dengue,21,2,69,30.43,25.9,75.3,0.0,1654000,642.2
2026-04-29,Sangrur,Dengue,30,6,124,24.19,25.6,64.0,9.2,1654000,689.7
2026-04-30,Sangrur,Dengue,28,2,124,22.58,26.7,69.1,4.2,1654000,698.8
2026-05-01,Sangrur,Dengue,31,6,124,25.0,27.7,71.7,4.5,1654000,639.8
2026-05-02,Sangrur,Dengue,24,5,106,22.64,25.3,74.1,2.3,1654000,875.3
2026-05-03,Sangrur,Dengue,27,4,128,21.09,28.6,73.3,3.7,1654000,651.4
2026-05-04,Sangrur,Dengue,29,5,94,30.85,24.8,70.6,7.7,1654000,1543.8
2026-05-05,Sangrur,Dengue,25,6,99,25.25,25.3,73.5,6.4,1654000,760.6
2026-05-06,Sangrur,Dengue,21,3,80,26.25,26.3,64.5,4.7,1654000,1087.9
2025-11-08,Sangrur,Influenza,19,3,89,21.35,26.9,57.2,0.0,1654000,604.1
2025-11-09,Sangrur,Influenza,19,3,43,44.19,28.4,56.4,0.0,1654000,1715.5
2025-11-10,Sangrur,Influenza,19,2,49,38.78,25.6,46.6,0.0,1654000,969.9
2025-11-11,Sangrur,Influenza,25,5,60,41.67,26.8,46.2,0.0,1654000,1392.4
2025-11-12,Sangrur,Influenza,16,1,50,32.0,24.0,47.3,0.0,1654000,1232.4
2025-11-13,Sangrur,Influenza,24,3,104,23.08,26.2,51.8,0.0,1654000,1725.9
2025-11-14,Sangrur,Influenza,24,2,101,23.76,25.8,54.5,0.0,1654000,1075.3
2025-11-15,Sangrur,Influenza,23,3,110,20.91,24.0,50.5,1.1,1654000,1346.4
2025-11-16,Sangrur,Influenza,25,6,118,21.19,26.8,49.8,0.0,1654000,1427.1
2025-11-17,Sangrur,Influenza,22,2,85,25.88,30.3,62.7,0.0,1654000,1321.4
2025-11-18,Sangrur,Influenza,18,4,77,23.38,29.7,54.0,0.0,1654000,802.9
2025-11-19,Sangrur,Influenza,25,3,99,25.25,26.1,46.4,0.0,1654000,1639.2
2025-11-20,Sangrur,Influenza,29,6,115,25.22,27.1,51.9,0.0,1654000,687.6
2025-11-21,Sangrur,Influenza,24,5,85,28.24,25.0,49.8,0.0,1654000,1272.9
2025-11-22,Sangrur,Influenza,22,3,81,27.16,28.5,55.3,0.0,1654000,863.2
2025-11-23,Sangrur,Influenza,24,2,116,20.69,27.8,55.9,0.0,1654000,2044.4
2025-11-24,Sangrur,Influenza,18,2,72,25.0,24.9,52.2,0.0,1654000,1027.1
2025-11-25,Sangrur,Influenza,24,4,111,21.62,27.0,45.7,0.0,1654000,1171.7
2025-11-26,Sangrur,Influenza,26,3,128,20.31,29.2,52.5,0.0,1654000,1146.9
2025-11-27,Sangrur,Influenza,22,5,54,40.74,28.2,62.9,0.0,1654000,690.2
2025-11-28,Sangrur,Influenza,19,4,57,33.33,31.5,54.9,0.0,1654000,757.5
2025-11-29,Sangrur,Influenza,21,4,85,24.71,31.6,60.6,0.0,1654000,1271.9
2025-11-30,Sangrur,Influenza,20,3,63,31.75,30.0,51.7,0.0,1654000,1132.5
2025-12-01,Sangrur,Influenza,24,4,116,20.69,28.9,60.9,0.0,1654000,1599.6
2025-12-02,Sangrur,Influenza,25,3,80,31.25,28.1,62.6,0.0,1654000,690.0
2025-12-03,Sangrur,Influenza,18,2,50,36.0,29.7,56.4,0.0,1654000,979.5
2025-12-04,Sangrur,Influenza,25,4,90,27.78,29.0,66.3,0.0,1654000,1424.2
2025-12-05,Sangrur,Influenza,20,2,74,27.03,30.9,53.6,0.0,1654000,1065.2
2025-12-06,Sangrur,Influenza,27,4,74,36.49,32.0,63.5,0.0,1654000,593.6
2025-12-07,Sangrur,Influenza,27,4,61,44.26,29.7,67.6,0.0,1654000,828.6
2025-12-08,Sangrur,Influenza,27,4,92,29.35,26.8,67.7,1.2,1654000,720.0
2025-12-09,Sangrur,Influenza,26,4,97,26.8,30.6,62.1,0.0,1654000,592.2
2025-12-10,Sangrur,Influenza,22,2,102,21.57,30.3,60.9,0.0,1654000,1466.1
2025-12-11,Sangrur,Influenza,31,3,127,24.41,32.6,69.0,0.0,1654000,1006.7
2025-12-12,Sangrur,Influenza,26,5,103,25.24,33.8,64.9,2.5,1654000,552.2
2025-12-13,Sangrur,Influenza,30,5,147,20.41,34.3,59.9,0.0,1654000,1898.9
2025-12-14,Sangrur,Influenza,22,4,62,35.48,30.5,51.6,0.0,1654000,736.2
2025-12-15,Sangrur,Influenza,26,2,75,34.67,32.0,65.2,0.0,1654000,1881.5
2025-12-16,Sangrur,Influenza,28,4,84,33.33,26.1,62.8,0.0,1654000,1345.3
2025-12-17,Sangrur,Influenza,26,5,105,24.76,33.9,68.9,0.0,1654000,1788.7
2025-12-18,Sangrur,Influenza,21,2,54,38.89,31.4,63.4,0.0,1654000,660.0
2025-12-19,Sangrur,Influenza,22,4,67,32.84,30.8,55.5,0.0,1654000,654.7
2025-12-20,Sangrur,Influenza,25,3,59,42.37,33.2,58.8,0.0,1654000,1409.7
2025-12-21,Sangrur,Influenza,29,4,102,28.43,29.9,55.6,0.9,1654000,580.1
2025-12-22,Sangrur,Influenza,32,7,71,45.07,31.0,64.2,0.0,1654000,763.4
2025-12-23,Sangrur,Influenza,21,4,50,42.0,32.8,63.9,0.0,1654000,938.6
2025-12-24,Sangrur,Influenza,25,4,118,21.19,33.0,63.6,0.0,1654000,610.4
2025-12-25,Sangrur,Influenza,29,6,93,31.18,33.1,68.5,0.0,1654000,753.5
2025-12-26,Sangrur,Influenza,29,6,113,25.66,28.9,57.1,0.0,1654000,713.7
2025-12-27,Sangrur,Influenza,29,3,103,28.16,30.3,69.3,0.0,1654000,819.7
2025-12-28,Sangrur,Influenza,27,3,134,20.15,31.5,61.3,0.0,1654000,1129.0
2025-12-29,Sangrur,Influenza,30,7,98,30.61,30.5,70.8,0.0,1654000,793.2
2025-12-30,Sangrur,Influenza,20,2,74,27.03,35.5,58.9,0.0,1654000,825.9
2025-12-31,Sangrur,Influenza,27,5,64,42.19,33.3,60.9,2.0,1654000,825.1
2026-01-01,Sangrur,Influenza,28,4,91,30.77,34.1,64.8,0.0,1654000,1158.5
2026-01-02,Sangrur,Influenza,21,2,63,33.33,34.1,74.6,3.9,1654000,644.8
2026-01-03,Sangrur,Influenza,27,6,90,30.0,35.0,68.4,1.9,1654000,809.5
2026-01-04,Sangrur,Influenza,31,6,69,44.93,32.4,71.8,0.5,1654000,665.4
2026-01-05,Sangrur,Influenza,27,6,115,23.48,35.4,66.2,0.0,1654000,557.2
2026-01-06,Sangrur,Influenza,31,3,89,34.83,36.3,63.2,4.6,1654000,590.6
2026-01-07,Sangrur,Influenza,30,4,141,21.28,34.6,69.4,3.0,1654000,827.0
2026-01-08,Sangrur,Influenza,29,3,122,23.77,32.4,71.6,2.7,1654000,1932.5
2026-01-09,Sangrur,Influenza,28,4,78,35.9,32.2,69.0,0.0,1654000,898.3
2026-01-10,Sangrur,Influenza,29,5,134,21.64,33.9,70.2,0.0,1654000,1173.0
2026-01-11,Sangrur,Influenza,26,4,109,23.85,34.9,76.0,0.1,1654000,1155.3
2026-01-12,Sangrur,Influenza,22,3,94,23.4,32.4,70.1,0.3,1654000,689.9
2026-01-13,Sangrur,Influenza,26,5,83,31.33,34.9,65.1,0.3,1654000,626.9
2026-01-14,Sangrur,Influenza,23,2,87,26.44,34.3,73.4,0.0,1654000,634.3
2026-01-15,Sangrur,Influenza,29,4,133,21.8,36.7,75.0,2.0,1654000,738.7
2026-01-16,Sangrur,Influenza,31,5,79,39.24,34.5,75.4,0.0,1654000,850.7
2026-01-17,Sangrur,Influenza,29,3,91,31.87,31.4,72.6,0.0,1654000,972.0
2026-01-18,Sangrur,Influenza,26,4,122,21.31,32.1,68.7,0.0,1654000,1278.5
2026-01-19,Sangrur,Influenza,23,5,75,30.67,32.8,75.4,0.0,1654000,713.2
2026-01-20,Sangrur,Influenza,30,3,87,34.48,32.4,75.0,0.6,1654000,1075.1
2026-01-21,Sangrur,Influenza,22,2,108,20.37,35.0,69.9,4.9,1654000,1407.5
2026-01-22,Sangrur,Influenza,25,3,100,25.0,37.2,78.7,0.0,1654000,958.4
2026-01-23,Sangrur,Influenza,29,4,64,45.31,33.4,74.5,0.8,1654000,1502.3
2026-01-24,Sangrur,Influenza,36,8,126,28.57,37.2,79.8,3.1,1654000,924.7
2026-01-25,Sangrur,Influenza,30,5,78,38.46,34.0,73.5,0.0,1654000,625.6
2026-01-26,Sangrur,Influenza,32,6,83,38.55,33.2,78.7,6.0,1654000,620.1
2026-01-27,Sangrur,Influenza,29,7,123,23.58,32.0,73.2,5.0,1654000,2036.0
2026-01-28,Sangrur,Influenza,27,6,103,26.21,34.4,71.3,0.0,1654000,648.1
2026-01-29,Sangrur,Influenza,20,3,69,28.99,32.4,66.8,0.0,1654000,625.7
2026-01-30,Sangrur,Influenza,34,7,75,45.33,34.8,80.5,4.3,1654000,1743.3
2026-01-31,Sangrur,Influenza,27,6,100,27.0,34.6,75.3,0.0,1654000,1027.2
2026-02-01,Sangrur,Influenza,26,5,94,27.66,35.2,72.7,3.1,1654000,1464.8
2026-02-02,Sangrur,Influenza,22,5,63,34.92,33.6,81.5,1.7,1654000,592.3
2026-02-03,Sangrur,Influenza,26,3,73,35.62,33.1,79.6,0.0,1654000,683.5
2026-02-04,Sangrur,Influenza,33,6,153,21.57,35.2,77.1,5.2,1654000,1139.3
2026-02-05,Sangrur,Influenza,28,5,81,34.57,37.1,72.6,3.0,1654000,659.6
2026-02-06,Sangrur,Influenza,26,4,118,22.03,35.1,77.1,1.5,1654000,1370.6
2026-02-07,Sangrur,Influenza,30,6,130,23.08,37.0,77.4,5.3,1654000,1523.6
2026-02-08,Sangrur,Influenza,28,5,135,20.74,35.4,77.3,2.7,1654000,924.1
2026-02-09,Sangrur,Influenza,34,3,85,40.0,35.8,73.4,1.7,1654000,558.4
2026-02-10,Sangrur,Influenza,31,6,113,27.43,34.4,77.8,2.8,1654000,1615.6
2026-02-11,Sangrur,Influenza,27,4,90,30.0,33.9,71.0,5.2,1654000,636.2
2026-02-12,Sangrur,Influenza,28,6,80,35.0,37.1,78.5,0.0,1654000,578.6
2026-02-13,Sangrur,Influenza,28,2,97,28.87,33.6,75.7,1.0,1654000,1299.1
2026-02-14,Sangrur,Influenza,24,4,96,25.0,30.1,75.8,3.7,1654000,992.6
2026-02-15,Sangrur,Influenza,32,4,72,44.44,34.9,72.9,2.9,1654000,575.0
2026-02-16,Sangrur,Influenza,27,3,97,27.84,33.2,84.2,5.0,1654000,698.0
2026-02-17,Sangrur,Influenza,27,4,120,22.5,33.9,78.3,4.1,1654000,817.8
2026-02-18,Sangrur,Influenza,32,5,142,22.54,30.8,78.0,8.2,1654000,1374.5
2026-02-19,Sangrur,Influenza,21,5,81,25.93,37.3,73.5,2.3,1654000,572.7
2026-02-20,Sangrur,Influenza,29,5,79,36.71,36.7,83.9,0.2,1654000,551.9
2026-02-21,Sangrur,Influenza,38,3,90,42.22,33.0,75.4,4.1,1654000,640.0
2026-02-22,Sangrur,Influenza,27,3,131,20.61,32.3,79.0,0.0,1654000,1036.0
2026-02-23,Sangrur,Influenza,27,4,99,27.27,33.3,83.4,6.8,1654000,836.8
2026-02-24,Sangrur,Influenza,28,6,65,43.08,38.0,73.5,2.5,1654000,908.3
2026-02-25,Sangrur,Influenza,25,2,99,25.25,37.9,82.8,8.4,1654000,631.8
2026-02-26,Sangrur,Influenza,26,3,94,27.66,34.9,84.3,1.1,1654000,1342.6
2026-02-27,Sangrur,Influenza,31,5,99,31.31,34.6,77.3,1.8,1654000,1342.1
2026-02-28,Sangrur,Influenza,26,5,65,40.0,36.0,69.4,6.3,1654000,595.0
2026-03-01,Sangrur,Influenza,29,3,83,34.94,32.0,87.7,10.3,1654000,911.8
2026-03-02,Sangrur,Influenza,28,6,98,28.57,35.8,73.6,3.8,1654000,569.5
2026-03-03,Sangrur,Influenza,17,3,70,24.29,35.4,79.5,9.4,1654000,764.6
2026-03-04,Sangrur,Influenza,29,5,127,22.83,36.8,78.0,7.2,1654000,597.3
2026-03-05,Sangrur,Influenza,21,4,61,34.43,35.7,84.8,5.2,1654000,1645.2
2026-03-06,Sangrur,Influenza,22,3,68,32.35,36.1,76.3,0.0,1654000,730.0
2026-03-07,Sangrur,Influenza,25,3,83,30.12,30.9,78.4,4.2,1654000,1172.2
2026-03-08,Sangrur,Influenza,30,3,85,35.29,37.9,83.3,3.7,1654000,980.9
2026-03-09,Sangrur,Influenza,27,3,80,33.75,34.6,76.2,4.8,1654000,586.8
2026-03-10,Sangrur,Influenza,55,12,129,42.64,37.1,76.7,8.4,1654000,848.7
2026-03-11,Sangrur,Influenza,52,5,122,42.62,35.2,86.8,3.4,1654000,1063.6
2026-03-12,Sangrur,Influenza,55,12,174,31.61,33.1,75.1,6.0,1654000,859.3
2026-03-13,Sangrur,Influenza,81,8,398,20.35,33.5,83.0,4.5,1654000,565.8
2026-03-14,Sangrur,Influenza,70,9,191,36.65,34.2,79.3,5.8,1654000,657.8
2026-03-15,Sangrur,Influenza,99,22,277,35.74,30.3,77.6,1.6,1654000,993.6
2026-03-16,Sangrur,Influenza,89,13,414,21.5,35.0,73.0,4.4,1654000,1720.2
2026-03-17,Sangrur,Influenza,99,24,208,47.6,32.2,81.6,4.8,1654000,911.6
2026-03-18,Sangrur,Influenza,123,12,531,23.16,29.7,74.2,6.8,1654000,1219.4
2026-03-19,Sangrur,Influenza,134,15,387,34.63,30.2,70.4,3.0,1654000,634.2
2026-03-20,Sangrur,Influenza,143,23,359,39.83,33.4,76.6,6.6,1654000,557.1
2026-03-21,Sangrur,Influenza,185,44,838,22.08,33.1,73.3,0.0,1654000,630.0
2026-03-22,Sangrur,Influenza,157,24,403,38.96,32.3,81.7,5.4,1654000,887.7
2026-03-23,Sangrur,Influenza,128,28,260,49.23,31.8,85.1,2.2,1654000,1279.5
2026-03-24,Sangrur,Influenza,158,37,765,20.65,30.7,87.4,7.3,1654000,1181.8
2026-03-25,Sangrur,Influenza,138,14,569,24.25,32.5,81.2,5.9,1654000,685.2
2026-03-26,Sangrur,Influenza,169,40,680,24.85,30.8,81.6,1.5,1654000,1638.1
2026-03-27,Sangrur,Influenza,146,20,580,25.17,32.9,73.8,10.0,1654000,1390.7
2026-03-28,Sangrur,Influenza,143,35,353,40.51,32.8,79.2,3.4,1654000,695.0
2026-03-29,Sangrur,Influenza,119,27,549,21.68,27.9,80.3,3.6,1654000,907.1
2026-03-30,Sangrur,Influenza,94,16,358,26.26,25.8,75.7,0.0,1654000,905.7
2026-03-31,Sangrur,Influenza,113,24,260,43.46,30.7,82.0,0.0,1654000,1361.2
2026-04-01,Sangrur,Influenza,91,16,233,39.06,30.1,81.0,5.9,1654000,1098.6
2026-04-02,Sangrur,Influenza,87,15,378,23.02,30.0,83.7,7.7,1654000,1104.7
2026-04-03,Sangrur,Influenza,60,11,237,25.32,34.8,79.1,3.4,1654000,877.3
2026-04-04,Sangrur,Influenza,64,9,203,31.53,30.6,85.3,6.0,1654000,729.0
2026-04-05,Sangrur,Influenza,42,4,167,25.15,28.5,78.1,7.9,1654000,594.6
2026-04-06,Sangrur,Influenza,39,9,101,38.61,30.8,78.3,4.5,1654000,579.5
2026-04-07,Sangrur,Influenza,23,3,83,27.71,28.4,77.9,0.0,1654000,887.4
2026-04-08,Sangrur,Influenza,30,6,134,22.39,28.4,77.2,4.7,1654000,1104.4
2026-04-09,Sangrur,Influenza,23,2,112,20.54,29.2,78.6,5.1,1654000,597.9
2026-04-10,Sangrur,Influenza,19,3,47,40.43,28.8,78.0,1.8,1654000,798.8
2026-04-11,Sangrur,Influenza,27,5,65,41.54,31.0,76.5,5.3,1654000,1280.9
2026-04-12,Sangrur,Influenza,20,4,60,33.33,30.2,79.7,5.9,1654000,1368.3
2026-04-13,Sangrur,Influenza,22,5,99,22.22,29.3,80.0,0.2,1654000,980.7
2026-04-14,Sangrur,Influenza,23,3,52,44.23,29.1,74.0,4.0,1654000,569.1
2026-04-15,Sangrur,Influenza,21,2,76,27.63,28.9,73.4,6.5,1654000,661.4
2026-04-16,Sangrur,Influenza,27,4,133,20.3,29.1,77.1,2.4,1654000,635.2
2026-04-17,Sangrur,Influenza,18,2,42,42.86,31.6,79.2,6.9,1654000,807.3
2026-04-18,Sangrur,Influenza,32,3,106,30.19,30.7,66.4,9.8,1654000,639.5
2026-04-19,Sangrur,Influenza,24,4,55,43.64,27.3,65.9,8.3,1654000,611.8
2026-04-20,Sangrur,Influenza,23,3,96,23.96,29.3,78.4,9.7,1654000,604.5
2026-04-21,Sangrur,Influenza,20,3,49,40.82,27.9,79.7,5.2,1654000,899.5
2026-04-22,Sangrur,Influenza,26,4,129,20.16,28.4,70.5,6.2,1654000,732.4
2026-04-23,Sangrur,Influenza,25,5,94,26.6,28.9,79.4,0.0,1654000,757.1
2026-04-24,Sangrur,Influenza,24,5,56,42.86,25.9,64.7,8.4,1654000,1234.1
2026-04-25,Sangrur,Influenza,26,4,107,24.3,28.8,70.8,4.1,1654000,571.0
2026-04-26,Sangrur,Influenza,21,3,104,20.19,30.3,77.8,7.2,1654000,2065.2
2026-04-27,Sangrur,Influenza,23,4,74,31.08,26.5,70.1,6.0,1654000,644.5
2026-04-28,Sangrur,Influenza,28,3,61,45.9,24.9,68.6,1.3,1654000,652.9
2026-04-29,Sangrur,Influenza,26,5,122,21.31,25.1,81.5,4.1,1654000,624.3
2026-04-30,Sangrur,Influenza,19,2,62,30.65,30.7,73.2,10.0,1654000,1311.7
2026-05-01,Sangrur,Influenza,18,3,45,40.0,26.6,69.9,4.1,1654000,1788.6
2026-05-02,Sangrur,Influenza,21,4,50,42.0,29.0,72.4,4.3,1654000,1253.9
2026-05-03,Sangrur,Influenza,16,2,75,21.33,27.3,72.0,4.2,1654000,1726.2
2026-05-04,Sangrur,Influenza,16,2,60,26.67,28.3,72.6,0.6,1654000,681.6
2026-05-05,Sangrur,Influenza,23,5,94,24.47,25.1,77.4,5.8,1654000,751.4
2026-05-06,Sangrur,Influenza,18,2,67,26.87,22.9,71.6,4.3,1654000,744.9
2025-11-08,Sangrur,Malaria,9,1,40,22.5,21.3,48.9,0.0,1654000,1660.8
2025-11-09,Sangrur,Malaria,8,0,25,32.0,22.2,42.1,0.0,1654000,1895.3
2025-11-10,Sangrur,Malaria,8,1,36,22.22,23.8,47.5,0.0,1654000,702.4
2025-11-11,Sangrur,Malaria,8,1,23,34.78,26.5,56.5,0.0,1654000,1871.8
2025-11-12,Sangrur,Malaria,7,1,16,43.75,26.0,46.6,1.8,1654000,734.4
2025-11-13,Sangrur,Malaria,8,1,30,26.67,27.2,63.4,0.0,1654000,2031.9
2025-11-14,Sangrur,Malaria,7,0,21,33.33,29.5,49.0,0.0,1654000,1926.2
2025-11-15,Sangrur,Malaria,9,1,39,23.08,25.9,47.0,0.0,1654000,1190.6
2025-11-16,Sangrur,Malaria,9,1,36,25.0,26.2,52.1,0.0,1654000,580.5
2025-11-17,Sangrur,Malaria,5,0,21,23.81,26.8,50.5,0.0,1654000,816.6
2025-11-18,Sangrur,Malaria,7,0,20,35.0,23.3,58.0,0.0,1654000,1292.5
2025-11-19,Sangrur,Malaria,9,1,30,30.0,23.8,49.0,0.0,1654000,645.5
2025-11-20,Sangrur,Malaria,6,0,27,22.22,29.2,52.8,0.0,1654000,1614.3
2025-11-21,Sangrur,Malaria,7,1,22,31.82,29.4,53.6,0.0,1654000,705.5
2025-11-22,Sangrur,Malaria,9,0,31,29.03,29.2,56.2,0.0,1654000,1086.8
2025-11-23,Sangrur,Malaria,9,1,28,32.14,26.9,51.0,0.0,1654000,1806.8
2025-11-24,Sangrur,Malaria,6,1,19,31.58,30.5,62.7,0.0,1654000,932.3
2025-11-25,Sangrur,Malaria,10,1,28,35.71,28.5,52.4,0.0,1654000,686.9
2025-11-26,Sangrur,Malaria,9,1,35,25.71,29.1,51.4,0.0,1654000,714.6
2025-11-27,Sangrur,Malaria,9,2,24,37.5,26.5,55.1,0.5,1654000,706.6
2025-11-28,Sangrur,Malaria,7,1,22,31.82,28.8,53.2,0.6,1654000,1055.7
2025-11-29,Sangrur,Malaria,7,0,24,29.17,28.4,68.2,0.0,1654000,565.9
2025-11-30,Sangrur,Malaria,10,1,34,29.41,30.9,52.5,0.0,1654000,1162.0
2025-12-01,Sangrur,Malaria,10,1,41,24.39,30.5,62.7,0.0,1654000,765.1
2025-12-02,Sangrur,Malaria,7,1,27,25.93,31.1,59.7,0.3,1654000,943.7
2025-12-03,Sangrur,Malaria,9,1,44,20.45,27.3,57.2,0.0,1654000,1212.5
2025-12-04,Sangrur,Malaria,7,1,29,24.14,26.8,55.9,7.0,1654000,592.7
2025-12-05,Sangrur,Malaria,8,1,23,34.78,30.5,56.7,0.0,1654000,1854.8
2025-12-06,Sangrur,Malaria,8,1,18,44.44,30.7,57.9,0.0,1654000,1084.8
2025-12-07,Sangrur,Malaria,9,2,23,39.13,28.8,57.1,0.0,1654000,777.9
2025-12-08,Sangrur,Malaria,9,1,37,24.32,24.2,64.7,0.0,1654000,794.5
2025-12-09,Sangrur,Malaria,10,1,31,32.26,32.4,57.2,0.0,1654000,603.9
2025-12-10,Sangrur,Malaria,8,1,26,30.77,32.2,69.9,0.0,1654000,764.2
2025-12-11,Sangrur,Malaria,10,2,47,21.28,27.4,68.9,0.0,1654000,1416.0
2025-12-12,Sangrur,Malaria,10,1,48,20.83,28.2,67.1,0.0,1654000,718.0
2025-12-13,Sangrur,Malaria,9,1,36,25.0,31.4,65.9,1.8,1654000,1217.9
2025-12-14,Sangrur,Malaria,10,1,20,50.0,31.8,67.4,0.0,1654000,664.0
2025-12-15,Sangrur,Malaria,10,2,36,27.78,28.5,56.4,0.0,1654000,564.0
2025-12-16,Sangrur,Malaria,8,1,25,32.0,30.6,59.8,2.5,1654000,590.0
2025-12-17,Sangrur,Malaria,10,2,37,27.03,31.9,60.6,0.0,1654000,1154.6
2025-12-18,Sangrur,Malaria,7,1,16,43.75,33.2,60.9,0.0,1654000,580.1
2025-12-19,Sangrur,Malaria,9,1,42,21.43,29.8,58.1,0.0,1654000,1227.0
2025-12-20,Sangrur,Malaria,10,1,38,26.32,29.1,60.8,0.0,1654000,978.7
2025-12-21,Sangrur,Malaria,9,1,18,50.0,30.4,54.6,0.0,1654000,1105.6
2025-12-22,Sangrur,Malaria,8,1,20,40.0,32.0,62.6,2.3,1654000,809.9
2025-12-23,Sangrur,Malaria,12,1,26,46.15,31.9,62.7,0.0,1654000,617.6
2025-12-24,Sangrur,Malaria,13,2,32,40.62,31.5,69.3,0.0,1654000,796.7
2025-12-25,Sangrur,Malaria,10,1,26,38.46,33.4,75.4,0.0,1654000,612.6
2025-12-26,Sangrur,Malaria,9,1,21,42.86,33.1,64.5,2.7,1654000,818.4
2025-12-27,Sangrur,Malaria,10,1,26,38.46,28.0,67.2,0.0,1654000,1526.3
2025-12-28,Sangrur,Malaria,10,1,34,29.41,32.4,71.1,0.0,1654000,1106.9
2025-12-29,Sangrur,Malaria,11,2,22,50.0,31.3,62.3,0.0,1654000,638.5
2025-12-30,Sangrur,Malaria,9,2,28,32.14,31.2,62.1,0.0,1654000,590.9
2025-12-31,Sangrur,Malaria,10,2,45,22.22,34.0,66.4,0.0,1654000,730.3
2026-01-01,Sangrur,Malaria,10,1,35,28.57,31.7,67.4,0.0,1654000,980.3
2026-01-02,Sangrur,Malaria,8,1,23,34.78,34.6,69.5,0.0,1654000,1740.4
2026-01-03,Sangrur,Malaria,10,1,22,45.45,33.7,72.5,1.8,1654000,742.7
2026-01-04,Sangrur,Malaria,12,2,53,22.64,31.8,66.8,0.0,1654000,886.4
2026-01-05,Sangrur,Malaria,6,0,12,50.0,32.4,70.1,1.3,1654000,891.7
2026-01-06,Sangrur,Malaria,9,2,44,20.45,33.1,68.4,3.2,1654000,888.3
2026-01-07,Sangrur,Malaria,10,1,47,21.28,36.2,70.9,0.0,1654000,1474.8
2026-01-08,Sangrur,Malaria,10,1,36,27.78,32.8,63.6,0.0,1654000,1850.6
2026-01-09,Sangrur,Malaria,9,1,27,33.33,32.3,68.5,2.5,1654000,876.3
2026-01-10,Sangrur,Malaria,6,1,23,26.09,30.5,75.3,4.3,1654000,1761.1
2026-01-11,Sangrur,Malaria,10,2,45,22.22,34.8,64.0,0.0,1654000,1158.4
2026-01-12,Sangrur,Malaria,10,1,47,21.28,35.1,77.1,0.0,1654000,906.5
2026-01-13,Sangrur,Malaria,9,2,42,21.43,35.4,72.3,0.0,1654000,1046.7
2026-01-14,Sangrur,Malaria,10,1,41,24.39,35.1,72.4,0.0,1654000,1737.5
2026-01-15,Sangrur,Malaria,8,1,20,40.0,33.5,75.2,0.0,1654000,1916.4
2026-01-16,Sangrur,Malaria,10,1,38,26.32,36.9,79.0,0.3,1654000,810.8
2026-01-17,Sangrur,Malaria,10,1,31,32.26,35.6,74.4,0.0,1654000,920.9
2026-01-18,Sangrur,Malaria,8,1,19,42.11,34.5,75.7,0.4,1654000,698.8
2026-01-19,Sangrur,Malaria,9,1,26,34.62,34.4,84.9,0.0,1654000,625.5
2026-01-20,Sangrur,Malaria,9,1,31,29.03,35.9,83.4,0.0,1654000,669.6
2026-01-21,Sangrur,Malaria,8,1,25,32.0,35.0,73.5,0.0,1654000,609.0
2026-01-22,Sangrur,Malaria,9,2,24,37.5,32.5,79.1,3.1,1654000,1104.3
2026-01-23,Sangrur,Malaria,10,1,21,47.62,36.4,77.2,0.0,1654000,1308.7
2026-01-24,Sangrur,Malaria,11,1,50,22.0,32.2,74.6,2.4,1654000,560.7
2026-01-25,Sangrur,Malaria,9,1,19,47.37,30.8,74.8,0.4,1654000,866.7
2026-01-26,Sangrur,Malaria,9,1,30,30.0,34.5,66.6,0.0,1654000,627.9
2026-01-27,Sangrur,Malaria,32,3,78,41.03,33.3,84.6,2.3,1654000,1688.3
2026-01-28,Sangrur,Malaria,36,3,118,30.51,33.5,66.2,5.3,1654000,970.5
2026-01-29,Sangrur,Malaria,49,5,154,31.82,30.0,77.8,0.0,1654000,603.1
2026-01-30,Sangrur,Malaria,42,9,110,38.18,37.2,74.2,0.0,1654000,1262.6
2026-01-31,Sangrur,Malaria,34,6,87,39.08,32.2,67.7,0.0,1654000,769.1
2026-02-01,Sangrur,Malaria,83,16,248,33.47,37.4,71.9,7.7,1654000,948.2
2026-02-02,Sangrur,Malaria,68,9,278,24.46,31.6,85.3,0.0,1654000,2043.4
2026-02-03,Sangrur,Malaria,83,18,325,25.54,34.3,70.2,4.3,1654000,1369.1
2026-02-04,Sangrur,Malaria,84,19,343,24.49,35.7,79.5,4.8,1654000,1620.2
2026-02-05,Sangrur,Malaria,114,20,289,39.45,33.4,78.5,1.6,1654000,826.0
2026-02-06,Sangrur,Malaria,83,18,349,23.78,34.7,74.1,2.1,1654000,1062.5
2026-02-07,Sangrur,Malaria,117,17,563,20.78,38.1,71.5,1.0,1654000,1553.5
2026-02-08,Sangrur,Malaria,141,17,350,40.29,35.3,84.2,0.0,1654000,729.4
2026-02-09,Sangrur,Malaria,92,15,258,35.66,35.5,78.5,0.1,1654000,1086.6
2026-02-10,Sangrur,Malaria,165,24,607,27.18,34.1,82.6,1.6,1654000,1610.7
2026-02-11,Sangrur,Malaria,180,18,445,40.45,34.9,76.8,2.2,1654000,942.5
2026-02-12,Sangrur,Malaria,158,27,740,21.35,33.1,80.5,2.1,1654000,782.8
2026-02-13,Sangrur,Malaria,166,26,705,23.55,32.5,77.2,2.1,1654000,698.4
2026-02-14,Sangrur,Malaria,175,17,769,22.76,38.3,87.6,0.0,1654000,738.9
2026-02-15,Sangrur,Malaria,188,26,782,24.04,33.6,77.1,0.0,1654000,1086.8
2026-02-16,Sangrur,Malaria,166,37,541,30.68,34.8,73.1,4.1,1654000,651.2
2026-02-17,Sangrur,Malaria,130,30,639,20.34,34.6,84.7,6.7,1654000,1149.8
2026-02-18,Sangrur,Malaria,165,38,667,24.74,34.8,81.9,4.4,1654000,935.1
2026-02-19,Sangrur,Malaria,132,28,653,20.21,32.7,72.2,6.8,1654000,907.1
2026-02-20,Sangrur,Malaria,107,19,452,23.67,36.1,81.3,5.1,1654000,709.9
2026-02-21,Sangrur,Malaria,112,17,320,35.0,33.6,84.0,5.4,1654000,1073.3
2026-02-22,Sangrur,Malaria,137,19,628,21.82,35.5,88.1,1.0,1654000,956.4
2026-02-23,Sangrur,Malaria,93,9,456,20.39,35.9,75.6,0.3,1654000,904.8
2026-02-24,Sangrur,Malaria,106,11,328,32.32,35.6,76.3,3.9,1654000,1239.1
2026-02-25,Sangrur,Malaria,66,12,311,21.22,35.2,90.8,7.8,1654000,782.8
2026-02-26,Sangrur,Malaria,65,14,216,30.09,37.1,79.8,1.9,1654000,972.8
2026-02-27,Sangrur,Malaria,69,8,273,25.27,34.9,84.2,5.5,1654000,571.2
2026-02-28,Sangrur,Malaria,58,7,191,30.37,37.9,79.0,0.0,1654000,888.0
2026-03-01,Sangrur,Malaria,42,7,205,20.49,35.5,79.8,3.2,1654000,866.2
2026-03-02,Sangrur,Malaria,42,5,114,36.84,35.7,83.9,0.8,1654000,1868.8
2026-03-03,Sangrur,Malaria,34,7,85,40.0,37.0,72.1,3.3,1654000,1506.7
2026-03-04,Sangrur,Malaria,36,3,138,26.09,33.8,79.6,5.0,1654000,1544.6
2026-03-05,Sangrur,Malaria,8,1,37,21.62,38.2,79.7,4.1,1654000,553.1
2026-03-06,Sangrur,Malaria,10,1,38,26.32,35.8,82.0,6.8,1654000,622.0
2026-03-07,Sangrur,Malaria,10,1,27,37.04,34.3,80.1,5.9,1654000,781.6
2026-03-08,Sangrur,Malaria,9,1,42,21.43,34.5,83.0,9.2,1654000,1198.7
2026-03-09,Sangrur,Malaria,10,1,48,20.83,33.6,74.8,4.9,1654000,570.1
2026-03-10,Sangrur,Malaria,10,2,36,27.78,36.8,79.1,6.9,1654000,1402.3
2026-03-11,Sangrur,Malaria,9,2,21,42.86,33.3,73.4,0.1,1654000,1057.5
2026-03-12,Sangrur,Malaria,7,0,32,21.88,30.4,85.5,3.2,1654000,859.6
2026-03-13,Sangrur,Malaria,10,2,43,23.26,31.5,83.8,0.1,1654000,1468.9
2026-03-14,Sangrur,Malaria,10,1,35,28.57,33.5,75.1,0.3,1654000,861.4
2026-03-15,Sangrur,Malaria,8,1,36,22.22,35.2,77.8,4.2,1654000,1277.0
2026-03-16,Sangrur,Malaria,11,2,48,22.92,34.2,86.7,5.3,1654000,811.8
2026-03-17,Sangrur,Malaria,10,1,49,20.41,35.7,79.7,5.4,1654000,1379.4
2026-03-18,Sangrur,Malaria,10,1,23,43.48,34.7,72.4,0.3,1654000,829.5
2026-03-19,Sangrur,Malaria,8,0,25,32.0,33.3,75.9,5.2,1654000,1050.8
2026-03-20,Sangrur,Malaria,10,1,40,25.0,34.1,86.1,7.5,1654000,766.5
2026-03-21,Sangrur,Malaria,10,1,24,41.67,30.4,72.9,9.7,1654000,913.4
2026-03-22,Sangrur,Malaria,11,1,27,40.74,34.1,78.1,3.6,1654000,1030.8
2026-03-23,Sangrur,Malaria,8,0,19,42.11,31.1,80.4,1.9,1654000,785.8
2026-03-24,Sangrur,Malaria,10,2,44,22.73,35.2,75.6,8.0,1654000,926.2
2026-03-25,Sangrur,Malaria,10,1,23,43.48,32.1,69.5,0.0,1654000,1264.2
2026-03-26,Sangrur,Malaria,8,1,23,34.78,30.5,82.0,3.6,1654000,1018.4
2026-03-27,Sangrur,Malaria,7,1,30,23.33,31.5,78.1,3.3,1654000,845.5
2026-03-28,Sangrur,Malaria,9,0,23,39.13,34.9,89.0,5.7,1654000,1159.7
2026-03-29,Sangrur,Malaria,9,1,25,36.0,31.0,84.5,6.5,1654000,695.4
2026-03-30,Sangrur,Malaria,10,1,36,27.78,30.1,77.1,2.4,1654000,763.8
2026-03-31,Sangrur,Malaria,9,1,34,26.47,32.4,79.1,1.5,1654000,667.4
2026-04-01,Sangrur,Malaria,8,1,30,26.67,30.3,79.0,3.9,1654000,1841.2
2026-04-02,Sangrur,Malaria,10,1,32,31.25,31.9,84.8,4.4,1654000,692.2
2026-04-03,Sangrur,Malaria,7,1,31,22.58,32.5,82.9,7.7,1654000,1795.4
2026-04-04,Sangrur,Malaria,9,0,20,45.0,30.3,75.8,4.1,1654000,814.8
2026-04-05,Sangrur,Malaria,6,0,28,21.43,27.3,82.4,5.9,1654000,1007.4
2026-04-06,Sangrur,Malaria,10,1,28,35.71,29.5,75.8,0.6,1654000,1119.6
2026-04-07,Sangrur,Malaria,10,1,39,25.64,28.1,79.8,2.3,1654000,828.7
2026-04-08,Sangrur,Malaria,9,1,26,34.62,27.6,83.2,4.9,1654000,1850.3
2026-04-09,Sangrur,Malaria,9,2,22,40.91,27.8,81.6,10.1,1654000,557.3
2026-04-10,Sangrur,Malaria,11,2,54,20.37,32.1,78.7,11.8,1654000,1606.3
2026-04-11,Sangrur,Malaria,8,1,39,20.51,28.5,81.1,3.0,1654000,988.3
2026-04-12,Sangrur,Malaria,7,1,22,31.82,28.0,78.5,0.3,1654000,1209.3
2026-04-13,Sangrur,Malaria,9,1,24,37.5,29.3,75.0,3.4,1654000,693.6
2026-04-14,Sangrur,Malaria,12,1,53,22.64,29.6,79.2,9.2,1654000,831.3
2026-04-15,Sangrur,Malaria,10,2,36,27.78,28.1,74.2,1.1,1654000,1489.7
2026-04-16,Sangrur,Malaria,9,2,19,47.37,27.1,70.1,5.8,1654000,797.8
2026-04-17,Sangrur,Malaria,11,1,23,47.83,29.5,71.9,5.2,1654000,577.7
2026-04-18,Sangrur,Malaria,10,2,22,45.45,27.2,68.5,6.9,1654000,702.3
2026-04-19,Sangrur,Malaria,11,1,42,26.19,29.0,70.7,2.9,1654000,1672.7
2026-04-20,Sangrur,Malaria,6,1,14,42.86,28.4,69.3,3.5,1654000,598.2
2026-04-21,Sangrur,Malaria,11,2,47,23.4,27.4,75.1,3.0,1654000,577.2
2026-04-22,Sangrur,Malaria,9,1,21,42.86,27.2,74.8,2.5,1654000,1500.5
2026-04-23,Sangrur,Malaria,5,0,17,29.41,27.4,71.8,1.5,1654000,614.5
2026-04-24,Sangrur,Malaria,7,1,23,30.43,26.7,68.9,8.6,1654000,592.5
2026-04-25,Sangrur,Malaria,8,1,18,44.44,27.6,70.1,5.9,1654000,582.3
2026-04-26,Sangrur,Malaria,10,1,49,20.41,30.7,75.1,5.6,1654000,634.9
2026-04-27,Sangrur,Malaria,9,2,21,42.86,25.2,76.4,6.4,1654000,696.8
2026-04-28,Sangrur,Malaria,9,0,32,28.12,26.9,75.1,10.2,1654000,1213.7
2026-04-29,Sangrur,Malaria,8,1,20,40.0,27.6,69.3,11.2,1654000,1237.8
2026-04-30,Sangrur,Malaria,8,1,31,25.81,27.6,70.7,6.1,1654000,843.3
2026-05-01,Sangrur,Malaria,6,0,21,28.57,28.3,67.1,4.7,1654000,1143.4
2026-05-02,Sangrur,Malaria,7,1,21,33.33,26.3,68.7,3.4,1654000,610.9
2026-05-03,Sangrur,Malaria,7,1,17,41.18,28.4,72.8,3.4,1654000,1529.0
2026-05-04,Sangrur,Malaria,7,1,16,43.75,28.4,78.0,2.3,1654000,584.2
2026-05-05,Sangrur,Malaria,7,0,29,24.14,25.4,73.8,1.2,1654000,591.3
2026-05-06,Sangrur,Malaria,5,0,11,45.45,26.9,76.3,5.6,1654000,1553.6
